id,RT1_J,T1_Ja,RT1_I,RT1_T,mean_confidence_interval_inf,T1_I,T1_J,technique,T1_T,SCR,T1_Ia,U1_T,T1_Ta,U1_J,U1_I,VEC,baseline,runs,cost_std,cost_mean,correct_result,OMP,mean_confidence_interval_sup
1,1,1024,1,8,inf,16,128,RS,1,False,1024,1,8,27,23,False,False,1,inf,inf,False,False,inf
2,1,128,2,32,2.7205413083679173,4,8,RS,1024,False,256,30,1024,1,28,False,False,10,0.0025164635900406054,2.722101,True,True,2.7236606916320825
3,4,64,2,4,1.4861923477790417,32,2,RS,8,True,1024,8,1024,29,1,False,False,10,0.010786876100150614,1.492878,True,True,1.499563652220958
4,2,1024,4,4,1.790611658935798,8,256,RS,16,False,8,1,256,20,16,False,False,10,0.004271317010009901,1.7932590000000002,True,True,1.7959063410642022
5,2,512,4,16,inf,128,8,RS,1,False,128,17,32,8,1,True,False,1,inf,inf,False,False,inf
6,2,1024,8,4,1.1571721395910997,1,8,RS,1,True,1,1,1,3,9,False,False,10,3.527038417709618e-05,1.157194,True,False,1.1572158604089005
7,16,8,4,2,1.4390352826513704,1,1,RS,16,True,4,1,16,1,20,False,False,10,0.05707163740423082,1.474408,True,True,1.5097807173486295
8,16,128,2,4,1.166859323021298,8,1,RS,16,True,16,29,512,8,1,False,False,10,2.6907248094125642e-05,1.1668759999999998,True,False,1.1668926769787016
9,4,1,16,1,2.915363577913434,8,64,RS,2,False,16,17,1024,18,1,True,False,10,0.0038567945239537577,2.917754,True,True,2.9201444220865658
10,1,256,16,2,1.7151020946580546,512,64,RS,8,False,1,1,2048,12,21,False,False,10,5.793099343183794e-05,1.715138,True,False,1.7151739053419455
11,8,2048,2,2,2.153238337592597,1,2,RS,16,True,1,1,128,12,8,False,False,10,0.0009255679337573855,2.1538120000000003,True,False,2.1543856624074036
12,16,1024,1,4,5.603235436319019,16,4,RS,8,True,512,1,32,6,14,False,False,10,0.0004655792091578062,5.603523999999999,True,False,5.60381256368098
13,8,512,1,2,1.0969598569617283,32,512,RS,2,True,128,14,512,22,1,False,False,10,7.283543093851148e-05,1.0970049999999998,True,False,1.0970501430382713
14,1,64,2,2,1.7119906330792647,1024,64,RS,4,False,2048,1,32,6,18,False,False,10,0.03877631421370523,1.736024,True,True,1.7600573669207353
15,8,32,1,1,1.301171181062605,1024,16,RS,4,False,2048,12,512,1,6,True,False,10,0.0023278969049337463,1.3026140000000002,True,True,1.3040568189373953
16,1,1,1,1,1.5896926492064176,16,2,RS,64,True,64,8,512,3,1,False,False,10,2.154065922854513e-05,1.589706,True,False,1.5897193507935825
17,2,32,16,2,4.07877703505011,2,4,RS,4,False,128,1,1024,23,22,False,False,10,4.9959983987034486e-05,4.0788079999999995,True,False,4.078838964949889
18,2,256,2,4,0.9148315755801794,128,1,RS,2,True,1024,2,2,1,2,False,False,10,3.1340070197773235e-05,0.914851,True,False,0.9148704244198206
19,1,64,8,2,1.107923037918215,256,2,RS,32,True,256,28,256,15,1,True,False,10,3.0594117081552467e-05,1.107942,True,False,1.107960962081785
20,8,512,2,4,1.9018454198325083,128,32,RS,64,False,1,6,64,6,1,False,False,10,0.7431821104709129,2.362466,True,True,2.823086580167492
21,4,1024,2,2,1.9874205134302358,64,16,RS,16,False,512,25,2048,1,16,True,False,10,2.821347195937651e-05,1.9874380000000003,True,False,1.9874554865697647
22,8,4,1,1,1.1468358667787253,512,4,RS,512,False,2048,1,2048,13,22,True,False,10,2.1189620100422826e-05,1.146849,True,False,1.1468621332212747
23,8,1,2,8,2.917228415149345,1,2,RS,4,False,128,24,8,1,30,False,False,10,4.1279534881108523e-05,2.917254,True,False,2.9172795848506548
24,2,1024,8,2,2.4514488974678272,64,8,RS,8,False,256,9,8,1,26,True,False,10,8.890444308356447e-05,2.4515040000000003,True,False,2.4515591025321735
25,16,2048,2,4,1.7362918130534621,2048,8,RS,4,True,2048,2,8,1,17,False,False,10,0.05880845287031445,1.772741,True,True,1.8091901869465377
26,1,256,2,1,2.9760706695044097,2,4,RS,64,False,1,1,64,6,25,True,False,10,5.216320542303643e-05,2.976103,True,False,2.9761353304955906
27,2,2048,1,4,2.35497230185647,1,4,RS,128,False,256,1,256,30,9,False,False,10,0.00024152846623115914,2.355122,True,False,2.35527169814353
28,16,2048,4,2,2.539596034640848,4,128,RS,4,False,64,26,512,1,29,True,False,10,0.0019925383308735086,2.540831,True,True,2.5420659653591517
29,4,1024,1,2,0.5918887293818607,128,512,RS,4,True,2048,24,512,1,8,False,False,10,0.00011531331232777855,0.5919602,True,False,0.5920316706181394
30,2,256,2,2,2.7967777902565305,64,16,RS,8,False,2048,21,1,1,18,True,False,10,2.615339366125916e-05,2.796794,True,False,2.796810209743469
31,1,2048,16,2,0.7490319003582088,64,64,RS,1,True,128,21,16,12,1,True,False,10,8.82544049892201e-05,0.7490866,True,False,0.7491412996417913
32,1,512,1,1,1.3270200308730908,1,512,RS,1024,False,2048,3,1024,1,9,False,False,10,0.00494029310871326,1.3300819999999998,True,True,1.3331439691269087
33,2,4,8,4,1.168762841700154,8,1,RS,1024,True,2048,1,2048,25,17,True,False,10,0.00010190191362283281,1.168826,True,False,1.1688891582998457
34,1,1,4,2,1.162965818527046,1,8,RS,256,True,2048,15,1,10,1,False,False,10,0.006844490923363129,1.167208,True,True,1.171450181472954
35,1,16,8,4,1.1250452986732298,1,4,RS,1,True,32,24,16,17,1,True,False,10,1.565247584250177e-05,1.1250550000000001,True,False,1.1250647013267705
36,4,512,2,8,1.080401955374974,4,256,RS,128,True,128,1,512,9,13,False,False,10,0.002236295150466539,1.081788,True,True,1.083174044625026
37,4,512,8,2,1.0756745981091362,2,8,RS,1,True,256,7,2048,1,22,False,False,10,0.0035276208696513765,1.077861,True,True,1.0800474018908637
38,1,32,8,2,7.127443274499968,1,4,RS,2,False,1,1,32,7,12,False,False,10,0.00045938654747398845,7.127728,True,False,7.1280127255000325
39,8,256,8,4,2.7786040281642026,2,4,RS,512,False,2048,5,1,1,9,True,False,10,0.0014391400209847326,2.7794959999999995,True,True,2.7803879718357964
40,1,1,2,16,inf,1,16,RS,16,False,16,18,64,8,1,False,False,1,inf,inf,False,False,inf
41,16,2048,2,1,2.687801558064646,2,64,RS,16,False,256,1,512,28,6,True,False,10,0.003689029140573448,2.6900880000000003,True,True,2.6923744419353546
42,2,2048,4,4,2.7424042114426346,2,2048,RS,4,False,512,1,256,26,6,True,False,10,3.354101966247826e-05,2.742425,True,False,2.742445788557365
43,2,256,4,2,1.7638991035268954,8,256,RS,32,False,16,15,1024,1,25,False,False,10,0.00026282313444595364,1.7640619999999998,True,False,1.7642248964731042
44,1,128,4,4,0.7017190245468201,2,64,RS,1024,True,128,1,1024,30,21,False,False,10,1.8998947339268446e-05,0.7017308,True,False,0.7017425754531799
45,8,128,2,4,1.3608533073105626,64,1,RS,2,True,256,1,1024,6,8,False,False,10,0.0018839981422495986,1.362021,True,True,1.3631886926894372
46,16,1,1,2,8.780820690440164,2,512,RS,8,True,1,23,16,1,25,True,False,10,0.00012150720143269202,8.780896000000002,True,False,8.78097130955984
47,2,1024,2,1,0.4979681793624577,1,1024,RS,128,True,64,23,1,19,1,False,False,10,0.0745340285574314,0.544164,True,True,0.5903598206375423
48,4,16,4,16,1.8618991017300028,256,8,RS,4,False,1024,18,1024,1,16,True,False,10,0.0027055690713785148,1.8635760000000001,True,True,1.8652528982699974
49,2,512,1,2,0.7396726181483558,1,64,RS,2,True,2048,1,512,20,8,False,False,10,0.0037576645991892195,0.7420016,True,True,0.7443305818516442
50,4,2048,8,8,7.524826705105501,128,32,RS,8,True,256,9,16,1,23,False,False,10,0.00010696261028974807,7.524893000000001,True,False,7.524959294894502
51,1,128,8,4,0.5945299880203132,16,128,RS,1,True,256,11,64,24,1,False,False,10,3.277209178553257e-05,0.5945503000000001,True,False,0.594570611979687
52,2,64,8,4,1.1447571954068703,8,64,RS,4,True,2048,1,2048,19,13,True,False,10,0.004051024068059815,1.147268,True,True,1.1497788045931296
53,4,512,8,4,1.1796895051241922,32,512,RS,1024,True,512,11,2048,1,7,True,False,10,2.5000000000003908e-05,1.1797049999999998,True,False,1.1797204948758073
54,4,128,16,2,2.3612807897252486,8,4,RS,4,False,2048,22,256,1,20,True,False,10,0.0018428838813121047,2.362423,True,True,2.3635652102747517
55,4,8,8,2,4.727339463454712,8,8,RS,4,True,128,24,32,1,4,True,False,10,5.08822169329607e-05,4.727371,True,False,4.727402536545288
56,8,1,4,8,2.8006659021926477,2,2,RS,8,True,2,1,8,21,26,False,False,10,2.7586228448234057e-05,2.800683,True,False,2.800700097807352
57,1,1024,2,8,0.1542380791599898,2,512,RS,4,False,128,17,16,11,1,True,False,10,0.012197453103004742,0.161798,True,True,0.1693579208400102
58,4,16,16,1,0.26586264263402787,8,16,RS,32,False,16,21,32,16,1,True,False,10,0.00728104797676818,0.2703754,True,True,0.2748881573659721
59,4,256,4,1,0.27698964575570345,16,2,RS,16,False,256,10,32,10,1,True,False,10,0.6005992866063778,0.6492381,True,True,1.0214865542442966
60,8,8,2,1,3.028739233334061,256,2,RS,4,False,256,23,128,1,26,True,False,10,0.0010306095283859724,3.0293780000000003,True,False,3.03001676666594
61,1,1,1,32,1.8561358134150916,8,8,RS,128,False,32,1,512,3,10,False,False,10,0.001787988814282661,1.8572440000000001,True,True,1.8583521865849086
62,2,1,1,1,1.073673505609832,2048,128,RS,2,True,2048,3,512,14,1,True,False,10,0.0029275716899847025,1.075488,True,True,1.077302494390168
63,4,8,16,2,1.93876188532916,512,4,RS,8,False,1,1,2048,24,10,False,False,10,2.6000000000038813e-05,1.938778,True,False,1.9387941146708398
64,2,512,16,4,1.4480319604830563,16,8,RS,8,True,1,1,128,20,1,True,False,10,0.3413145128484871,1.659577,True,True,1.871122039516944
65,4,1024,1,1,1.0814213324691713,1,512,RS,128,False,2,15,256,21,1,False,False,10,3.979949748426889e-05,1.0814460000000001,True,False,1.081470667530829
66,4,1,4,1,2.8996780506858806,2,1,RS,1,False,8,23,8,1,17,True,False,10,3.2186953878915735e-05,2.899698,True,False,2.899717949314119
67,2,512,4,8,0.1204697162351016,256,32,RS,4,True,1,26,1,1,20,True,False,10,0.008752544764238566,0.12589449999999996,True,True,0.13131928376489832
68,2,16,4,8,1.72830762695479,512,4,RS,1,False,1,18,1,1,13,True,False,10,5.868560300442662e-05,1.7283439999999999,True,False,1.7283803730452099
69,32,32,1,2,3.1351270045049278,32,1,RS,16,False,2048,2,1,18,1,False,False,10,0.03341587850109578,3.1558379999999997,True,True,3.1765489954950716
70,1,128,8,2,0.6863697443413496,8,64,RS,4,True,1,16,1024,16,1,False,False,10,7.31784804433608e-05,0.6864151,True,False,0.6864604556586503
71,8,1024,8,4,1.899290869623359,512,64,RS,2,False,512,1,32,28,14,True,False,10,4.054626986541292e-05,1.899316,True,False,1.899341130376641
72,1,512,1,4,3.7366448039657696,2,32,RS,8,False,2,11,128,1,26,True,False,10,9.228217596044781e-05,3.736702,True,False,3.736759196034231
73,4,1,2,16,0.623705092959213,4,16,RS,2,True,64,2,256,1,15,False,False,10,2.5987689393242783e-05,0.6237212,True,False,0.623737307040787
74,1,256,8,8,1.577561452178851,128,8,RS,256,False,512,30,256,1,27,True,False,10,0.0027324320668591084,1.579255,True,True,1.5809485478211491
75,4,1,4,1,1.1961081200026646,1,2048,RS,256,True,32,1,1,30,25,False,False,10,0.0028749504343553527,1.19789,True,True,1.1996718799973352
76,2,2048,8,2,1.0756555774660108,2,16,RS,8,True,2,9,1024,19,1,True,False,10,2.165640782767939e-05,1.075669,True,False,1.0756824225339892
77,2,1,2,4,1.073572526865581,1,2048,RS,8,True,4,17,512,1,12,True,False,10,2.012461179754168e-05,1.073585,True,False,1.0735974731344191
78,4,1,16,2,1.8083523198828397,1,256,RS,64,False,32,1,1,2,22,True,False,10,2.368543856462826e-05,1.808367,True,False,1.8083816801171604
79,4,4,8,4,4.2702118608022674,2,1,RS,2,False,512,30,256,12,1,False,False,10,0.0018556766959791195,4.271361999999999,True,True,4.2725121391977305
80,2,1,16,2,2.92058929091185,8,512,RS,8,False,256,27,64,1,23,False,False,10,0.016575978432659726,2.930863,True,True,2.94113670908815
81,1,128,2,8,1.7699830395989018,4,64,RS,32,False,1024,1,1024,27,17,False,False,10,0.005821215422916421,1.7735910000000001,True,True,1.7771989604010985
82,8,128,2,2,1.6295302713653468,16,2,RS,16,True,1024,30,1024,1,21,False,False,10,2.5377155080907793e-05,1.629546,True,False,1.629561728634653
83,1,1024,16,2,1.3533572114316086,1,1024,RS,64,True,32,9,1024,1,27,True,False,10,7.710382610478882e-05,1.353405,True,False,1.3534527885683914
84,4,2048,1,4,1.075225929522709,4,256,RS,8,True,256,11,1,1,26,False,False,10,1.6248076809274504e-05,1.0752359999999999,True,False,1.0752460704772908
85,1,128,1,32,2.730730033573416,8,2,RS,128,True,2048,1,2048,16,16,False,False,10,4.512205669076937e-05,2.7307580000000002,True,False,2.7307859664265846
86,1,512,8,4,inf,4,32,RS,256,False,1024,1,1,20,17,True,False,1,inf,inf,False,False,inf
87,8,32,1,8,2.0464441731804155,1,2,RS,64,False,16,17,512,1,9,True,False,10,0.0015583003561572457,2.04741,True,True,2.048375826819585
88,1,1,8,4,inf,1,1,RS,1,True,1,1,4,15,17,True,False,1,inf,inf,False,False,inf
89,4,256,2,16,inf,8,128,RS,2048,False,16,26,1,1,12,True,False,1,inf,inf,False,False,inf
90,4,16,4,8,1.4642733867462943,1,2,RS,16,False,8,27,512,1,4,True,False,10,0.005314036224942419,1.467567,True,True,1.4708606132537059
91,2,128,1,8,2.7964671459804054,256,8,RS,16,False,1,25,1,7,1,False,False,10,0.0002627546383986018,2.79663,True,False,2.7967928540195945
92,1,2048,1,32,0.28805462297184614,2,32,RS,2,True,128,30,16,1,16,False,False,10,0.015431193426303752,0.2976188,True,True,0.3071829770281539
93,1,4,2,4,1.6494213846823031,1,2,RS,8,True,128,29,8,11,1,True,False,10,0.133533847488193,1.732185,True,True,1.814948615317697
94,2,2048,1,4,1.8318611547584742,8,4,RS,2048,True,256,1,2048,8,20,False,False,10,0.0035896467792806367,1.8340860000000003,True,True,1.8363108452415264
95,1,256,4,4,7.965626230134802,8,128,RS,4,True,512,1,8,25,11,True,False,10,0.00015451860729372721,7.965722000000001,True,False,7.9658177698652
96,1,512,32,2,0.72520125193673,1,16,RS,2048,True,64,18,1,8,1,True,False,10,0.0030936809159963397,0.7271187,True,True,0.72903614806327
97,4,512,4,8,1.578856579018368,256,16,RS,512,False,1024,13,2048,1,22,False,False,10,0.0029000248274799337,1.580654,True,True,1.582451420981632
98,8,2048,8,2,1.3395218100973347,64,32,RS,256,True,256,27,1,11,1,False,False,10,0.0035159847838123195,1.341701,True,True,1.3438801899026653
99,1,4,4,8,1.1812157492422086,16,4,RS,128,True,2048,27,128,11,1,False,False,10,0.0719935598578095,1.225837,True,True,1.2704582507577915
100,1,32,4,16,1.4414286567513055,1,4,RS,512,False,256,15,1024,1,10,False,False,10,0.009447225201084191,1.447284,True,True,1.4531393432486945
101,4,64,4,1,1.6214118055380113,128,1,RS,4,False,1,5,128,10,1,False,False,10,2.4515301344255567e-05,1.621427,True,False,1.6214421944619886
102,32,128,1,2,0.9370163687926657,16,64,RS,64,True,1024,25,1024,1,10,False,False,10,0.004044774605586831,0.9395233000000001,True,True,0.9420302312073344
103,4,256,4,8,1.163377767381548,512,256,RS,16,True,1024,13,128,1,3,True,False,10,0.1653744016587815,1.265876,True,True,1.368374232618452
104,1,2048,8,8,1.475777385448675,512,512,RS,32,True,1024,17,128,1,25,False,False,10,2.357965224506368e-05,1.475792,True,False,1.475806614551325
105,2,256,8,2,2.470697560194468,256,128,RS,128,False,1024,10,512,27,1,False,False,10,0.008069506118716381,2.4756989999999996,True,True,2.4807004398055312
106,2,64,1,1,0.08712506605067727,512,32,RS,8,True,2048,13,8,1,1,False,False,10,0.018670436751155556,0.09869691,True,True,0.11026875394932273
107,1,1024,2,1,1.8847223560279185,2,64,RS,16,True,2,22,512,1,15,False,False,10,0.00306172827011154,1.88662,True,True,1.8885176439720814
108,1,512,4,16,1.6475355212133596,1,4,RS,1024,False,2048,1,1,12,17,False,False,10,0.00435221104727241,1.650233,True,True,1.6529304787866406
109,16,2048,2,1,1.6175126055780173,2,256,RS,16,True,4,17,2048,8,1,True,False,10,0.003432416058696873,1.61964,True,True,1.6217673944219826
110,1,64,2,4,1.712062004051054,2,8,RS,2,False,128,7,1024,4,1,False,False,10,5.000999900020523e-05,1.7120929999999999,True,False,1.7121239959489458
111,4,2048,1,2,1.07522023674854,2,8,RS,8,True,1024,14,512,1,19,False,False,10,0.0032684406067725585,1.0772460000000001,True,True,1.0792717632514603
112,2,1024,1,32,1.0752188235150393,4,32,RS,4,True,8,26,8,29,1,True,False,10,4.7074409183752586e-05,1.075248,True,False,1.0752771764849607
113,16,1,2,4,1.1910946133542335,1024,512,RS,128,True,2048,1,512,15,8,True,False,10,0.0014494899102787957,1.1919929999999999,True,True,1.1928913866457662
114,4,512,1,2,1.0750138545474057,8,16,RS,16,True,256,9,1,5,1,True,False,10,1.9595917942264627e-05,1.0750259999999998,True,False,1.075038145452594
115,4,256,16,2,1.2829600511241614,256,32,RS,2,True,1024,24,512,16,1,True,False,10,0.0014810523285826258,1.283878,True,True,1.2847959488758387
116,4,2048,2,16,1.69249925841413,2,4,RS,32,False,2,1,1024,26,29,True,False,10,0.004998009703872174,1.695597,True,True,1.69869474158587
117,2,2048,1,32,1.03685450451465,4,2,RS,16,True,8,5,256,1,30,True,False,10,1.8547236991019535e-05,1.036866,True,False,1.0368774954853501
118,4,2048,2,4,inf,1024,1,RS,128,True,1,1,128,17,9,True,False,1,inf,inf,False,True,inf
119,8,2048,2,8,0.42399405653809447,256,1,RS,4,True,1024,20,64,28,1,True,False,10,0.05968770566674516,0.46098819999999996,True,True,0.49798234346190545
120,4,128,2,4,1.7929145191571616,8,32,RS,4,False,128,27,2048,1,3,False,False,10,0.00013953135848260268,1.7930009999999998,True,False,1.793087480842838
121,2,2,2,16,0.5420959196831353,1,2,RS,1,False,2,30,1,1,21,False,False,10,0.020488677151295057,0.5547947,True,True,0.5674934803168646
122,4,2048,1,2,1.078245243180573,16,64,RS,256,True,16,23,512,6,1,True,False,10,0.003123220933587633,1.080181,True,True,1.0821167568194272
123,1,512,2,4,2.747376480432185,2,4,RS,1,False,32,10,1,1,17,True,False,10,3.794733192199999e-05,2.7474,True,False,2.7474235195678145
124,8,128,4,4,inf,8,8,RS,2,False,32,9,64,18,1,False,False,1,inf,inf,False,False,inf
125,1,16,8,1,3.0786958590813716,4,8,RS,2,True,128,25,32,26,1,True,False,10,9.542012366370951e-05,3.078755,True,False,3.0788141409186287
126,16,1024,4,4,1.1837238482071588,256,128,RS,1,True,512,1,1024,4,5,True,False,10,5.348831648123465e-05,1.1837570000000002,True,False,1.1837901517928415
127,1,1,1,32,2.7110508186085998,32,8,RS,64,False,64,26,64,23,1,True,False,10,0.002741521475385502,2.7127499999999998,True,True,2.7144491813914
128,2,4,1,1,1.236854464830075,2048,1,RS,1,False,1,25,256,1,6,True,False,10,0.0024565139934468105,1.238377,True,True,1.2398995351699251
129,2,128,2,8,2.7141426812912877,256,64,RS,128,False,2048,1,2048,12,13,True,False,10,0.0018721006917364325,2.715303,True,True,2.7164633187087124
130,2,8,16,4,1.4751966124992482,16,4,RS,2,True,2048,9,256,1,3,False,False,10,0.00011840608092491356,1.47527,True,False,1.475343387500752
131,2,16,1,32,0.872702674257106,4,16,RS,1,False,64,1,64,26,26,True,False,10,0.0024719877750506787,0.8742348,True,True,0.8757669257428939
132,2,2048,2,16,2.9104582337512888,64,256,RS,2,False,2048,1,1,22,26,True,False,10,4.318564576338364e-05,2.910485,True,False,2.910511766248711
133,4,128,8,1,inf,4,8,RS,8,False,16,17,1,26,1,False,False,1,inf,inf,False,False,inf
134,2,64,2,16,3.612492816947629,256,2,RS,8,False,1024,3,16,13,1,False,False,10,0.000489166638273733,3.6127960000000003,True,False,3.6130991830523715
135,4,128,2,4,1.2673534878182209,4,8,RS,4,True,64,17,2048,15,1,False,False,10,1.857417562100287e-05,1.2673649999999999,True,False,1.2673765121817788
136,4,1024,2,2,1.9973201191814824,2,1,RS,16,False,4,1,256,27,3,False,False,10,4.337049688441362e-05,1.997347,True,False,1.9973738808185175
137,8,512,1,1,0.18710265949449661,64,4,RS,32,True,1,20,1,1,14,False,False,10,0.20766565363863135,0.3158128,True,True,0.4445229405055034
138,16,2,1,1,2.044359827018786,64,2,RS,1,False,512,15,1024,8,1,False,False,10,0.0023542831180637944,2.0458190000000003,True,True,2.0472781729812146
139,1,128,4,2,3.569820644378949,2,128,RS,4,False,64,1,64,11,30,True,False,10,3.606937759371076e-05,3.5698429999999997,True,False,3.5698653556210505
140,2,256,16,2,inf,2048,4,RS,8,False,2048,29,16,1,3,True,False,1,inf,inf,False,False,inf
141,32,2048,2,1,1.6718175874496701,4,16,RS,128,False,1024,30,2048,19,1,True,False,10,3.132091952673338e-05,1.671837,True,False,1.67185641255033
142,32,256,1,2,1.2095777006275745,16,8,RS,1,False,1,20,1024,1,3,True,False,10,0.005087648671046402,1.212731,True,True,1.2158842993724255
143,1,1,8,8,inf,64,128,RS,8,False,512,1,32,23,29,False,False,1,inf,inf,False,False,inf
144,2,128,8,2,2.9140169843662607,4,2,RS,32,False,128,17,1024,1,5,True,False,10,0.002752548092222945,2.915723,True,True,2.917429015633739
145,8,512,4,1,inf,16,256,RS,32,False,1024,1,128,3,25,True,False,1,inf,inf,False,True,inf
146,1,64,16,2,1.129143219627845,128,64,RS,2,True,2048,1,128,27,27,True,False,10,4.482186966200157e-05,1.1291710000000001,True,False,1.1291987803721553
147,2,64,1,1,1.2972212734430915,8,1,RS,128,False,256,26,128,13,1,False,False,10,0.10276256381095211,1.360913,True,True,1.4246047265569086
148,16,2048,1,1,1.3485559804349498,16,64,RS,256,False,512,2,512,1,14,False,False,10,0.003575407109686945,1.3507720000000003,True,True,1.3529880195650508
149,1,64,4,8,1.658955364875171,2048,1,RS,4,False,2048,10,4,1,22,False,False,10,3.00665927567301e-05,1.658974,True,False,1.658992635124829
150,16,128,2,4,1.3651984239851758,256,32,RS,4,True,512,13,1,1,23,False,False,10,0.04535624609687185,1.39331,True,True,1.4214215760148243
151,4,1,8,8,1.1119986217869284,8,1,RS,16,True,128,1,256,25,9,True,False,10,0.003400121174311282,1.114106,True,True,1.1162133782130716
152,4,128,2,16,1.1501741972099482,2,32,RS,2,True,8,9,256,1,25,False,False,10,0.002597314767216306,1.1517840000000001,True,True,1.153393802790052
153,16,512,1,1,0.5834126485673955,512,256,RS,1024,True,512,3,1,1,4,True,False,10,6.397507327075234e-05,0.5834523,True,False,0.5834919514326046
154,8,256,8,4,0.553050855585986,64,32,RS,2,False,2048,2,64,1,10,False,False,10,0.45927609867343405,0.8377079000000001,True,True,1.1223649444140142
155,4,64,1,4,1.9779962222760004,256,1,RS,8,False,512,14,128,10,1,False,False,10,0.008870315890654616,1.9834940000000003,True,True,1.9889917777240003
156,1,512,32,1,1.716561173835308,1,8,RS,8,True,1024,1,1024,27,8,False,False,10,0.007821660245753493,1.721409,True,True,1.726256826164692
157,1,2048,2,32,0.8263082552577482,1,16,RS,32,True,128,1,2048,8,8,True,False,10,6.67071210591503e-05,0.8263496,True,False,0.8263909447422518
158,16,1024,1,1,1.6813755041059997,2,2,RS,256,True,64,23,2048,1,23,True,False,10,0.0023096278921073085,1.682807,True,True,1.6842384958940002
159,2,32,2,16,inf,16,8,RS,32,False,32,1,1,21,12,False,False,1,inf,inf,False,False,inf
160,2,256,1,16,1.2451185839352732,4,128,RS,16,True,4,25,1024,1,5,False,False,10,2.3259406699215147e-05,1.2451329999999998,True,False,1.2451474160647265
161,4,512,8,4,1.8129996314567864,256,4,RS,64,False,2048,1,512,4,15,False,False,10,3.286335345026851e-05,1.8130199999999999,True,False,1.8130403685432133
162,1,1,1,2,1.8294536017648069,2,16,RS,1,False,16,1,8,16,22,False,False,10,2.6457513110659777e-05,1.82947,True,False,1.829486398235193
163,4,1,1,2,2.447687875021589,64,256,RS,4,False,2048,16,8,9,1,False,False,10,0.032619049725582064,2.4679050000000005,True,True,2.488122124978412
164,8,256,1,2,2.023895055180323,32,32,RS,1,False,1024,13,1024,10,1,True,False,10,0.005272621833585236,2.027163,True,True,2.0304309448196767
165,16,1,2,1,0.6175678292783456,128,32,RS,64,True,256,4,256,6,1,True,False,10,5.8681854094765333e-05,0.6176042,True,False,0.6176405707216545
166,8,4,1,8,3.255309972081024,8,4,RS,4,False,2048,1,2048,6,16,True,False,10,0.013009184486354294,3.263373,True,True,3.271436027918976
167,4,4,4,16,1.11942786713445,64,1,RS,16,True,2048,17,16,2,1,True,False,10,0.05239495506248668,1.151902,True,True,1.18437613286555
168,2,1,2,2,3.839765687378837,64,128,RS,16,False,256,14,128,19,1,False,False,10,3.5999999999961986e-05,3.839788,True,False,3.839810312621163
169,4,256,1,16,0.7786334963117871,256,16,RS,16,True,1024,1,128,21,22,False,False,10,7.680553365480972e-05,0.7786810999999999,True,False,0.7787287036882127
170,1,128,4,2,1.1646638047292583,4,1,RS,512,True,1024,8,1,1,4,False,False,10,0.004325938626471691,1.1673449999999999,True,True,1.1700261952707414
171,16,2048,2,1,2.8184076999361545,1,16,RS,16,False,512,1,32,2,14,False,False,10,0.0008426980479388527,2.81893,True,False,2.8194523000638454
172,16,32,4,4,1.7354090491322554,2,16,RS,2,True,1,1,16,4,4,False,False,10,0.0007211268959066752,1.7358559999999996,True,False,1.7363029508677439
173,4,1024,8,8,1.1106809401082838,128,32,RS,16,True,512,7,2048,1,20,False,False,10,2.1071307505717066e-05,1.110694,True,False,1.1107070598917164
174,8,128,4,8,inf,128,1,RS,128,False,2048,1,128,30,9,False,False,1,inf,inf,False,False,inf
175,2,1024,16,2,1.2019178055380115,512,256,RS,2048,True,1024,1,2048,18,21,False,False,10,2.4515301344248323e-05,1.2019330000000001,True,False,1.2019481944619888
176,4,128,4,4,1.085805483509637,2,16,RS,128,True,2048,19,256,1,23,True,False,10,6.375735251719925e-05,1.085845,True,False,1.085884516490363
177,1,512,2,4,0.8677119506439647,256,16,RS,16,True,2048,2,1024,3,1,False,False,10,2.299043279278097e-05,0.8677262000000001,True,False,0.8677404493560356
178,1,1024,1,16,1.9936357643267975,1024,512,RS,4,False,1,10,512,1,25,True,False,10,4.716990566030018e-05,1.993665,True,False,1.9936942356732026
179,4,1,16,4,1.6950083292865403,1,256,RS,2,True,128,1,512,29,5,False,False,10,0.004052421498314298,1.6975199999999997,True,True,1.700031670713459
180,4,128,16,4,1.7597275725024266,128,16,RS,16,False,1024,12,256,1,7,True,False,10,0.0035534771703220384,1.76193,True,True,1.7641324274975734
181,4,8,4,1,1.2889805201274582,2,1,RS,64,False,128,18,256,3,1,True,False,10,2.9816103031710405e-05,1.288999,True,False,1.2890174798725418
182,1,2048,16,1,3.370345855636708,4,4,RS,32,True,32,1,512,17,13,False,False,10,0.007178412428942735,3.374795,True,True,3.3792441443632923
183,2,4,4,4,1.0873821178684804,8,2,RS,4,True,16,5,512,1,16,False,False,10,0.0029007688635945936,1.08918,True,True,1.0909778821315197
184,1,128,1,32,1.9872097065461949,4,64,RS,2,False,512,15,1,2,1,False,False,10,3.1128764832534556e-05,1.987229,True,False,1.987248293453805
185,4,2048,1,1,2.213311997162221,1,2,RS,32,True,512,1,512,16,27,False,False,10,0.0014601647167357995,2.214217,True,True,2.2151220028377794
186,1,1024,1,1,3.0766913582533215,1,8,RS,128,True,1,1,1,30,1,True,False,10,4.459820624198182e-05,3.076719,True,False,3.076746641746679
187,4,1024,8,1,0.11856124092809132,4,1024,RS,2,False,32,1,1,6,5,False,False,10,0.015172369221713531,0.127965,True,True,0.13736875907190868
188,2,8,1,8,2.7639907160993666,128,1,RS,16,False,2048,10,64,27,1,True,False,10,0.06811329826839982,2.8062069999999997,True,True,2.8484232839006327
189,2,512,2,16,2.708074794292842,4,16,RS,16,False,1024,1,512,12,27,True,False,10,0.0039693859726662685,2.710535,True,True,2.7129952057071582
190,8,8,4,2,2.028740796353295,16,1,RS,256,False,256,19,2048,4,1,False,False,10,3.0983866769618656e-05,2.02876,True,False,2.0287792036467054
191,1,1,1,16,0.8732785256865052,16,1,RS,512,True,1,1,1024,16,4,True,False,10,2.2062638101555278e-05,0.8732922000000001,True,False,0.8733058743134949
192,8,1024,4,4,0.5434340920413302,8,64,RS,2,True,1024,1,64,22,25,True,False,10,0.09157657773994396,0.6001928,True,True,0.6569515079586697
193,4,4,1,8,3.0358437643788614,1,4,RS,2,False,4,21,512,22,1,True,False,10,0.004661598545563586,3.0387329999999997,True,True,3.041622235621138
194,1,1,4,2,0.8935217133523997,16,512,RS,2,True,256,29,8,17,1,True,False,10,0.03494524079527854,0.9151806,True,True,0.9368394866476003
195,2,4,2,16,1.242475603071406,8,1,RS,512,True,16,19,512,22,1,False,False,10,0.0004830579675360024,1.242775,True,False,1.243074396928594
196,1,1024,8,2,0.939248221521062,16,1024,RS,2,False,1024,1,32,2,6,False,False,10,0.7843331313440737,1.4253740000000001,True,True,1.9114997784789383
197,2,128,2,16,1.0700888674305056,32,64,RS,512,True,1024,5,1024,13,1,True,False,10,0.0033948845341189022,1.072193,True,True,1.0742971325694943
198,1,512,4,16,0.9548385580446079,4,256,RS,1,False,512,19,2048,2,1,False,False,10,2.346252330845717e-05,0.9548530999999999,True,False,0.9548676419553919
199,4,2048,2,16,1.6929888284666677,16,32,RS,128,False,1,12,1024,8,1,True,False,10,0.0017460151774827278,1.6940709999999999,True,True,1.6951531715333321
200,2,1024,1,2,2.8680023194815494,2,4,RS,32,False,4,16,1024,21,1,True,False,10,0.002945619798955725,2.869828,True,True,2.8716536805184507
201,2,16,16,4,2.8435668093933906,64,1,RS,1,False,128,23,1024,30,1,False,False,10,3.741657386769968e-05,2.84359,True,False,2.843613190606609
202,4,2048,4,1,1.2762605657383554,4,1024,RS,2,True,2048,25,2,1,22,False,False,10,4.103656905733979e-05,1.276286,True,False,1.2763114342616446
203,8,1,4,1,1.7701617215428727,32,64,RS,32,False,64,1,64,16,24,True,False,10,0.0001440451318163577,1.770251,True,False,1.7703402784571274
204,2,512,1,8,0.20687174373007625,128,2,RS,2,True,512,9,4,6,1,False,False,10,0.006905599507645947,0.21115180000000003,True,True,0.2154318562699238
205,32,16,2,1,inf,16,4,RS,128,False,32,30,1,28,1,False,False,1,inf,inf,False,True,inf
206,2,128,4,8,1.1570064550624966,2,64,RS,512,True,1024,9,1024,1,8,False,False,10,0.003923143637441783,1.1594380000000002,True,True,1.1618695449375038
207,4,128,16,4,1.7461743289620517,64,64,RS,128,False,512,1,2048,1,19,False,False,10,0.0033005605584506483,1.7482199999999999,True,True,1.750265671037948
208,2,1,1,1,inf,1,2,RS,2,True,4,15,16,16,1,True,False,1,inf,inf,False,True,inf
209,8,2048,1,4,0.5978299966855695,256,8,RS,1,True,1,1,1024,17,13,True,False,10,3.324214192857419e-05,0.5978506,True,False,0.5978712033144306
210,1,32,4,16,1.079287857316436,1024,2,RS,8,True,2048,28,256,1,17,False,False,10,2.7658633371887257e-05,1.0793050000000002,True,False,1.0793221426835644
211,1,8,16,1,0.5049133489231025,2048,2,RS,256,True,1,7,2048,1,24,True,False,10,1.73461811359131e-05,0.5049241,True,False,0.5049348510768975
212,2,16,1,4,inf,128,4,RS,8,False,1024,26,64,1,9,False,False,1,inf,inf,False,False,inf
213,8,2048,2,4,1.3374601089565021,32,16,RS,64,True,128,21,64,30,1,False,False,10,3.047950130823091e-05,1.337479,True,False,1.337497891043498
214,2,1024,8,8,0.16877946630277033,1024,128,RS,2,False,2048,10,1,1,26,False,False,10,0.024364238030564384,0.1838803,True,True,0.19898113369722967
215,4,1,16,1,0.49648758598634124,32,1024,RS,1024,True,2048,12,1,3,1,True,False,10,0.0043496863852466455,0.4991834999999999,True,True,0.5018794140136585
216,2,1,1,1,1.3981092648351376,1,1024,RS,8,True,512,17,64,1,2,True,False,10,1.7320508075750966e-05,1.39812,True,False,1.3981307351648624
217,1,4,8,8,2.780316576402593,4,4,RS,64,True,256,1,128,26,24,False,False,10,0.1653230798194856,2.8827830000000008,True,True,2.9852494235974083
218,16,512,1,4,2.452764265534128,64,32,RS,1,False,256,26,512,23,1,True,False,10,2.7000000000002537e-05,2.4527810000000003,True,False,2.4527977344658725
219,4,2048,1,2,1.9712941013717618,16,8,RS,1,False,256,1,512,25,14,False,False,10,6.43739077577073e-05,1.971334,True,False,1.971373898628238
220,1,2048,1,2,3.056227894821061,4,64,RS,4,True,512,11,8,1,23,False,False,10,0.046121868825970205,3.084814,True,True,3.1134001051789393
221,8,2,4,2,1.1306099403569916,4,2,RS,2,True,512,27,32,28,1,False,False,10,0.6081156511396496,1.5075170000000002,True,True,1.8844240596430089
222,16,64,4,4,1.8412636847977808,512,2,RS,2,False,1024,12,256,6,1,False,False,10,0.0028191823282646927,1.843011,True,True,1.8447583152022191
223,2,128,1,32,2.842205785971015,4,2,RS,32,False,128,4,256,19,1,False,False,10,0.005202064974603825,2.84543,True,True,2.848654214028985
224,2,2048,8,8,inf,256,256,RS,16,False,1,19,2048,28,1,True,False,1,inf,inf,False,False,inf
225,1,4,8,8,0.8618626328893971,512,4,RS,1,False,512,1,64,11,27,True,False,10,0.11629516752109693,0.9339417999999998,True,True,1.0060209671106024
226,2,2048,1,1,1.0750659021926476,1,32,RS,32,True,4,1,1024,25,6,True,False,10,2.7586228448304893e-05,1.075083,True,False,1.0751000978073524
227,4,2048,2,16,0.359574877938812,512,1,RS,8,True,2048,20,64,12,1,False,False,10,0.017024373399629127,0.3701265,True,True,0.38067812206118806
228,2,256,4,2,11.430023098640433,4,2,RS,16,False,64,22,32,15,1,False,False,10,0.0008662563131085577,11.43056,True,False,11.431096901359567
229,2,4,2,8,1.074633237237341,16,4,RS,2,True,16,1,2,1,21,True,False,10,7.22218803410413e-05,1.074678,True,False,1.074722762762659
230,4,1024,16,1,inf,8,512,RS,1,False,1,22,64,25,1,False,False,1,inf,inf,False,False,inf
231,4,2048,8,1,0.843262260304533,8,256,RS,32,True,256,11,1024,1,26,True,False,10,0.002179494228026303,0.8446131000000001,True,True,0.8459639396954672
232,4,256,4,16,1.094781210422934,512,2,RS,8,True,1024,11,128,24,1,True,False,10,0.00012712198865656523,1.09486,True,False,1.094938789577066
233,1,128,4,4,inf,4,8,RS,8,False,1,1,2048,21,14,False,False,1,inf,inf,False,False,inf
234,16,128,2,1,3.0360840620793077,8,2,RS,4,False,8,23,512,26,1,True,False,10,4.346262762425936e-05,3.036111,True,False,3.0361379379206923
235,2,1,16,2,1.0569886036915603,8,8,RS,4,True,256,14,16,1,15,True,False,10,0.08184059836658089,1.107713,True,True,1.1584373963084396
236,4,1024,2,4,1.0761323639488252,1,4,RS,256,True,32,24,512,23,1,True,False,10,0.008035940579670811,1.0811129999999998,True,True,1.0860936360511744
237,16,16,1,4,1.2674220998936778,64,1,RS,1024,True,1,15,2048,16,1,True,False,10,0.004602973495470063,1.2702749999999998,True,True,1.2731279001063218
238,4,4,8,2,1.5480362087559154,128,1,RS,8,True,1,1,8,27,5,True,False,10,0.061318321805150525,1.5860410000000003,True,True,1.624045791244085
239,16,2048,1,1,0.4726918039444486,256,16,RS,1024,True,1024,20,1024,25,1,True,False,10,0.003403699522578338,0.47480140000000004,True,True,0.4769109960555515
240,1,1,1,32,1.7604124343826701,1,1024,RS,4,False,2048,27,128,18,1,False,False,10,3.318132004610479e-05,1.7604330000000001,True,False,1.7604535656173301
241,16,512,1,2,1.3186398088099403,2,128,RS,4,True,1024,11,512,12,1,True,False,10,3.419064199459122e-05,1.3186609999999999,True,False,1.3186821911900595
242,1,256,8,1,0.4692323684205541,1024,32,RS,64,True,1024,7,1024,1,19,False,False,10,0.001676411596237625,0.47027139999999995,True,True,0.4713104315794458
243,1,1,1,2,13.724520832794829,8,256,RS,4,False,64,12,8,1,4,False,False,10,0.0001599999999999824,13.724619999999998,True,False,13.724719167205167
244,8,1,2,8,1.4955099529129647,4,2048,RS,1,False,8,1,128,10,9,True,False,10,6.300000000000529e-05,1.495549,True,False,1.4955880470870353
245,2,512,8,8,1.0775606013808194,64,32,RS,128,True,256,2,512,1,15,False,False,10,0.0018415743264935222,1.0787019999999998,True,True,1.0798433986191802
246,2,1,8,4,2.2895399086421233,1,64,RS,1,False,2048,7,2048,1,26,False,False,10,9.6953597148293e-05,2.2896,True,False,2.289660091357877
247,4,2048,1,2,1.569710538619405,8,2,RS,1,False,128,21,256,1,3,True,False,10,0.0027903763187068276,1.5714399999999997,True,True,1.5731694613805944
248,1,1,2,16,0.7967887054095885,8,512,RS,128,True,1,1,512,30,9,False,False,10,3.387344092353257e-05,0.7968097,True,False,0.7968306945904114
249,2,2048,2,1,0.08890667361176177,512,1,RS,2,True,1024,12,2,2,1,True,False,10,0.015145065544225947,0.09829351,True,True,0.10768034638823823
250,2,1024,1,32,1.0742721750644366,16,64,RS,2,True,512,27,256,1,26,True,False,10,1.90787840283289e-05,1.0742839999999998,True,False,1.074295824935563
251,2,2048,2,8,2.7220758906653564,256,512,RS,128,False,1024,11,2048,19,1,True,False,10,0.0031302434410121925,2.7240159999999998,True,True,2.725956109334643
252,1,32,4,2,1.7073056455728282,4,32,RS,2,False,256,14,16,1,14,False,False,10,0.21414233336731908,1.8400299999999998,True,True,1.9727543544271715
253,1,4,16,1,inf,256,4,RS,64,False,512,30,128,25,1,True,False,1,inf,inf,False,False,inf
254,1,1,8,8,1.0906061826628917,32,512,RS,2,True,512,12,1024,1,12,True,False,10,0.0045737980934886235,1.0934409999999999,True,True,1.096275817337108
255,4,1,8,2,3.1270235765498353,2,512,RS,16,False,64,3,128,1,25,True,False,10,0.00022979120957950202,3.127166,True,False,3.1273084234501645
256,1,8,1,2,3.030948174517992,8,2,RS,32,False,8,27,512,22,1,False,False,10,3.3600595232753566e-05,3.030969,True,False,3.0309898254820076
257,2,2048,8,4,1.2441089533402667,8,128,RS,2,True,1,1,4,26,19,False,False,10,9.526804291052291e-05,1.244168,True,False,1.2442270466597332
258,4,64,8,1,0.49398392659260126,64,32,RS,1,True,2048,18,512,10,1,False,False,10,0.0022284357495786166,0.4953651,True,True,0.49674627340739874
259,8,2048,1,2,0.8241000475445085,2,4,RS,1,False,512,1,32,29,21,False,False,10,0.029177472410920047,0.8421841000000001,True,True,0.8602681524554917
260,2,512,16,1,1.9498872386342754,2048,2,RS,128,True,2048,1,2048,26,29,False,False,10,6.899275324264277e-05,1.9499300000000002,True,False,1.949972761365725
261,4,16,8,1,1.8035228279937396,1,16,RS,16,False,1,1,128,23,2,True,False,10,3.899999999999929e-05,1.8035469999999996,True,False,1.8035711720062595
262,2,2048,2,16,1.074184567228153,32,1,RS,1,True,1024,1,2048,14,24,False,False,10,2.4899799195997907e-05,1.0742,True,False,1.0742154327718472
263,2,1,2,32,0.08360566685608248,256,256,RS,16,True,512,8,16,1,9,False,False,10,0.00826760925279491,0.08872988999999999,True,True,0.0938541131439175
264,2,1,2,2,1.4607579690638945,1024,8,RS,64,True,1,1,128,13,22,True,False,10,8.072174428247982e-05,1.4608079999999999,True,False,1.4608580309361052
265,1,64,2,2,1.0061549119167943,32,8,RS,32,True,2048,17,1024,6,1,True,False,10,0.002718782815893914,1.0078400000000003,True,True,1.0095250880832063
266,1,1,2,2,1.6027919254094702,8,2048,RS,128,False,128,1,1024,16,11,True,False,10,2.10950231097514e-05,1.602805,True,False,1.6028180745905298
267,1,16,1,2,1.791770328759352,512,16,RS,1,False,1,1,1024,23,29,True,False,10,0.006446762288156772,1.795766,True,True,1.799761671240648
268,1,1024,32,1,0.24453923746609146,4,128,RS,4,False,32,12,16,1,6,True,False,10,0.007710553142284927,0.2493182,True,True,0.2540971625339085
269,4,16,16,1,0.5346519309102894,256,1,RS,1024,True,1,24,1,10,1,True,False,10,0.00012386206037362464,0.5347287,True,False,0.5348054690897105
270,4,512,2,2,0.131327048810797,1024,512,RS,1,False,1024,25,2,2,1,False,False,10,0.023414758803797234,0.1458394,True,True,0.16035175118920303
271,1,2048,8,4,1.849497452525187,64,8,RS,1,False,512,21,512,15,1,True,False,10,0.009403991918329177,1.8553259999999998,True,True,1.8611545474748126
272,1,256,2,1,0.17015845651648723,1024,128,RS,8,False,1,28,8,1,22,True,False,10,0.027872833086896642,0.1874339,True,True,0.20470934348351275
273,4,64,2,8,1.7323334888002289,8,16,RS,1,False,16,9,256,26,1,True,False,10,0.00742263322547999,1.7369340000000002,True,True,1.7415345111997715
274,32,128,1,1,0.28607478024299676,2,4,RS,16,False,8,16,32,1,28,False,False,10,0.009677102016616335,0.2920726,True,True,0.29807041975700327
275,2,256,16,1,3.158841467837527,2,8,RS,16,False,8,29,32,4,1,False,False,10,0.00019931131427993528,3.158965,True,False,3.1590885321624724
276,8,1024,1,4,1.0911129406574351,1,128,RS,2048,True,4,13,2048,15,1,True,False,10,2.9137604568665017e-05,1.091131,True,False,1.091149059342565
277,4,1024,2,2,4.171004675856859,2,2,RS,2,False,1,13,2,20,1,False,False,10,0.0031015481618057506,4.172927,True,False,4.17484932414314
278,2,1024,2,16,inf,4,32,RS,4,False,512,29,128,1,19,False,False,1,inf,inf,False,True,inf
279,1,128,1,8,inf,16,128,RS,32,False,128,1,1,17,3,False,False,1,inf,inf,False,False,inf
280,2,2048,1,1,1.1875643609003657,256,2,RS,256,True,256,1,1024,7,12,False,False,10,0.0002285257097133477,1.187706,True,False,1.1878476390996342
281,2,128,32,2,2.913002317959918,2,16,RS,512,False,32,18,512,1,17,False,False,10,0.0001963262590689447,2.913124,True,False,2.9132456820400816
282,2,2,1,32,inf,1,2,RS,2048,False,256,24,1,17,1,True,False,1,inf,inf,False,False,inf
283,16,128,1,1,3.1733669990697213,4,16,RS,2,False,64,1,2,4,29,True,False,10,2.0976176963413426e-05,3.17338,True,False,3.1733930009302784
284,1,512,16,2,3.7966835656523155,1,2,RS,64,False,32,11,128,1,26,False,False,10,0.00015397727105004595,3.796779,True,False,3.7968744343476843
285,4,256,8,1,1.7007535267350746,32,32,RS,16,True,1024,1,2048,14,2,False,False,10,0.003053385661851423,1.702646,True,True,1.7045384732649256
286,8,16,2,4,1.922978500352167,512,8,RS,8,False,1,2,256,1,16,False,False,10,0.003547139833725192,1.9251769999999997,True,True,1.9273754996478323
287,4,128,4,1,1.742143965510373,16,16,RS,1,False,256,1,256,20,21,True,False,10,6.94334213473385e-05,1.742187,True,False,1.7422300344896269
288,4,64,1,2,1.9447719159893277,128,2,RS,1,True,2048,1,256,24,30,True,False,10,4.8538644398027684e-05,1.9448020000000004,True,False,1.944832084010673
289,1,64,16,4,2.4265094542640986,32,8,RS,128,False,32,15,128,1,17,True,False,10,0.09305099707149833,2.4841819999999997,True,True,2.5418545457359008
290,8,1,2,2,1.977105020618663,64,16,RS,8,False,1,1,8,30,9,True,False,10,9.677293009931099e-05,1.977165,True,False,1.9772249793813372
291,4,4,8,1,0.1362455839471867,16,4,RS,1,False,256,6,8,8,1,False,False,10,0.032672278733048295,0.1564957,True,True,0.17674581605281328
292,1,64,16,1,0.13555296033438616,2,16,RS,2,True,64,20,4,1,5,True,False,10,0.011118417067640522,0.1424441,True,True,0.14933523966561382
293,1,4,1,16,inf,32,1,RS,16,False,128,15,1024,1,17,True,False,1,inf,inf,False,False,inf
294,2,128,16,4,4.313203627771967,512,16,RS,8,True,1,1,32,23,18,False,False,10,9.902019995935353e-05,4.313265,True,False,4.313326372228033
295,4,1024,4,8,inf,2,8,RS,128,False,2048,17,1,29,1,True,False,1,inf,inf,False,False,inf
296,1,512,16,2,2.643448377656895,1,512,RS,8,True,16,1,32,20,24,False,False,10,4.2953463189846816e-05,2.643475,True,False,2.643501622343105
297,4,512,4,2,3.028341366078114,2,2,RS,16,False,1024,1,512,21,16,False,False,10,7.362744053676892e-05,3.0283870000000004,True,False,3.0284326339218866
298,2,2048,8,2,2.3647309020836067,2048,32,RS,16,False,2048,8,16,1,3,True,False,10,1.9519221295877623e-05,2.3647430000000003,True,False,2.364755097916394
299,4,1,2,4,1.7997772696942222,32,16,RS,1024,False,256,7,1,7,1,True,False,10,0.005733718601396464,1.803331,True,True,1.8068847303057778
300,2,64,8,8,1.30619282799374,32,32,RS,4,True,2048,15,16,28,1,True,False,10,3.900000000003459e-05,1.306217,True,False,1.3062411720062599
301,1,1,1,1,2.8969981161110074,1,1,RS,1,False,1,1,1,1,1,False,True,10,4.4988887516810515e-05,2.8970259999999994,True,False,2.8970538838889914
