id,SCREP,correct_result,T1_Ja,technique,mean_confidence_interval_inf,T1_I,T1_J,T1_Ia,U_K,U_J,U_I,T1_K,T1_Ka,runs,cost_mean,OMP,PAR,VEC,cost_std,mean_confidence_interval_sup,baseline
1,True,True,512,RS,1.6980475617757276,16,64,2048,7,1,9,2,1,10,1.698686,False,True,True,0.0010300796085739843,1.6993244382242723,False
2,True,True,256,RS,2.5300726672103124,1,16,4,6,1,20,1,2,10,2.530298,False,False,True,0.00036356017383646174,2.530523332789688,False
3,False,True,64,RS,1.5434793621751406,8,16,16,1,4,17,64,256,10,1.54376,False,False,True,0.0004527913426734589,1.5440406378248595,False
4,False,True,32,RS,2.7335920868332826,32,16,512,1,19,3,4,4,10,2.7339100000000003,False,False,False,0.000512932744129342,2.734227913166718,False
5,True,True,32,RS,0.3609053615493482,4,2,8,1,1,8,2,128,10,0.3708436,True,False,True,0.016034717822275515,0.3807818384506518,False
6,True,True,256,RS,1.2085263345556816,4,64,1024,7,7,1,16,512,10,1.21007,True,False,True,0.002490606351874971,1.2116136654443184,False
7,False,True,256,RS,1.3707616395802882,4,32,1024,11,1,3,1,8,10,1.3736609999999998,True,True,True,0.004677934266318847,1.3765603604197114,False
8,False,True,512,RS,1.4148060836811012,64,2,512,2,1,30,64,256,10,1.4159320000000002,False,True,False,0.0018165946163082166,1.4170579163188992,False
9,True,True,512,RS,1.282327594673558,1,512,1024,3,18,1,1024,1,10,1.2826720000000003,False,False,True,0.0005556761646859004,1.2830164053264426,False
10,True,True,512,RS,2.6690403040679276,128,32,2048,18,1,4,4,256,10,2.671977,True,False,False,0.0047381727490669245,2.6749136959320725,False
11,False,True,1024,RS,1.6349303472137564,1024,2,1024,1,1,16,128,512,10,1.636161,False,False,False,0.001985580267831061,1.6373916527862435,False
12,True,True,128,RS,0.345445807572431,2,4,2,17,6,1,2,64,10,0.3510987,True,True,False,0.00912058363318927,0.356751592427569,False
13,False,True,16,RS,1.3796169926382424,32,8,64,17,1,4,256,1,10,1.382282,False,True,False,0.0042998204613681175,1.3849470073617576,False
14,True,True,64,RS,1.1323330781242293,64,32,512,1,6,14,4,2048,10,1.132902,False,True,False,0.0009179193864387126,1.1334709218757708,False
15,False,True,1,RS,2.236866181030853,8,32,1024,7,1,5,16,1024,10,2.2372120000000004,False,False,False,0.0005579569875895408,2.237557818969148,False
16,False,True,32,RS,3.6366557804542112,128,2,1,9,6,1,32,256,10,3.636941,False,False,True,0.0004601836589884619,3.637226219545789,False
17,True,True,8,RS,1.3205790888179103,8,1,128,1,11,4,8,64,10,1.320906,False,True,True,0.0005274504716085015,1.3212329111820895,False
18,False,True,1024,RS,0.21180104022129287,2,4,4,17,3,1,512,512,10,0.21361819999999998,True,True,True,0.0029318721254515834,0.2154353597787071,False
19,False,True,256,RS,2.7293264498071257,16,4,128,1,20,3,128,1024,10,2.729715,False,False,False,0.0006269011086287505,2.7301035501928745,False
20,False,True,1,RS,2.8107499445992765,8,512,1024,28,2,1,8,256,10,2.8112519999999996,False,False,False,0.0008100345671636268,2.8117540554007228,False
21,True,True,1,RS,1.2346561839027972,64,16,1,1,7,4,64,512,10,1.235144,False,True,True,0.0007870603534673032,1.2356318160972029,False
22,False,True,1024,RS,0.08883094093520665,64,1024,128,1,4,3,2,64,10,0.0956905,True,False,True,0.011067463769897779,0.10255005906479335,False
23,False,True,1,RS,0.15739433429418576,1,1024,256,7,1,9,256,2048,10,0.1657851,True,False,False,0.013537968632331808,0.17417586570581423,False
24,False,True,1024,RS,0.11235509647390715,8,64,1,1,27,3,8,32,10,0.1186091,True,True,False,0.010090438290282536,0.12486310352609284,False
25,True,True,8,RS,0.4023103174207039,2,2,64,17,4,1,4,4,10,0.40442360000000005,True,True,True,0.0034096474949765663,0.4065368825792962,False
26,True,True,2048,RS,0.3151549062506181,4,1024,256,23,1,3,1,256,10,0.3254769,True,True,True,0.0166538826731186,0.33579889374938193,False
27,True,True,16,RS,2.9776157674072645,32,4,64,17,2,1,8,512,10,2.9779020000000003,False,False,False,0.00046181814602715463,2.978188232592736,False
28,True,True,256,RS,0.12497223602666546,1,1,16,2,1,4,4,512,10,0.1415336,True,False,True,0.02672071105790413,0.15809496397333456,False
29,False,True,256,RS,1.4540623623002675,256,4,1024,22,3,1,4,1,10,1.4558750000000003,True,False,False,0.0029245760376505735,1.457687637699733,False
30,True,True,1024,RS,0.15585367956607268,8,32,256,1,15,8,4,64,10,0.1717777,True,False,True,0.025692397653975383,0.18770172043392733,False
31,False,True,1,RS,0.13232908989206546,32,128,128,4,1,8,32,1024,10,0.14618040000000002,True,False,True,0.02234821091810259,0.16003171010793457,False
32,True,True,1024,RS,1.7969479406178652,2,16,512,1,3,9,4,256,10,1.7972920000000001,False,False,True,0.0005551180054727436,1.797636059382135,False
33,True,True,16,RS,2.0228374986475486,16,16,2048,1,10,1,64,512,10,2.024974,True,False,True,0.003447109513781022,2.027110501352451,False
34,False,True,16,RS,1.3091698112690258,2,2,512,2,1,16,4,8,10,1.319427,True,False,False,0.016549323883470295,1.329684188730974,False
35,False,True,1,RS,0.10063660695159223,4,128,16,1,7,7,1,1024,10,0.1078632,True,True,False,0.011659649838652959,0.11508979304840779,False
36,False,True,1024,RS,0.0931912280461707,32,32,1,1,16,3,2,4,10,0.10410836000000001,True,True,False,0.017614100444200947,0.11502549195382933,False
37,False,True,128,RS,0.4524063572697699,32,64,512,1,20,6,2,32,10,0.46320130000000004,True,False,False,0.017416955876673735,0.47399624273023017,False
38,False,True,1,RS,1.7783782831622246,4,128,512,1,17,6,2,512,10,1.778765,False,True,True,0.0006239431063806776,1.7791517168377753,False
39,True,True,1,RS,2.5429410840730773,8,32,8,7,1,11,1024,1024,10,2.5431670000000004,False,False,True,0.0003645010288050771,2.5433929159269235,False
40,True,True,128,RS,0.10781748392338439,4,64,64,1,7,16,8,1024,10,0.11590479999999999,True,False,True,0.013048371889243498,0.12399211607661559,False
41,False,True,512,RS,0.29509974124494953,1,1,512,1,7,12,32,1024,10,0.2998555,True,True,False,0.007673115315828385,0.30461125875505046,False
42,True,True,16,RS,0.2004526580902205,1,8,2,13,1,5,64,1,10,0.2090551,True,True,False,0.013879494770704008,0.21765754190977948,False
43,False,True,128,RS,2.0536116552318546,16,16,1024,5,1,13,2,2048,10,2.054666,False,False,False,0.0017011184556050508,2.0557203447681456,False
44,False,True,1,RS,1.6505210799882408,16,256,64,1,5,4,2,8,10,1.6506230000000002,False,True,False,0.00016444147895227528,1.6507249200117595,False
45,False,True,256,RS,1.0386715797111827,1,16,1024,1,3,5,64,1024,10,1.038776,False,True,True,0.00016847551750923025,1.038880420288817,False
46,True,True,64,RS,1.2334584669905313,256,8,512,12,1,5,256,1024,10,1.2338529999999999,False,True,False,0.0006365540039933542,1.2342475330094684,False
47,True,True,256,RS,1.5157173926535166,2,16,8,10,7,1,1,1024,10,1.515996,False,True,True,0.0004495152945117703,1.5162746073464832,False
48,False,True,4,RS,1.153473544776342,1,4,1024,1,24,4,2,1,10,1.153756,False,True,True,0.00045572360044220464,1.154038455223658,False
49,True,True,512,RS,0.39495502468238197,4,2,512,1,13,2,2,2,10,0.3976905,True,False,True,0.004413516041661118,0.40042597531761803,False
50,False,True,256,RS,1.7570635520162252,256,128,2048,1,3,21,2,128,10,1.75917,True,False,False,0.003398620308301602,1.7612764479837746,False
51,False,True,128,RS,0.330874850445947,32,32,512,1,5,21,32,512,10,0.3379483,True,False,True,0.01141256251724388,0.34502174955405296,False
52,False,True,1024,RS,2.220629702153777,8,16,2048,1,2,2,1,4,10,2.223386,True,False,False,0.004447111871765701,2.226142297846223,False
53,True,True,512,RS,1.4364164137074698,16,4,16,7,1,8,2,32,10,1.4369669999999999,False,True,True,0.0008883360850489072,1.43751758629253,False
54,True,True,512,RS,1.4876876000498271,64,1,1,1,20,2,128,1024,10,1.488266,False,False,False,0.0009332116587355613,1.488844399950173,False
55,True,True,4,RS,1.9302771791895466,16,2,32,24,1,4,128,2048,10,1.9306009999999998,False,True,True,0.0005224643528510197,1.930924820810453,False
56,False,True,2048,RS,1.4831859846112327,1,1024,1024,3,11,1,256,512,10,1.4835429999999998,False,False,True,0.0005760217009800867,1.483900015388767,False
57,False,True,16,RS,0.39875146764022634,4,4,16,1,14,1,4,16,10,0.40383209999999997,True,True,True,0.008197278285504282,0.4089127323597736,False
58,True,True,2048,RS,0.09507561398755178,4,1,32,4,16,1,64,256,10,0.10741879000000001,True,False,True,0.019914932145475663,0.11976196601244825,False
59,True,True,2048,RS,1.7445270895889669,16,2,1024,21,2,1,128,256,10,1.7447709999999996,False,True,False,0.0003935339883669369,1.7450149104110324,False
60,False,True,16,RS,4.704151656992166,2,4,2048,1,6,15,4,256,10,4.705919,True,True,False,0.0028514959231955746,4.7076863430078335,False
61,False,True,64,RS,0.3863784641226365,8,2,1,2,21,1,8,2048,10,0.3918432,True,False,True,0.008817004965406341,0.3973079358773635,False
62,False,True,1024,RS,0.09640918129901269,1,32,8,1,23,4,256,2048,10,0.10783290000000001,True,False,False,0.01843144605162601,0.11925661870098733,False
63,True,True,512,RS,1.6507338792953243,16,4,512,10,1,5,2,8,10,1.651147,False,True,False,0.0006665440720612338,1.6515601207046755,False
64,True,True,2048,RS,2.71521668702982,16,1,16,4,1,28,16,256,10,2.7155579999999997,False,True,True,0.0005506868438594945,2.7158993129701794,False
65,False,True,512,RS,1.089031062434941,64,256,2048,1,7,16,128,256,10,1.089458,False,True,True,0.0006888367005321465,1.089884937565059,False
66,False,True,32,RS,0.3956871994069005,64,32,256,26,2,1,64,1,10,0.4100721,True,False,True,0.023209125345217126,0.4244570005930995,False
67,False,True,4,RS,0.2103847711958805,1,4,4,2,3,1,64,2048,10,0.22479509999999997,True,True,False,0.02325015215197526,0.23920542880411944,False
68,True,True,1,RS,1.3909847743957338,4,256,128,1,11,7,32,512,10,1.393191,False,True,False,0.0035596051747349726,1.3953972256042664,False
69,False,True,512,RS,0.9018180258160082,32,64,256,1,4,11,2,32,10,0.9029104,False,True,True,0.0017624765076448491,0.9040027741839918,False
70,True,True,256,RS,0.39522939320667994,4,4,64,5,1,17,4,1024,10,0.40217169999999997,True,True,True,0.011200971985055585,0.40911400679332,False
71,True,True,8,RS,1.5164046677254255,2,1,2048,1,4,17,16,64,10,1.519997,True,True,True,0.005796000431331923,1.5235893322745746,False
72,False,True,128,RS,2.9178066485098113,4,1,32,4,10,1,4,1024,10,2.918358,False,True,True,0.0008895706829701574,2.9189093514901887,False
73,True,True,2048,RS,1.4699254066531913,16,16,64,1,9,10,16,1024,10,1.4709379999999999,False,False,True,0.0016337551836183828,1.4719505933468084,False
74,False,True,1024,RS,2.337792141797577,16,512,2048,10,1,11,32,1,10,2.340582,True,True,True,0.004501259379329342,2.3433718582024228,False
75,True,True,1,RS,1.8199464170413686,16,1024,256,8,12,1,32,64,10,1.8202839999999998,False,True,True,0.0005446687066465203,1.820621582958631,False
76,True,True,4,RS,1.13765408644107,512,1,2048,1,11,7,16,256,10,1.1381729999999999,False,False,True,0.000837234136905547,1.1386919135589297,False
77,True,True,32,RS,0.4096166697264834,32,8,64,11,9,1,4,1,10,0.41443810000000003,True,True,False,0.007779072148399193,0.41925953027351665,False
78,True,True,512,RS,2.5394060082978744,4,512,1,7,1,11,1,512,10,2.539624,False,True,False,0.0003517157943568329,2.5398419917021253,False
79,True,True,256,RS,1.5195733294475267,256,128,256,1,13,4,2,32,10,1.520631,False,True,True,0.0017064843978190562,1.5216886705524735,False
80,False,True,1,RS,0.3662611060187108,4,1024,512,1,3,3,8,8,10,0.3675811,True,True,True,0.0021297266233016904,0.3689010939812892,False
81,True,True,1,RS,1.774291357608396,1,256,2048,6,4,1,32,64,10,1.7753600000000003,False,True,True,0.0017241867648256663,1.7764286423916045,False
82,False,True,64,RS,0.13785636374005827,32,8,64,21,4,1,128,256,10,0.1458703,True,True,False,0.012929978206091451,0.15388423625994174,False
83,False,True,2048,RS,1.57560610749502,256,1,256,2,1,3,16,128,10,1.575841,False,False,True,0.00037898416853480435,1.57607589250498,False
84,False,True,256,RS,1.7478338220031835,1,1,256,16,7,1,8,2048,10,1.7489439999999998,False,True,True,0.0017912018311736968,1.7500541779968162,False
85,True,True,256,RS,1.564283772847825,8,256,64,24,1,2,256,512,10,1.564522,False,True,False,0.00038436441042325977,1.564760227152175,False
86,True,True,1,RS,1.2534932757825126,128,512,2048,1,3,15,8,16,10,1.253541,False,False,True,7.699999999998999e-05,1.2535887242174875,False
87,False,True,16,RS,2.065661227410108,512,8,2048,4,1,6,4,4,10,2.066159,False,False,False,0.0008031245233461682,2.0666567725898917,False
88,True,True,512,RS,0.20255358749861246,2,256,256,5,19,1,16,64,10,0.21139739999999999,True,True,False,0.014268930921411033,0.2202412125013875,False
89,False,True,2048,RS,0.08546775755381275,1,4,1,1,5,16,512,1,10,0.1038054,True,True,False,0.029586623787549667,0.12214304244618726,False
90,False,True,128,RS,0.25445701260637854,32,1,128,2,1,19,16,32,10,0.2722126,True,True,False,0.028647514852775623,0.2899681873936215,False
91,True,True,32,RS,0.6651109243406125,512,8,1,4,14,1,64,2048,10,0.6707930999999999,True,True,True,0.009167830271661867,0.6764752756593874,False
92,True,True,512,RS,0.11918374052740982,32,2,64,14,1,7,32,32,10,0.1269951,True,True,False,0.01260313339967486,0.13480645947259018,False
93,False,True,512,RS,1.8841839736466925,64,16,2048,2,1,12,4,2048,10,1.8873830000000003,True,True,True,0.005161426256375282,1.890582026353308,False
94,True,True,1,RS,0.10969968913657831,1,64,16,6,1,8,16,16,10,0.1222858,True,True,True,0.020306892129520956,0.13487191086342168,False
95,False,True,8,RS,2.572650887858557,32,2,32,1,6,13,8,1024,10,2.5735349999999997,False,False,False,0.001426458902317248,2.5744191121414426,False
96,False,True,2048,RS,0.10008682853870106,16,256,32,9,11,1,256,512,10,0.1051987,True,False,False,0.008247680595779645,0.11031057146129895,False
97,False,True,256,RS,1.0911307453384054,128,8,2048,1,3,12,512,512,10,1.0932460000000002,True,True,True,0.0034128293247685584,1.095361254661595,False
98,False,True,32,RS,1.979647078534543,4,1,32,12,1,4,8,512,10,1.979991,False,True,False,0.0005548954856546937,1.980334921465457,False
99,True,True,256,RS,1.1223606917886726,16,8,32,7,1,8,64,1,10,1.122731,False,False,False,0.000597468827638712,1.1231013082113273,False
100,False,True,128,RS,1.5853929794027846,8,8,1024,1,3,9,16,256,10,1.5878510000000001,True,False,False,0.0039658604362735736,1.5903090205972157,False
101,False,True,2048,RS,0.3805374490808913,4,4,16,15,1,6,256,512,10,0.3840342,True,True,True,0.005641785972544507,0.38753095091910866,False
102,False,True,8,RS,0.38151339472949114,4,8,16,2,1,6,4,1,10,0.3879545,True,True,True,0.010392315095781117,0.3943956052705088,False
103,True,True,32,RS,1.4691743428843724,64,1,2048,1,15,2,1,1024,10,1.471698,True,False,False,0.004071760798475264,1.4742216571156275,False
104,True,True,2048,RS,1.6532836752934525,8,2,16,1,12,3,128,2048,10,1.653508,False,False,False,0.00036193369558525833,1.6537323247065474,False
105,False,True,2048,RS,0.12355436824103493,1,128,4,1,7,12,1,2,10,0.1385654,True,True,False,0.024219348295113147,0.1535764317589651,False
106,True,True,1024,RS,1.7494738336525388,4,64,2048,1,28,1,512,512,10,1.7507650000000001,True,True,False,0.0020832150633095722,1.7520561663474614,False
107,True,True,128,RS,2.5820775219876992,512,2,2048,4,18,1,64,64,10,2.582301,False,False,False,0.00036056760808481715,2.582524478012301,False
108,False,True,1,RS,1.2769332084197846,1024,256,1024,5,8,1,1,2048,10,1.2772340000000002,False,True,True,0.00048530814952974936,1.2775347915802158,False
109,True,True,2048,RS,1.8085486721130315,256,32,1,7,1,9,16,1024,10,1.8090230000000003,False,False,True,0.0007652979811811842,1.809497327886969,False
110,False,True,512,RS,2.1779306287510125,4,16,1,29,1,3,16,512,10,2.178199,False,False,True,0.0004330000000000276,2.178467371248988,False
111,False,True,2048,RS,1.2203676300157775,1024,64,1,19,1,6,1024,1,10,1.220628,False,True,True,0.00042009046644741484,1.2208883699842226,False
112,False,True,512,RS,1.666429086496353,8,64,16,6,1,6,256,1024,10,1.666794,False,False,False,0.0005887648087309237,1.6671589135036473,False
113,False,True,1024,RS,0.12227312078019777,8,1024,8,1,27,1,4,1024,10,0.1337146,True,True,False,0.01846010152301444,0.1451560792198022,False
114,False,True,1,RS,0.1689325739643203,16,2048,32,2,26,1,2,2,10,0.1803645,True,False,True,0.018444688065944622,0.19179642603567973,False
115,False,True,2048,RS,0.15331073469352563,1,512,1,3,1,25,4,8,10,0.16442050000000002,True,False,False,0.017924902148965832,0.17553026530647442,False
116,True,True,128,RS,1.3027467064358222,16,2,1024,1,3,1,2,2,10,1.303941,True,True,True,0.0019269169675935954,1.3051352935641778,False
117,False,True,64,RS,1.7165178304035107,32,64,64,1,19,2,128,1,10,1.7171909999999997,False,False,True,0.0010861164762583943,1.7178641695964887,False
118,False,True,128,RS,0.2010076997440018,1,32,32,1,12,1,8,256,10,0.20335869999999998,True,False,False,0.0037931898990163893,0.20570970025599816,False
119,True,True,1,RS,0.07576558943478608,16,512,16,1,15,4,256,256,10,0.08226581,True,True,True,0.010487693876868258,0.08876603056521391,False
120,True,True,16,RS,1.0648726849947425,128,4,512,1,5,14,1,1024,10,1.0658429999999999,False,True,True,0.0015655417592641701,1.0668133150052572,False
121,True,True,1,RS,1.7878689487615063,16,1024,32,2,1,12,1,16,10,1.78873,False,False,False,0.0013892515970838177,1.7895910512384936,False
122,False,True,128,RS,0.09467769603965351,8,128,16,1,2,6,32,32,10,0.10563601,True,True,True,0.017680545001467006,0.1165943239603465,False
123,False,True,16,RS,0.366073603538439,8,4,64,8,12,1,2,256,10,0.3763127,True,True,True,0.016520133153519072,0.386551796461561,False
124,False,True,64,RS,1.3851286291219314,512,64,1,1,17,3,512,1024,10,1.385919,False,True,False,0.0012752133154888233,1.3867093708780684,False
125,True,True,512,RS,0.09550114479884628,1,512,64,2,1,21,1024,1,10,0.09933911000000001,True,False,True,0.006192313589354146,0.10317707520115374,False
126,False,True,16,RS,0.19498098211704576,4,2,64,22,2,1,2048,1,10,0.2001671,True,True,True,0.008367472491140922,0.20535321788295421,False
127,False,True,16,RS,2.305044013478088,2,16,1,11,9,1,16,16,10,2.306506,False,True,False,0.0023588225876482937,2.3079679865219123,False
128,True,True,32,RS,1.0758613262163064,2048,32,1,1,1,21,8,64,10,1.079005,True,True,False,0.005072118393728571,1.0821486737836936,False
129,False,True,2048,RS,0.3735499621919858,1,2048,512,16,6,1,1,1,10,0.3837434,True,False,False,0.016446465810015232,0.39393683780801425,False
130,False,True,64,RS,0.39256410424560856,32,2,64,10,9,1,8,32,10,0.39785220000000004,True,False,True,0.008532007323016086,0.40314029575439153,False
131,False,True,128,RS,1.5105152402208362,128,4,1024,4,22,1,16,128,10,1.514755,True,False,True,0.006840583673927265,1.518994759779164,False
132,False,True,512,RS,1.9779090025206216,512,4,1024,1,28,4,32,1024,10,1.978322,False,True,False,0.0006663452558546021,1.9787349974793782,False
133,False,True,512,RS,0.09292558693602625,16,512,16,2,1,15,32,256,10,0.11030247,True,True,True,0.028036499420400186,0.12767935306397377,False
134,False,True,2048,RS,1.4726868668487132,128,1024,2048,17,6,1,1024,1,10,1.472962,False,True,True,0.0004439099007681424,1.473237133151287,False
135,True,True,128,RS,1.98648583694493,256,2,2048,14,2,1,2,32,10,1.988145,True,False,False,0.002676954426209028,1.98980416305507,False
136,False,True,256,RS,1.4123508000026905,2048,32,2048,1,16,3,4,128,10,1.4129200000000002,False,False,False,0.0009183681179135021,1.4134891999973098,False
137,True,True,512,RS,1.4150991686263616,2,16,1,1,15,1,1024,1024,10,1.4154120000000001,False,True,True,0.000504733593096361,1.4157248313736386,False
138,True,True,512,RS,1.4227821819298374,2048,16,1,3,8,1,16,16,10,1.423052,False,False,True,0.00043533435426117996,1.4233218180701626,False
139,True,True,256,RS,2.634293842152266,2,2,1,15,1,6,2,64,10,2.634623,False,True,False,0.0005310753242244359,2.6349521578477337,False
140,False,True,16,RS,0.6420456149336816,512,2,1024,1,28,3,2,512,10,0.6436946,True,False,True,0.0026605328864721853,0.6453435850663184,False
141,True,True,2,RS,1.338727284003273,8,1,1024,2,1,13,1,512,10,1.3426300000000002,True,True,True,0.0062967848938962475,1.3465327159967275,False
142,True,True,512,RS,1.1754387023472754,128,512,512,1,8,2,1,1024,10,1.1757520000000001,False,True,False,0.0005054859048479692,1.1760652976527248,False
143,False,True,1,RS,4.99750339013688,64,1024,2048,2,1,1,4,256,10,4.997789,False,True,False,0.0004608134112630504,4.99807460986312,False
144,False,True,32,RS,1.3410124631946503,1,32,4,1,8,13,256,1024,10,1.341315,False,True,True,0.00048812395966600885,1.3416175368053498,False
145,True,True,1,RS,2.860933874411474,2,2048,8,5,1,11,32,128,10,2.8611519999999997,False,False,False,0.0003519318115772501,2.8613701255885253,False
146,True,True,8,RS,0.20792604497626774,32,8,1,5,1,19,16,16,10,0.21103620000000003,True,False,False,0.005018037999059,0.21414635502373233,False
147,True,True,8,RS,0.21099667395105362,128,2,1,28,1,4,64,2048,10,0.23167880000000002,True,False,True,0.0333692994796115,0.25236092604894644,False
148,True,True,128,RS,2.566873551925037,1,4,64,10,5,1,1,64,10,2.567102,False,True,False,0.000368586489171857,2.5673304480749635,False
149,True,True,2048,RS,5.60512284842384,256,512,512,3,1,1,4,256,10,5.606678,False,True,False,0.002509138497572464,5.608233151576159,False
150,True,True,256,RS,0.3823286291002255,4,2,32,19,1,5,16,1024,10,0.3907404,True,True,True,0.013571859181409154,0.39915217089977445,False
151,False,True,64,RS,1.7946399673309787,16,8,1,9,3,1,512,1024,10,1.794897,False,False,True,0.00041470591989988513,1.7951540326690212,False
152,False,True,512,RS,0.20565743508513779,16,1,32,27,3,1,128,1,10,0.2148645,True,False,True,0.01485501566643401,0.22407156491486224,False
153,True,True,256,RS,1.32953547365252,16,256,2048,17,1,4,256,2048,10,1.3298780000000001,False,False,False,0.000552644551226177,1.3302205263474802,False
154,True,True,256,RS,0.2504946046027595,4,2,256,7,2,1,2,512,10,0.2628294,True,True,True,0.01990141055402858,0.27516419539724046,False
155,True,True,1,RS,1.2610392935822934,32,64,256,1,5,21,4,4,10,1.261473,False,False,True,0.000699757815247521,1.2619067064177067,False
156,False,True,1,RS,1.2273168794598572,32,1024,512,5,1,15,256,256,10,1.2278799999999999,False,False,True,0.0009085592991103887,1.2284431205401425,False
157,False,True,32,RS,1.946324180863543,8,2,1,11,1,3,32,32,10,1.9466050000000004,False,True,False,0.00045308387744434067,1.9468858191364578,False
158,True,True,64,RS,1.803859024050995,64,8,1024,3,29,1,8,1,10,1.8052989999999998,True,True,True,0.002323309923363648,1.8067389759490045,False
159,True,True,128,RS,5.7778018008763965,8,8,512,9,13,1,4,128,10,5.778605000000001,False,True,True,0.0012959108765652329,5.779408199123605,False
160,True,True,16,RS,4.085625450317246,32,16,256,5,19,1,8,1,10,4.086426,False,False,False,0.0012916361716830724,4.087226549682755,False
161,True,True,128,RS,0.9274100815825478,512,4,1,5,1,24,256,2048,10,0.9278801999999999,False,True,False,0.0007585062689259762,0.9283503184174521,False
162,True,True,256,RS,1.22294134524455,128,64,256,1,14,5,64,1024,10,1.2237689999999999,False,False,True,0.0013353684884705153,1.2245966547554499,False
163,False,True,2048,RS,1.2790750324559135,64,32,256,1,7,13,64,1,10,1.2800319999999998,False,True,True,0.0015440064766703405,1.2809889675440862,False
164,False,True,2048,RS,0.12731006471503098,32,16,1,1,4,27,64,1024,10,0.13639649999999998,True,False,False,0.014660387404499238,0.14548293528496897,False
165,True,True,512,RS,1.87293114880862,128,1,128,1,1,28,2,1024,10,1.8748660000000001,False,False,False,0.003121759760135322,1.8768008511913803,False
166,True,True,4,RS,0.20580654580289956,4,2,16,3,16,1,1,512,10,0.2092282,True,True,True,0.005520622171458572,0.21264985419710045,False
167,False,True,32,RS,4.818071570155817,2,4,16,1,8,3,64,256,10,4.818643,False,False,False,0.0009219658345079109,4.819214429844182,False
168,False,True,1024,RS,1.4833378849784655,2,256,512,1,4,14,1,2048,10,1.483556,False,True,True,0.00035191476240705046,1.4837741150215347,False
169,False,True,64,RS,1.5079845814251456,256,64,1,10,6,1,512,1,10,1.508232,False,False,True,0.00039919418833445357,1.5084794185748545,False
170,True,True,128,RS,0.19213436970893957,4,64,256,1,10,11,64,64,10,0.2043776,True,False,True,0.019753676058901038,0.2166208302910604,False
171,False,True,2048,RS,1.7737020496566096,256,128,2048,1,16,5,4,8,10,1.7747529999999998,False,False,True,0.0016956417664117875,1.77580395034339,False
172,True,True,256,RS,0.31513014955748747,1,4,2,1,13,3,32,32,10,0.31887489999999996,True,False,True,0.006041917484540815,0.32261965044251245,False
173,False,True,2048,RS,1.8111424346509843,1,4,2048,5,1,5,8,8,10,1.813576,True,True,False,0.003926403443356278,1.8160095653490158,False
174,True,True,1,RS,2.4026234017090022,2048,8,1,23,3,1,1,4,10,2.4029119999999997,False,False,True,0.000465635050227115,2.403200598290997,False
175,True,True,512,RS,2.8543287271280477,16,1,256,7,3,1,8,64,10,2.854574,False,True,True,0.000395732232702909,2.854819272871952,False
176,True,True,16,RS,0.420148275906597,4,16,512,5,1,3,128,256,10,0.4272418,True,True,True,0.011444951514095638,0.43433532409340303,False
177,False,True,128,RS,0.3810331898840927,1,4,1,12,8,1,16,32,10,0.3825847,True,True,False,0.002503263232263051,0.3841362101159073,False
178,False,True,32,RS,1.4736611592423918,2,2,512,1,16,7,1024,1024,10,1.473964,False,False,False,0.0004886143673696028,1.4742668407576083,False
179,False,True,1024,RS,1.8056927502348181,128,64,256,1,27,2,64,1024,10,1.806295,False,False,True,0.0009716918235736854,1.8068972497651818,False
180,False,True,32,RS,1.4510786656920993,16,8,512,3,8,1,2,1024,10,1.4514239999999998,False,False,True,0.0005571750173868164,1.4517693343079003,False
181,False,True,1,RS,0.2035583568931534,128,32,1,1,23,1,512,1024,10,0.2140571,True,False,True,0.016939056558439143,0.2245558431068466,False
182,True,True,32,RS,0.1525733915912739,8,32,32,22,5,1,256,512,10,0.1570206,True,False,False,0.007175288888957714,0.16146780840872613,False
183,True,True,64,RS,1.5656368381132282,4,64,128,1,3,20,512,512,10,1.565854,False,True,True,0.0003503769398804506,1.566071161886772,False
184,True,True,32,RS,0.12331607652786845,128,1,128,1,14,7,8,1,10,0.1303857,True,True,True,0.011406389376573112,0.13745532347213155,False
185,False,True,1,RS,2.6314578976520884,2,128,32,1,3,13,32,128,10,2.631924,False,True,False,0.000752026595274369,2.632390102347912,False
186,False,True,256,RS,1.8699629113028788,8,64,1,1,14,3,32,32,10,1.870768,False,True,False,0.0012989595836668272,1.8715730886971211,False
187,True,True,1024,RS,1.7076150949548057,1,2,8,1,15,4,2,4,10,1.70794,False,True,True,0.0005242136968832343,1.7082649050451943,False
188,True,True,128,RS,1.185369657887888,1024,16,2048,1,22,5,16,1024,10,1.186626,True,True,True,0.002027028366846377,1.1878823421121119,False
189,False,True,16,RS,5.722170947477267,8,8,1,6,1,12,4,128,10,5.722632,False,True,True,0.0007438790224224171,5.723093052522733,False
190,True,True,32,RS,1.4202507401734659,32,16,2048,7,1,2,1024,1,10,1.4242000000000001,True,True,True,0.00637188041319046,1.4281492598265344,False
191,False,True,512,RS,1.5189181604146287,32,64,512,12,1,3,64,128,10,1.519748,False,True,False,0.0013388935730669362,1.5205778395853715,False
192,True,True,32,RS,1.556189910544481,2,32,2048,15,6,1,1,1024,10,1.558438,False,False,True,0.003627149845264203,1.560686089455519,False
193,True,True,256,RS,2.67958333839236,8,8,32,3,25,1,32,1024,10,2.679815,False,False,False,0.00037377132046207784,2.68004666160764,False
194,True,True,2,RS,1.3366566007896412,256,2,1024,4,5,1,32,256,10,1.338934,True,False,True,0.0036744392769509433,1.341211399210359,False
195,False,True,1,RS,5.874212951001342,128,64,2048,29,1,1,4,1,10,5.87589,True,False,False,0.002705812262519295,5.8775670489986584,False
196,False,True,2048,RS,0.1447644979647199,8,32,1,17,1,3,2,2,10,0.15102770000000001,True,True,False,0.010105279501824773,0.15729090203528012,False
197,True,True,32,RS,2.602222782810618,8,4,128,3,1,28,64,2048,10,2.609764,False,False,True,0.012167275948214507,2.6173052171893825,False
198,True,True,4,RS,1.5103489692717564,1,1,2,1,6,10,512,512,10,1.5105689999999998,False,False,False,0.0003550056337581065,1.5107890307282432,False
199,True,True,64,RS,0.7104151921318044,4,32,1024,1,13,3,512,512,10,0.7110647999999999,True,True,True,0.001048101121075622,0.7117144078681955,False
200,True,True,1,RS,1.443277528662851,32,512,256,14,9,1,512,512,10,1.4435769999999999,False,True,False,0.0004831780210233049,1.4438764713371488,False
201,False,True,1,RS,1.7367784769467518,2048,8,2048,2,1,2,32,1024,10,1.737016,False,True,True,0.00038322839143259234,1.737253523053248,False
202,False,True,256,RS,2.6610023056201673,8,8,2048,1,7,14,64,64,10,2.663085,True,True,False,0.0033602953739217496,2.665167694379833,False
203,False,True,512,RS,1.1973482490984795,32,16,1024,1,7,13,256,1024,10,1.1982979999999999,False,False,True,0.0015323628813045643,1.1992477509015202,False
204,False,True,512,RS,0.25171493153099644,32,2,256,1,4,5,1,256,10,0.26231489999999996,True,False,False,0.017102377264286976,0.2729148684690035,False
205,False,True,2048,RS,3.9778856975541594,2048,1,1,30,2,1,32,2048,10,3.9781879999999994,False,True,True,0.0004877458354512311,3.9784903024458393,False
206,False,True,256,RS,2.7851054381163505,2,128,2,5,1,22,64,128,10,2.785347,False,False,True,0.00038974478829097647,2.785588561883649,False
207,False,True,2048,RS,0.1326431251022269,16,256,32,5,1,5,64,1,10,0.13411320000000002,True,False,True,0.002371872669432317,0.13558327489777314,False
208,True,True,512,RS,1.4988799552250152,64,2,64,21,1,5,32,64,10,1.4991999999999999,False,True,False,0.0005163719589598072,1.4995200447749846,False
209,False,True,1,RS,0.7257933951556443,1,8,1024,9,1,4,32,128,10,0.7317435999999999,True,True,False,0.009600278373047317,0.7376938048443555,False
210,True,True,1024,RS,1.316233532990282,128,8,1024,9,1,1,64,1024,10,1.318854,True,True,False,0.004227957426464957,1.321474467009718,False
211,True,True,512,RS,1.8203800835236879,1,4,2048,1,1,18,2,32,10,1.8234270000000001,True,True,True,0.004916006611061473,1.8264739164763124,False
212,True,True,4,RS,0.15741273346198595,16,2,1,1,7,6,8,2048,10,0.1606962,True,False,False,0.005297665142305623,0.16397966653801407,False
213,False,True,4,RS,2.518885437163338,1,2,64,12,3,1,2048,1,10,2.519139,False,False,True,0.00040910756531755267,2.519392562836662,False
214,False,True,1024,RS,1.5625616221382008,8,128,256,1,7,12,16,1024,10,1.562867,False,False,True,0.0004927078241716984,1.5631723778617992,False
215,False,True,32,RS,1.8420337913658837,16,1,64,1,25,3,8,2048,10,1.8425900000000002,False,True,True,0.0008974073768361814,1.8431462086341166,False
216,True,True,512,RS,0.42887838592557637,16,256,256,7,1,2,8,32,10,0.44479689999999994,True,True,True,0.02568351349192707,0.4607154140744235,False
217,True,True,1,RS,1.7536885609017498,32,1024,256,4,1,9,1,16,10,1.75427,False,True,True,0.0009381151315270386,1.7548514390982501,False
218,False,True,128,RS,1.1468280054240312,128,16,1024,3,1,15,1024,1,10,1.1509200000000002,False,True,False,0.006602173884411089,1.1550119945759691,False
219,True,True,128,RS,1.0593153451924162,1024,4,2048,5,1,21,1024,2048,10,1.061753,True,True,False,0.0039330015255526945,1.0641906548075837,False
220,True,True,512,RS,2.7177457217426664,8,64,512,17,1,2,8,128,10,2.7180120000000003,False,False,True,0.0004296230906271226,2.7182782782573343,False
221,False,True,2048,RS,1.8386412134718788,512,128,2048,4,10,1,32,512,10,1.840081,True,True,True,0.0023230043047743174,1.8415207865281213,False
222,False,True,2048,RS,1.2627878849904457,1,256,2048,6,1,18,2,16,10,1.263875,True,True,True,0.001753991163033606,1.2649621150095545,False
223,False,True,2048,RS,1.1649408350267365,1024,64,1,1,3,30,1,1024,10,1.1651379999999998,False,False,False,0.0003181131874034749,1.165335164973263,False
224,True,True,256,RS,1.6022214120074085,2,256,16,1,3,26,16,32,10,1.602438,False,False,False,0.00034945099799540123,1.6026545879925915,False
225,False,True,2,RS,0.47451926297192043,16,1,256,1,9,10,4,1,10,0.48363449999999997,True,False,False,0.014706857191460037,0.4927497370280795,False
226,False,True,64,RS,1.1396317813632149,64,64,128,1,6,17,1,1024,10,1.1399780000000002,False,True,True,0.0005586018259905704,1.1403242186367855,False
227,True,True,1024,RS,2.0282730743755404,1,128,2048,30,2,1,2,8,10,2.030842,True,True,False,0.004144798668210601,2.0334109256244592,False
228,True,True,32,RS,1.9983735786685126,16,1,2048,11,1,10,128,128,10,2.00104,True,True,True,0.004302101811905496,2.0037064213314877,False
229,True,True,128,RS,0.202890525802572,16,2,16,14,6,1,1,128,10,0.20935510000000002,True,False,False,0.010430180721828362,0.21581967419742804,False
230,True,True,256,RS,0.20256932346907275,4,128,256,1,15,1,64,2048,10,0.2168971,True,False,False,0.023116959291610995,0.23122487653092727,False
231,False,True,1,RS,0.6673621964322995,8,2,512,14,1,7,1,4,10,0.6721994,True,False,False,0.007804521358802202,0.6770366035677005,False
232,False,True,32,RS,0.10609524911013088,64,16,1,1,11,3,1,32,10,0.12459579999999999,True,False,False,0.029849466235763743,0.1430963508898691,False
233,True,True,1,RS,1.4525307413449824,4,4,64,1,17,4,4,8,10,1.452867,False,True,False,0.0005425320267044126,1.4532032586550174,False
234,False,True,1,RS,0.21403065055681145,16,2048,1,8,1,15,8,16,10,0.22473959999999998,True,True,True,0.017278211158566148,0.23544854944318852,False
235,False,True,256,RS,0.21262188604676255,2,256,256,1,3,24,2,1024,10,0.2261527,True,True,True,0.021831110686586695,0.23968351395323748,False
236,False,True,512,RS,0.7866435706266842,32,512,1024,14,4,1,2048,2048,10,0.7953064000000001,True,False,True,0.013976926115566318,0.8039692293733159,False
237,True,True,2048,RS,0.5353948090189211,512,512,1024,1,1,8,256,1,10,0.5384089000000001,True,True,False,0.004863044755089147,0.541422990981079,False
238,False,True,2,RS,1.7111917597080928,128,1,256,1,23,2,64,2048,10,1.7115229999999997,False,True,True,0.0005344352159054867,1.7118542402919066,False
239,True,True,2,RS,0.3324468332444303,64,1,256,4,1,1,1,64,10,0.3431328,True,True,False,0.017241130048810605,0.3538187667555697,False
240,True,True,2048,RS,3.0531903659837987,2,32,2048,5,20,1,8,1024,10,3.0554689999999995,True,False,True,0.003676431557910512,3.0577476340162004,False
241,True,True,1024,RS,0.21908605644741666,2,8,128,24,1,2,64,2048,10,0.2444424,True,False,True,0.04091085315463367,0.2697987435525834,False
242,True,True,8,RS,0.34766496072787234,4,1,256,1,1,12,512,1,10,0.3574003,True,False,False,0.01570735285813622,0.36713563927212767,False
243,False,True,256,RS,1.5127852382288474,2,32,128,13,4,1,256,2048,10,1.513056,False,False,False,0.00043685695599365187,1.5133267617711526,False
244,False,True,128,RS,1.704532222245583,128,32,512,7,16,1,64,1024,10,1.7049949999999998,False,True,True,0.0007466625743935521,1.7054577777544166,False
245,True,True,1,RS,1.54342606492822,128,2048,128,8,12,1,2,2,10,1.543782,False,False,True,0.0005742786779952502,1.5441379350717799,False
246,True,True,1,RS,1.29631765014386,16,8,128,18,1,4,512,2048,10,1.296615,False,True,True,0.0004797551458817275,1.2969123498561401,False
247,True,True,64,RS,0.13565115486881107,1,64,128,1,9,3,32,128,10,0.1432564,True,False,False,0.012270580974020751,0.15086164513118894,False
248,False,True,1,RS,1.8102179393115074,512,8,1024,28,4,1,32,128,10,1.8105510000000002,False,False,False,0.000537372310414331,1.810884060688493,False
249,True,True,16,RS,0.2907010330282179,512,8,512,4,1,16,128,1024,10,0.29605950000000003,True,True,True,0.008645546821919361,0.30141796697178214,False
250,False,True,1024,RS,1.7482961416982707,64,16,256,1,4,27,2,256,10,1.7485129999999998,False,False,True,0.00034988712465595624,1.7487298583017288,False
251,True,True,16,RS,1.594711702301938,32,4,2048,22,1,4,1,4,10,1.595015,False,True,True,0.0004893516118293547,1.5953182976980622,False
252,False,True,8,RS,2.493755985937454,32,1,1,1,17,2,2,4,10,2.494004,False,False,True,0.00040015496998039316,2.4942520140625457,False
253,True,True,64,RS,3.157243487001747,4,4,1024,17,7,1,4,16,10,3.159135,True,False,True,0.003051836332439834,3.161026512998253,False
254,False,True,2048,RS,1.582934972349608,8,1,32,1,9,13,4,256,10,1.584141,False,False,True,0.0019458491719555344,1.585347027650392,False
255,True,True,128,RS,0.2868328701880426,64,32,256,9,13,1,2,4,10,0.2960072,True,False,False,0.01480219965275432,0.30518152981195745,False
256,True,True,512,RS,0.11991162862850077,2,512,1,18,6,1,512,1,10,0.12940100000000002,True,False,False,0.015310499240717134,0.13889037137149926,False
257,True,True,2,RS,1.3774720013595798,64,2,1024,3,21,1,32,256,10,1.383583,True,True,False,0.009859708971364244,1.3896939986404202,False
258,True,True,256,RS,1.3010604503918268,256,64,1024,30,3,1,128,1024,10,1.303181,True,False,True,0.003421372385461714,1.305301549608173,False
259,False,True,16,RS,2.399905364348073,2,16,1024,1,1,9,8,256,10,2.401053,True,True,False,0.0018516373835067708,2.402200635651927,False
260,True,True,1024,RS,0.11115778854300526,1,16,16,1,1,5,32,512,10,0.1194643,True,True,False,0.013402029742169653,0.12777081145699473,False
261,False,True,128,RS,0.20837227967554056,4,2,128,17,2,1,16,1,10,0.2353427,True,False,False,0.04351506372062437,0.2623131203244594,False
262,False,True,256,RS,4.676378436036224,8,2,32,2,15,1,64,128,10,4.676594,False,False,False,0.0003477987924074283,4.676809563963776,False
263,True,True,256,RS,1.2120637732357291,256,16,2048,1,7,2,32,64,10,1.2125660000000003,False,True,False,0.0008103110513870527,1.2130682267642714,False
264,True,True,16,RS,0.8942770918707688,2,4,512,8,1,6,4,512,10,0.9008508,True,True,True,0.010606261403529512,0.9074245081292311,False
265,True,True,16,RS,1.9439838028826277,4,16,4,13,7,1,256,1024,10,1.944277,False,True,True,0.0004730549650939389,1.9445701971173723,False
266,True,True,128,RS,1.0048109688114135,1,128,256,5,1,22,256,1,10,1.0053059999999998,False,True,False,0.0007987014460986201,1.005801031188586,False
267,False,True,1,RS,3.984767275846061,16,8,1024,16,1,1,8,1,10,3.984964,False,True,True,0.00031740195336513866,3.9851607241539395,False
268,True,True,128,RS,0.1420799796520703,128,2,128,1,2,22,32,1024,10,0.15653769999999997,True,False,True,0.023326615404082946,0.17099542034792964,False
269,True,True,1024,RS,0.21023483680078786,16,128,128,6,15,1,1,2,10,0.221271,True,True,True,0.017806149814038965,0.23230716319921213,False
270,False,True,512,RS,0.3737157981859577,8,4,256,26,3,1,8,128,10,0.38668949999999996,True,False,True,0.020932245561573175,0.39966320181404225,False
271,True,True,256,RS,1.8147801949276552,8,16,64,1,2,28,512,512,10,1.8152680000000003,False,True,True,0.0007870425655579307,1.8157558050723455,False
272,True,True,512,RS,1.4149661804650466,8,1,1,8,10,1,128,1024,10,1.41706,False,False,False,0.0033782451065604846,1.4191538195349533,False
273,True,True,1,RS,0.38878758629844856,128,2048,512,24,1,3,1024,1,10,0.39582769999999995,True,True,True,0.011358777232167206,0.40286781370155134,False
274,True,True,128,RS,1.3216285631393976,1,64,16,1,11,5,1,2,10,1.322613,False,True,True,0.001588326477774628,1.3235974368606025,False
275,True,True,32,RS,1.7766082709031799,1,32,512,7,10,1,1,32,10,1.776905,False,False,False,0.0004787535900648558,1.77720172909682,False
276,True,True,256,RS,0.09543195763519156,16,256,32,1,19,3,2,8,10,0.09996675000000001,True,False,True,0.007316600050740781,0.10450154236480845,False
277,True,True,4,RS,1.6283698040959613,1024,2,1,3,1,17,8,32,10,1.629235,False,False,True,0.001395938752238089,1.6301001959040387,False
278,True,True,2,RS,2.5640825189494567,1024,2,1024,4,24,1,128,2048,10,2.5645059999999997,False,True,True,0.000683259833445587,2.5649294810505427,False
279,False,True,4,RS,1.659397604212304,2,4,512,1,12,2,128,256,10,1.6596430000000002,False,True,True,0.0003959305494654549,1.6598883957876964,False
280,False,True,1024,RS,1.0644139284970517,256,64,512,1,6,17,2048,1,10,1.064667,False,False,False,0.0004083148295127356,1.0649200715029483,False
281,True,True,8,RS,0.1541714859388388,8,1,1,1,28,3,2,256,10,0.164173,True,False,False,0.016136809009218645,0.17417451406116122,False
282,True,True,1024,RS,1.8719725737887198,4,32,128,9,5,1,8,1,10,1.872258,False,False,True,0.0004605171006596944,1.8725434262112801,False
283,False,True,32,RS,1.7716806935361358,32,32,512,5,1,22,2,512,10,1.7727449999999998,False,True,True,0.0017171910202420796,1.7738093064638638,False
284,True,True,1,RS,2.4683666096342955,8,2048,1024,13,1,2,8,512,10,2.468643,False,False,True,0.00044593833654443175,2.4689193903657047,False
285,False,True,1024,RS,2.8164758552178375,8,128,512,6,1,12,64,256,10,2.816716,False,False,True,0.00038745838486221656,2.8169561447821625,False
286,False,True,256,RS,1.6708027130720706,4,32,512,4,28,1,128,1024,10,1.6711770000000001,False,True,False,0.0006038882346924994,1.6715512869279296,False
287,True,True,256,RS,1.9378890011212422,512,8,2048,4,8,1,8,512,10,1.9382360000000003,False,True,False,0.0005598606969595696,1.9385829988787584,False
288,False,True,1,RS,0.11505174075105025,64,128,128,7,1,8,512,1,10,0.1269714,True,True,True,0.01923161469143972,0.13889105924894976,False
289,False,True,128,RS,0.35092048875373566,16,2,32,4,1,23,16,16,10,0.36282899999999996,True,False,True,0.019213628095703324,0.37473751124626425,False
290,False,True,1024,RS,1.2615941327960114,4,1024,128,3,10,1,1,1024,10,1.266792,False,True,False,0.00838642927591954,1.2719898672039884,False
291,True,True,256,RS,2.013851193234531,32,32,1024,29,2,1,32,1024,10,2.015764,True,False,True,0.0030861924761750787,2.017676806765469,False
292,True,True,4,RS,1.4365182486068035,64,2,1024,1,8,10,4,256,10,1.437189,False,False,True,0.0010822148585193396,1.4378597513931966,False
293,True,True,4,RS,2.627669138324473,4,4,128,1,16,1,32,1,10,2.627933,False,False,False,0.0004257240890530049,2.6281968616755274,False
294,True,True,16,RS,0.2316813415833735,16,4,1,4,21,1,32,64,10,0.2463266,True,True,False,0.02362919619115301,0.2609718584166265,False
295,False,True,128,RS,0.09681065533958186,1,64,1,1,17,3,1,1024,10,0.10779274999999999,True,False,True,0.01771891365373453,0.11877484466041813,False
296,False,True,512,RS,2.0867883122635877,4,64,2048,2,19,1,256,2048,10,2.0907469999999995,True,False,False,0.006387091748205961,2.094705687736411,False
297,False,True,8,RS,3.579957031169107,1,8,256,8,9,1,16,256,10,3.5802279999999995,False,True,True,0.0004371910337598363,3.580498968830892,False
298,True,True,32,RS,1.8904563982584588,32,4,128,4,1,13,2,32,10,1.891412,False,False,False,0.0015418028408327668,1.8923676017415414,False
299,True,True,2048,RS,0.2941283374938131,512,8,512,1,3,10,512,1024,10,0.3008623,True,True,True,0.010864821683304335,0.30759626250618693,False
300,False,True,16,RS,6.904112829001579,1,16,8,1,1,11,128,1024,10,6.904324,False,True,False,0.00034071102124809904,6.904535170998421,False
301,False,True,1,RS,1.4720786288824117,1,1,1,1,1,1,1,1,10,1.472332,False,False,False,0.00040879823874378,1.4725853711175882,True
