id,SCR1,SCR2,T1_I1,T1_I2a,RT2_I2,RT2_I1,mean_confidence_interval_inf,baseline,technique,VEC2,U1_I2,U1_I1,T2_I2a,VEC1,runs,T1_I1a,U2_I2,U2_I1,RT1_I2,RT1_I1,cost_std,cost_mean,correct_result,T2_I2,T2_I1,T1_I2,mean_confidence_interval_sup,T2_I1a
1,True,True,16,4,32,4,6.711144576087725,False,DLMT,True,1,11,256,False,10,1024,18,1,32,4,0.00022011133546457484,6.711281,True,256,4,4,6.711417423912274,2048
2,False,True,256,64,4,2,5.473081699899459,False,DLMT,False,1,27,1,False,10,256,1,6,1,4,0.00013762630562504837,5.473167,True,64,2048,4,5.473252300100541,1
3,True,False,128,256,2,32,4.373273510908071,False,DLMT,True,1,1,2048,True,10,128,1,20,4,1,0.0019143249462932144,4.37446,True,2048,2,4,4.375646489091929,2048
4,True,False,16,2048,32,4,5.835902665718464,False,DLMT,False,1,2,4,True,10,128,1,9,2,2,0.0016172028320529462,5.836905,True,2,2,4,5.837907334281535,2048
5,False,True,32,1024,1,4,6.523732354530478,False,DLMT,False,1,10,16,False,10,1,6,1,4,1,0.00012204917041913793,6.523808000000001,True,8,32,4,6.523883645469524,2048
6,False,True,64,8,2,1,4.8112892044500395,False,DLMT,False,24,1,2048,True,10,512,18,1,8,8,0.00014971973817771945,4.811382,True,4,16,1,4.811474795549961,64
7,True,False,2,8,2,8,5.954023794447188,False,DLMT,False,19,1,128,True,10,1,7,1,8,16,0.023858218898316724,5.968811,True,64,32,8,5.983598205552811,1
8,False,False,16,64,16,1,6.2786289028566244,False,DLMT,True,14,1,32,True,10,2048,1,13,4,16,0.00042933087473407707,6.2788949999999994,True,4,256,1,6.2791610971433744,1
9,True,False,32,16,16,1,6.038375489417053,False,DLMT,True,1,3,8,True,10,1024,1,2,4,32,0.0016545963253916855,6.039401,True,8,2,16,6.040426510582947,64
10,False,False,2,512,1,1,5.611694471744629,False,DLMT,False,1,13,64,True,10,64,25,1,1,4,0.00025577529200442804,5.611853,True,32,4,256,5.612011528255371,16
11,True,True,1,64,16,2,4.387898969513953,False,DLMT,True,29,1,128,True,10,64,1,27,2,1,0.0009084140025339747,4.388462,True,8,2,1,4.389025030486046,16
12,False,False,1,256,32,4,10.388804366244162,False,DLMT,True,21,1,512,False,10,2,1,2,8,4,0.0028164694211016005,10.39055,True,64,2,2,10.392295633755836,2048
13,False,True,2048,2048,16,4,4.3900024747487985,False,DLMT,True,1,4,1,True,10,2048,1,11,4,4,0.00013960300856360428,4.390089000000001,True,2048,2,1,4.390175525251203,4
14,False,False,256,1,32,1,4.500769974105083,False,DLMT,False,1,26,32,False,10,1,1,1,32,1,0.00018720042734979764,4.5008859999999995,True,1,2,8,4.501002025894916,8
15,False,True,4,1024,8,16,7.578698257876296,False,DLMT,True,6,1,64,True,10,4,22,1,8,16,0.00022869193252040976,7.57884,True,64,1024,4,7.578981742123704,1024
16,True,True,2048,4,32,1,4.431005485364796,False,DLMT,True,9,1,8,True,10,1,1,2,32,2,0.00031545047154813615,4.431201,True,4,1,2,4.431396514635203,1024
17,True,False,4,8,1,4,5.85325147550259,False,DLMT,False,1,12,2048,True,10,512,1,1,32,2,0.00036386948209494394,5.853477,True,64,16,4,5.853702524497409,256
18,False,False,256,2048,1,2,6.0255007035489205,False,DLMT,False,1,27,256,True,10,2048,23,1,32,1,0.00019086382580267122,6.025619,True,2,2048,1024,6.025737296451079,2048
19,True,True,1,512,4,1,4.553541962017259,False,DLMT,True,23,1,1,True,10,4,1,24,1,8,9.202716990113166e-05,4.553599,True,16,4,4,4.5536560379827415,256
20,True,False,32,1024,2,8,5.847607419749252,False,DLMT,True,1,28,8,True,10,1,1,7,1,2,0.0001913217185788912,5.847726,True,4,16,16,5.847844580250747,1
21,True,False,4,64,8,2,5.851453557178425,False,DLMT,True,1,7,2048,False,10,128,24,1,32,4,0.003851987668723888,5.853840999999999,True,1,1,4,5.856228442821573,16
22,True,True,8,512,2,2,6.1969741264430445,False,DLMT,True,27,1,32,True,10,1024,1,28,32,2,0.01953689998438855,6.209083,True,2,2048,64,6.221191873556955,2048
23,False,False,16,32,4,4,5.868971420308591,False,DLMT,False,14,1,512,True,10,1,8,1,1,4,0.000271992646959382,5.86914,True,256,2,2,5.869308579691409,512
24,True,False,512,256,32,2,5.140129440577933,False,DLMT,True,1,10,8,True,10,1,1,12,16,8,0.008076152858880194,5.145135,True,1,16,1,5.150140559422066,64
25,False,True,4,256,4,16,8.393793487475023,False,DLMT,False,1,6,4,False,10,256,28,1,1,8,0.0002734977147982972,8.393963000000001,True,1,32,2,8.39413251252498,2048
26,False,False,256,128,1,32,4.768601952861539,False,DLMT,True,1,15,64,False,10,1024,3,1,2,4,0.0001791675193777594,4.768713,True,16,2,2,4.768824047138461,16
27,False,False,1,64,32,1,6.637172323033706,False,DLMT,False,1,16,2048,False,10,16,17,1,4,32,0.0002963511430717698,6.637356,True,64,8,4,6.637539676966293,256
28,True,False,8,1024,2,2,6.345510474754402,False,DLMT,True,24,1,64,False,10,1,1,27,8,8,0.0056640099752737665,6.3490210000000005,True,4,1024,256,6.352531525245599,2048
29,False,False,2,1,4,1,6.059063877806376,False,DLMT,False,1,25,32,True,10,32,1,16,16,2,0.00033095165810138546,6.0592690000000005,True,1,16,256,6.059474122193625,2048
30,False,False,512,2048,4,4,5.843765146759646,False,DLMT,False,1,30,32,False,10,1,1,30,4,2,0.0001740143672229363,5.843873,True,1,1,2,5.843980853240355,8
31,True,True,1,8,2,32,7.297969313141171,False,DLMT,True,1,1,32,True,10,8,1,30,1,2,0.00016083842824400038,7.298069,True,2,1,1,7.298168686858829,1024
32,True,True,4,1024,2,2,5.481226249777341,False,DLMT,True,4,1,1,False,10,1024,9,1,2,32,0.0011225488853496943,5.481922,True,512,16,256,5.4826177502226585,1024
33,False,True,4,1,16,2,4.383904318742542,False,DLMT,True,1,13,1,False,10,64,16,1,1,2,0.00040284488329876916,4.384154,True,1024,32,1,4.384403681257457,2048
34,True,False,4,1024,2,8,6.159458618179388,False,DLMT,True,30,1,16,True,10,64,11,1,1,8,0.0006895534787092535,6.159886,True,4,4,2,6.160313381820613,1024
35,True,False,128,2048,8,1,5.245503533620048,False,DLMT,False,11,1,1,True,10,512,9,1,4,1,0.0018029611754001404,5.246620999999999,True,8,64,1,5.247738466379951,256
36,True,True,1,8,4,32,5.554298219021034,False,DLMT,True,1,28,1,False,10,512,20,1,1,32,0.0002674771018236819,5.554464,True,2048,8,1,5.554629780978966,32
37,False,False,4,1024,16,8,6.112293441131823,False,DLMT,False,29,1,32,True,10,256,12,1,16,2,0.00015256474035638148,6.112388,True,2,1,32,6.1124825588681775,256
38,False,True,1,2048,16,1,6.654500625384101,False,DLMT,False,1,15,2048,False,10,1024,1,29,2,2,0.00028295582694121303,6.654676,True,2,32,2048,6.6548513746159,32
39,True,True,32,2048,2,2,6.194005519442913,False,DLMT,True,2,1,16,True,10,1024,30,1,16,8,0.009671714429200257,6.2,True,8,64,512,6.205994480557087,1
40,False,False,1024,16,2,8,6.332603320940904,False,DLMT,False,1,30,2048,True,10,2048,1,30,2,2,0.0006416299556598403,6.333000999999999,True,2,256,4,6.333398679059095,1
41,False,False,256,64,32,2,6.108447380716606,False,DLMT,False,1,25,512,False,10,256,24,1,8,4,0.0024437422122640102,6.109962,True,8,128,64,6.111476619283395,256
42,True,True,1,2048,8,2,5.1114016919042315,False,DLMT,False,1,12,32,True,10,4,1,1,16,8,0.008004756148690603,5.116363,True,1,64,16,5.121324308095768,256
43,False,False,32,1024,1,4,5.837746800410931,False,DLMT,True,1,26,256,True,10,1,16,1,16,4,0.00014875819305161593,5.837839,True,8,1,4,5.837931199589068,64
44,False,False,256,256,4,8,6.224255572824081,False,DLMT,True,1,3,1024,False,10,1024,1,29,16,4,0.00011524322105869841,6.224327,True,4,128,128,6.2243984271759185,1024
45,True,True,1,1,16,8,6.083307778292266,False,DLMT,False,19,1,256,True,10,2048,15,1,2,4,0.008554798653387418,6.088610000000001,True,4,128,2048,6.093912221707736,128
46,True,True,128,128,1,1,4.4848782948028845,False,DLMT,True,1,26,4,True,10,2048,1,9,8,8,0.00025767421291226817,4.485038,True,1,4,4,4.485197705197116,1
47,True,False,32,8,8,8,8.13950829383217,False,DLMT,True,1,5,16,False,10,128,21,1,4,16,0.002548755774882922,8.141088,True,8,8,8,8.14266770616783,512
48,True,True,2048,1,16,4,7.837330465799374,False,DLMT,True,1,21,64,True,10,1,1,30,2,32,0.0013045186851861953,7.838139000000001,True,2,32,2,7.838947534200628,2048
49,True,True,1,32,2,4,5.9253610459889385,False,DLMT,False,30,1,2048,True,10,1,1,10,32,1,0.00339459644140514,5.927465,True,128,64,8,5.929568954011061,512
50,True,False,16,1,2,16,4.372708378432675,False,DLMT,False,1,7,2048,True,10,1024,1,28,1,4,0.0028358109951124207,4.374466,True,2048,2,256,4.376223621567325,256
51,True,False,128,1,4,4,6.904050905718571,False,DLMT,True,1,13,1,False,10,2048,30,1,2,16,0.0011327846220709331,6.904753000000001,True,16,2048,32,6.9054550942814314,1
52,True,True,16,2048,1,32,7.644537569113396,False,DLMT,True,30,1,1,False,10,64,1,14,4,32,0.002788713681968734,7.646266,True,1,16,8,7.6479944308866035,128
53,False,True,16,1,8,1,4.426764763138019,False,DLMT,False,1,30,2048,False,10,16,3,1,8,8,0.0001278436545159873,4.426844,True,256,4,1,4.426923236861981,2048
54,False,False,512,32,8,1,6.09696193236891,False,DLMT,False,1,11,512,True,10,1024,1,22,32,1,0.0006438703285598933,6.097361,True,512,2048,1,6.09776006763109,1
55,True,False,1,1024,32,1,5.906376035155886,False,DLMT,False,13,1,1,False,10,8,1,6,1,2,0.0002451856439517424,5.906528,True,4,32,2,5.9066799648441135,512
56,True,True,256,512,2,4,6.440973069445562,False,DLMT,False,1,2,128,True,10,2048,1,6,32,2,0.022770318926181112,6.455086,True,1,64,64,6.4691989305544375,64
57,True,False,4,1,2,2,4.5782382784768325,False,DLMT,False,1,11,1,False,10,16,1,18,16,8,0.008407168905166578,4.583449,True,64,2,1024,4.588659721523167,64
58,True,False,32,2048,32,2,6.014121241100723,False,DLMT,False,1,20,1,False,10,2048,1,13,32,2,0.02220049884574657,6.027881,True,256,16,2048,6.041640758899277,1
59,True,True,32,256,32,4,6.184345760093931,False,DLMT,True,7,1,32,False,10,512,30,1,4,4,0.0028481027017998157,6.186111,True,8,32,256,6.187876239906069,64
60,False,True,1,8,2,4,6.946993768820103,False,DLMT,False,1,28,64,False,10,2,11,1,8,8,8.749857141685533e-05,6.947048000000001,True,16,32,4,6.9471022311798984,32
61,False,False,128,4,1,1,4.908268988967322,False,DLMT,True,20,1,512,True,10,1,18,1,2,32,0.00010973149046650324,4.908337,True,1,32,2,4.908405011032679,512
62,True,False,32,64,2,8,6.164988622988303,False,DLMT,True,1,30,1,True,10,256,25,1,2,8,0.0011671229583895156,6.165712000000001,True,256,4,64,6.166435377011699,32
63,False,True,1024,128,2,1,4.577738567485803,False,DLMT,False,1,25,2048,True,10,1024,24,1,16,1,0.00026046112953769554,4.5779,True,8,2048,16,4.578061432514196,1
64,False,True,1024,32,16,2,6.502551116474535,False,DLMT,False,1,25,512,False,10,1,1,10,8,2,0.00022085289221559896,6.502688000000001,True,32,8,32,6.5028248835254665,32
65,True,False,2,2048,1,32,6.528218155176942,False,DLMT,False,11,1,2048,True,10,8,30,1,1,2,0.003642889512461203,6.530476,True,16,512,16,6.532733844823058,1024
66,False,False,64,16,1,1,5.862351469404146,False,DLMT,False,1,11,2048,True,10,2048,1,25,2,1,0.0001686534909214159,5.862456,True,1,32,4,5.862560530595854,1
67,False,True,32,2048,8,1,4.5583335806025085,False,DLMT,False,8,1,1024,True,10,128,29,1,16,2,0.0002539862200985816,4.558490999999999,True,512,8,32,4.55864841939749,1
68,False,False,1,1,2,4,5.829444305869603,False,DLMT,False,30,1,128,False,10,1024,25,1,1,8,0.0002657235405455281,5.829609,True,1,1,256,5.829773694130396,8
69,True,True,8,512,2,16,4.752344904877375,False,DLMT,True,1,21,512,False,10,512,24,1,8,2,0.003988568790932486,4.754817,True,4,4,32,4.757289095122625,512
70,True,True,64,2,1,2,7.809474820721178,False,DLMT,False,1,1,512,False,10,1024,1,29,2,32,0.0014281806608408719,7.81036,True,16,2,2,7.8112451792788224,32
71,False,False,16,64,16,1,6.306863738755666,False,DLMT,True,1,16,1,False,10,1,1,17,1,1,0.00014401736006474544,6.306953,True,8,1,64,6.307042261244334,256
72,False,True,8,4,1,32,6.141228990711064,False,DLMT,False,1,29,32,True,10,512,1,28,4,8,0.00016781239525147016,6.141333,True,8,8,4,6.1414370092889365,512
73,False,True,256,32,1,1,5.967203108436221,False,DLMT,False,27,1,4,True,10,1024,26,1,1,16,0.0004080245090677564,5.967456,True,1,1,8,5.967708891563779,512
74,True,True,1,256,1,2,3.2067544893448283,False,DLMT,True,1,1,2048,False,10,64,1,21,16,1,0.004976662435809727,3.209839,True,512,1024,16,3.212923510655172,1024
75,True,True,2,1024,1,1,5.86106651645309,False,DLMT,False,1,17,4,False,10,16,1,9,1,16,0.00018793881983234718,5.861183,True,2,256,1,5.861299483546909,2048
76,False,False,64,256,16,8,5.993633777695956,False,DLMT,False,1,24,4,False,10,2048,1,8,1,32,0.0006909095454543527,5.9940620000000004,True,1,64,1,5.994490222304045,2048
77,False,False,2,1,1,1,6.997336874441657,False,DLMT,True,25,1,1,False,10,32,1,15,32,4,0.000990852663114,6.9979510000000005,True,2048,64,32,6.998565125558344,1024
78,True,True,512,512,2,16,7.391238790076165,False,DLMT,False,1,10,32,True,10,512,6,1,4,4,0.0027899706091642565,7.392968000000001,True,4,64,4,7.394697209923836,2048
79,True,False,2,1,1,32,6.364889305548031,False,DLMT,False,19,1,8,True,10,2048,1,4,1,16,0.0004835380026428827,6.365189,True,1,128,16,6.365488694451969,1024
80,False,True,8,1,8,4,6.3964354103392225,False,DLMT,False,1,20,2048,True,10,32,2,1,8,2,0.000104211323760871,6.3965,True,512,256,512,6.396564589660777,2048
81,True,True,32,1,8,2,6.24425703620406,False,DLMT,True,1,19,512,False,10,64,1,23,1,8,0.0003758723187467339,6.244490000000001,True,1,2,512,6.244722963795941,1024
82,True,True,1,1024,4,8,5.531878461351553,False,DLMT,False,22,1,16,False,10,64,20,1,1,32,0.00022190989162273477,5.5320160000000005,True,4,2,8,5.532153538648448,1
83,False,False,1,1,32,4,5.960968431026622,False,DLMT,False,10,1,256,False,10,16,30,1,2,2,0.00011708543888966077,5.961041000000001,True,1,2,2048,5.96111356897338,1
84,True,False,512,4,2,2,5.975077973995731,False,DLMT,True,6,1,1,True,10,2048,1,14,1,8,0.0003469308288405605,5.975293,True,64,128,1,5.975508026004269,128
85,False,False,2,256,1,16,6.0958479708509286,False,DLMT,True,3,1,64,False,10,1,1,19,4,2,0.00015009663553867752,6.095941000000001,True,64,512,1,6.096034029149073,2048
86,False,False,32,16,1,16,4.567521377878378,False,DLMT,True,1,12,256,False,10,64,1,12,16,1,8.651589449345987e-05,4.567575,True,256,8,4,4.567628622121622,1024
87,True,True,32,2048,32,4,7.200325298068157,False,DLMT,True,1,30,1024,True,10,128,1,21,16,1,0.0003318870289722614,7.200531000000001,True,1,8,8,7.200736701931844,128
88,False,False,16,32,4,1,5.888144436217971,False,DLMT,True,1,19,512,False,10,256,1,23,32,4,0.00021872356983184402,5.88828,True,256,32,2,5.888415563782029,128
89,False,True,4,1024,8,4,9.29915790792603,False,DLMT,False,20,1,64,False,10,2048,21,1,8,1,8.8887569434416e-05,9.299213,True,32,2,2,9.29926809207397,2048
90,False,True,2,4,1,1,6.030316338767685,False,DLMT,True,1,4,512,False,10,32,1,3,4,32,0.0003011660671457935,6.030503,True,1,256,4,6.030689661232316,512
91,False,True,1,512,8,2,6.807721414345888,False,DLMT,False,18,1,32,True,10,128,17,1,8,4,0.00010259142264348853,6.807785,True,1,64,1,6.807848585654112,128
92,True,False,32,256,16,8,4.605267499846914,False,DLMT,True,11,1,1024,True,10,128,1,4,16,1,0.00813414095034012,4.610309,True,1,256,16,4.615350500153086,2048
93,False,True,512,512,32,2,6.626218533129317,False,DLMT,True,26,1,1,False,10,512,2,1,1,16,0.00029762560373722524,6.626403000000001,True,64,1,512,6.626587466870684,1
94,False,False,4,2048,1,2,4.4214827496209494,False,DLMT,True,20,1,1,False,10,64,1,27,2,8,0.0025092979097748034,4.423038,True,4,32,2048,4.424593250379051,1
95,True,True,4,512,16,1,4.390909084362281,False,DLMT,False,8,1,256,True,10,128,28,1,32,1,0.003029897853063569,4.392787,True,1,128,16,4.394664915637719,128
96,False,True,2,256,4,32,4.404005586699695,False,DLMT,False,12,1,1,True,10,1,1,28,4,32,0.00030721979102929633,4.404196000000001,True,2048,16,128,4.404386413300307,256
97,True,True,1,4,16,1,4.386645072161171,False,DLMT,True,3,1,1,True,10,4,1,1,4,2,0.0019327806393899317,4.387842999999999,True,4,64,1,4.389040927838828,128
98,False,False,2,16,8,4,4.56434318484629,False,DLMT,True,1,16,1024,False,10,64,4,1,4,1,0.00023203663503859257,4.564487,True,2,2,1,4.564630815153709,256
99,False,False,32,1,8,4,5.860133556146828,False,DLMT,True,22,1,2048,False,10,512,1,6,2,1,8.138795979759118e-05,5.860184,True,512,64,2048,5.860234443853172,128
100,False,True,16,512,4,2,5.486032600561168,False,DLMT,False,13,1,8,True,10,16,1,23,16,4,5.8728187440078233e-05,5.486069,True,1,512,2,5.486105399438832,2048
101,False,True,16,1024,16,4,8.976999885537312,False,DLMT,False,2,1,256,False,10,1024,1,16,1,32,0.00026317484682241874,8.977163000000001,True,4,4,1,8.97732611446269,1
102,False,False,8,64,32,4,6.01729927187277,False,DLMT,False,1,24,4,False,10,16,1,25,4,32,0.00013347658970763024,6.017382,True,1,8,64,6.017464728127229,8
103,True,True,2,2048,1,2,6.1838878302407645,False,DLMT,True,1,23,1024,True,10,512,8,1,4,8,0.002878644820049956,6.185672,True,64,256,32,6.187456169759236,1
104,False,False,32,1,2,16,5.855293480117612,False,DLMT,False,27,1,2048,True,10,64,1,26,8,1,0.00012023310692161967,5.855368,True,512,1,256,5.855442519882389,4
105,True,False,16,2048,4,8,6.63073015491067,False,DLMT,False,1,1,128,False,10,1,15,1,1,32,0.00044989887752688927,6.631009000000001,True,2,512,16,6.631287845089331,1
106,False,False,1,2048,4,4,5.909805017577943,False,DLMT,True,1,2,1024,True,10,512,1,27,4,16,0.0001225928219758451,5.9098809999999995,True,8,512,2,5.909956982422056,1
107,False,True,2,128,2,32,4.488842404379925,False,DLMT,True,12,1,512,True,10,2,22,1,8,16,0.0001881196427808548,4.4889589999999995,True,1,8,8,4.489075595620074,256
108,True,False,64,1,1,8,6.369023325393257,False,DLMT,False,10,1,1,False,10,128,11,1,32,2,0.022886073407205623,6.383208000000001,True,2048,1,256,6.397392674606745,16
109,True,True,4,4,1,2,4.557817161686465,False,DLMT,True,17,1,256,True,10,128,1,24,16,1,9.654532614260089e-05,4.557877,True,8,1,4,4.557936838313536,1
110,True,True,1024,2048,8,16,6.2525488301663525,False,DLMT,False,1,30,256,False,10,1024,1,12,4,1,0.0008505551128528319,6.253076,True,256,4,512,6.253603169833648,2048
111,False,False,1,1024,2,32,6.076156593913626,False,DLMT,True,13,1,2048,False,10,64,1,9,4,1,0.0004395099543809261,6.076429,True,16,8,128,6.076701406086374,16
112,False,False,4,64,8,2,6.51925959968366,False,DLMT,False,26,1,16,False,10,2048,1,25,4,2,0.0006557011514402725,6.519665999999999,True,4,64,16,6.520072400316338,512
113,False,False,1,512,32,1,6.268481540185208,False,DLMT,True,1,18,128,False,10,256,1,20,1,32,0.00021694238866578765,6.268616,True,8,512,4,6.268750459814791,2048
114,True,True,4,1,32,4,5.8228617562458185,False,DLMT,False,2,1,128,True,10,1,1,13,4,8,0.0028303611077033033,5.824616000000001,True,16,2,8,5.826370243754183,2048
115,False,True,8,2048,8,16,4.7101162190003105,False,DLMT,True,6,1,64,False,10,8,1,10,2,16,7.386474125033859e-05,4.7101619999999995,True,8,1,32,4.7102077809996885,8
116,True,False,1024,2048,32,1,7.392872566873699,False,DLMT,True,14,1,2048,True,10,1,30,1,8,16,0.005386350248544833,7.396210999999999,True,512,64,2048,7.3995494331263,512
117,False,False,1,2048,1,16,5.9435620682564965,False,DLMT,True,1,2,1,True,10,128,29,1,2,32,0.00010637668917578484,5.943628,True,4,4,16,5.943693931743504,128
118,False,True,128,2048,32,2,4.731347724315936,False,DLMT,True,1,14,1024,False,10,512,9,1,2,16,0.0005764416709433368,4.731705,True,8,8,4,4.732062275684064,16
119,True,False,128,2048,2,4,6.808355328211917,False,DLMT,True,29,1,2048,True,10,2048,1,1,2,16,0.001240203209155747,6.809124,True,2048,64,2048,6.8098926717880826,64
120,True,True,16,1,32,1,4.867827778821864,False,DLMT,False,22,1,1,True,10,64,1,9,4,8,0.0020332869940073313,4.869088,True,128,4,8,4.870348221178135,8
121,False,False,512,1,1,8,5.91249296700034,False,DLMT,True,1,27,2048,True,10,1024,17,1,1,8,0.0003195136929772369,5.912691000000001,True,16,128,32,5.9128890329996615,256
122,False,True,64,128,1,1,4.37991049771814,False,DLMT,True,1,7,2048,True,10,64,18,1,1,4,9.761659694950272e-05,4.379971,True,64,4,32,4.38003150228186,4
123,True,True,4,512,2,1,4.901834508100965,False,DLMT,True,26,1,2,False,10,2048,28,1,16,2,0.008295471294628189,4.906976,True,1,256,128,4.912117491899036,512
124,True,False,4,256,1,32,6.925224128377988,False,DLMT,True,28,1,2048,True,10,8,4,1,2,2,0.0011743747272485127,6.9259520000000006,True,1,128,128,6.926679871622013,1
125,True,False,4,32,16,2,4.392317580054478,False,DLMT,True,1,24,32,True,10,32,1,30,1,2,0.0001055509355714475,4.392383,True,4,2,1,4.392448419945522,8
126,False,True,16,2048,4,8,6.347215917406427,False,DLMT,False,29,1,512,False,10,32,22,1,4,4,0.000134048498686027,6.3472990000000005,True,128,32,256,6.347382082593574,128
127,False,True,1,1024,1,4,5.863187972700718,False,DLMT,False,1,3,8,False,10,1,15,1,2,2,0.0002743282705081946,5.863358,True,2,4,2,5.863528027299282,1
128,True,True,4,16,1,16,5.829190030680371,False,DLMT,False,1,13,4,False,10,512,1,30,2,16,0.001166465173076456,5.8299129999999995,True,1,4,1,5.830635969319628,256
129,True,True,64,1,1,8,4.942451031067948,False,DLMT,True,9,1,64,True,10,128,27,1,2,8,0.0007760128864909603,4.942932,True,64,2,4,4.943412968932051,16
130,False,False,256,1,4,32,5.9427811005691655,False,DLMT,False,1,30,1,True,10,256,20,1,32,2,0.00033704599092719117,5.94299,True,256,512,1024,5.9431988994308345,512
131,False,True,1,512,2,16,4.45512341309239,False,DLMT,True,6,1,1024,True,10,2048,11,1,2,32,6.225752966504201e-05,4.455162,True,1,2,1,4.455200586907609,128
132,True,False,2,1,8,16,5.826236147048158,False,DLMT,False,6,1,2048,True,10,4,1,9,1,4,0.0031992075581306584,5.828218999999999,True,512,1,128,5.83020185295184,8
133,False,False,2048,64,2,16,4.597222809393074,False,DLMT,True,6,1,1,False,10,1,10,1,16,1,0.00017939899665274923,4.597334,True,2048,4,4,4.597445190606926,128
134,False,False,1,64,16,8,6.3751066852391975,False,DLMT,True,30,1,2048,False,10,8,1,1,8,16,0.0003361026628873941,6.375315,True,4,2048,32,6.375523314760802,1
135,True,False,2,1024,16,4,6.5536861924688985,False,DLMT,True,1,11,32,False,10,1024,1,22,32,2,0.022337719422537334,6.567531000000001,True,32,1,256,6.581375807531103,256
136,True,True,16,8,1,16,7.004499657572926,False,DLMT,False,1,15,128,True,10,64,1,5,2,32,0.00019416487838951296,7.00462,True,4,2,4,7.004740342427074,16
137,True,True,1024,32,16,4,6.969520800120657,False,DLMT,True,8,1,2048,False,10,1,1,24,32,2,0.022965979295470892,6.9837549999999995,True,8,16,1,6.997989199879342,2048
138,False,True,64,4,16,1,4.395662123530546,False,DLMT,True,7,1,64,False,10,256,4,1,1,2,0.0009355939290098543,4.396242000000001,True,16,1024,2,4.396821876469455,2048
139,False,True,1,1024,2,16,10.061538972253443,False,DLMT,True,19,1,512,False,10,1,1,23,16,2,0.004164324675142287,10.064119999999999,True,128,128,4,10.066701027746555,2048
140,True,True,16,64,32,2,4.49296767260307,False,DLMT,True,1,15,32,False,10,1024,17,1,4,2,0.001978601526331237,4.494194,True,32,512,32,4.49542032739693,2048
141,False,True,512,32,16,8,6.02989860230713,False,DLMT,False,1,28,2048,True,10,2048,19,1,2,1,0.00014101063789646182,6.029986,True,2,256,16,6.03007339769287,256
142,True,True,512,2048,8,16,8.167989117498431,False,DLMT,False,21,1,1,True,10,1024,18,1,16,2,0.011656889979750203,8.175214,True,16,1,16,8.18243888250157,1024
143,True,True,1024,256,2,1,4.827052327758262,False,DLMT,True,24,1,256,False,10,1024,13,1,1,4,0.008808835110274197,4.832512,True,1,16,32,4.837971672241738,64
144,True,False,512,128,4,1,7.824365883586353,False,DLMT,True,23,1,128,False,10,2048,1,28,8,16,0.004908262014195971,7.827408000000001,True,64,512,16,7.830450116413649,1
145,True,False,1,4,4,1,10.0938366428182,False,DLMT,False,1,28,16,False,10,64,29,1,4,32,0.0003442382895613741,10.09405,True,4,1,2,10.094263357181799,2048
146,False,True,16,256,8,16,6.18097470127962,False,DLMT,True,28,1,4,False,10,2048,1,29,16,4,0.0001876406139405265,6.1810909999999994,True,4,1,4,6.181207298720379,8
147,False,False,4,512,8,4,5.995526261613053,False,DLMT,True,1,15,2048,False,10,1,1,13,32,2,7.056911505744311e-05,5.99557,True,512,2,128,5.995613738386947,1
148,True,False,1024,1,2,2,7.032333127184983,False,DLMT,False,1,13,1024,False,10,2048,1,11,4,32,0.011243834577225007,7.039302000000001,True,512,128,2,7.046270872815019,1
149,False,True,8,1,16,1,4.39718367556967,False,DLMT,True,2,1,1024,False,10,2048,13,1,1,4,0.0031741532729219328,4.399151,True,8,8,256,4.40111832443033,256
150,True,False,1024,1024,1,32,7.7329302529404655,False,DLMT,False,1,15,8,False,10,1,1,12,32,1,0.05070506445119653,7.7643569999999995,True,2,2048,1,7.7957837470595335,1
151,True,False,2048,1,2,16,7.494787172819992,False,DLMT,True,1,13,64,False,10,1,17,1,32,1,0.01901245825767942,7.506570999999999,True,64,16,1,7.518354827180007,32
152,True,False,8,1,16,1,4.42368857212077,False,DLMT,True,7,1,1024,False,10,64,17,1,1,2,0.002882288153533571,4.4254750000000005,True,8,16,2,4.427261427879231,16
153,True,False,4,256,2,2,12.299108130629238,False,DLMT,False,1,10,1,True,10,1,24,1,8,16,0.0008581375181168108,12.29964,True,2,8,2,12.300171869370763,32
154,False,False,1024,2048,2,32,4.379049449828709,False,DLMT,True,1,17,1,True,10,1024,1,11,4,4,7.833262411024709e-05,4.379098,True,1024,2,1,4.379146550171291,32
155,False,False,64,1,1,32,6.29421013154646,False,DLMT,False,1,3,512,True,10,1024,1,28,8,1,0.0005015665459340258,6.294521,True,16,128,2048,6.29483186845354,1024
156,True,True,64,2048,4,1,4.408577093995191,False,DLMT,True,1,16,128,False,10,256,30,1,2,4,0.0011679764552421205,4.409300999999999,True,4,32,64,4.410024906004807,128
157,False,False,2,32,1,4,5.852998469978389,False,DLMT,False,1,30,1,False,10,128,1,30,4,2,0.00170141735032885,5.8540529999999995,True,2,4,2,5.85510753002161,64
158,False,False,1,1,1,1,4.4125172305215195,True,DLMT,False,1,1,1,False,10,1,1,1,1,1,0.00015129111011556658,4.412611000000001,True,1,1,1,4.4127047694784824,1
159,True,True,256,4,32,1,4.365999212347963,False,DLMT,True,2,1,2048,False,10,2048,9,1,2,1,0.000828963811031514,4.366513,True,2048,4,2,4.367026787652038,32
160,True,True,4,1024,1,1,4.483553405668731,False,DLMT,True,1,29,2048,True,10,2048,23,1,1,1,0.00016068914088999002,4.483653,True,2048,4,512,4.4837525943312695,32
161,True,True,256,1024,2,1,4.945659258654605,False,DLMT,True,4,1,1,True,10,2048,8,1,4,1,0.004841505964056927,4.94866,True,2048,16,2,4.951660741345395,32
162,True,True,256,256,4,1,4.741306619159104,False,DLMT,True,22,1,1,False,10,2048,2,1,1,1,0.0008379880667408663,4.7418260000000005,True,2048,32,4,4.742345380840897,32
163,True,True,2048,2048,1,1,4.369788201905359,False,DLMT,True,7,1,2048,False,10,2048,1,13,32,1,0.012561891736518027,4.377574,True,2048,16,1,4.385359798094641,32
164,False,True,64,512,32,1,4.398569007810766,False,DLMT,True,22,1,2048,True,10,2048,11,1,16,1,9.679359482941793e-05,4.398629000000001,True,2048,8,256,4.398688992189235,32
165,True,True,1,8,32,1,5.571103484673107,False,DLMT,True,1,21,1,False,10,2048,29,1,2,1,0.0003686949958977271,5.571332,True,2048,2,8,5.571560515326893,32
166,True,True,16,2048,8,1,4.368820530052719,False,DLMT,True,1,20,2048,False,10,2048,11,1,8,1,0.00405693788466117,4.371335,True,2048,2,32,4.373849469947281,32
167,False,True,2,1,2,1,4.384549763148324,False,DLMT,True,1,30,1,False,10,2048,1,20,16,1,4.878524367055736e-05,4.384580000000001,True,2048,4,2048,4.384610236851677,32
168,True,True,2048,512,16,1,4.418024231367629,False,DLMT,True,2,1,2048,True,10,2048,8,1,1,1,0.00038846492763192645,4.418265,True,2048,32,512,4.418505768632371,32
169,False,True,2,2048,8,1,4.4058229040245624,False,DLMT,True,1,6,1,True,10,2048,27,1,4,1,8.405355435656088e-05,4.405875,True,2048,32,32,4.4059270959754375,32
170,True,True,1,1,8,1,6.113771017082558,False,DLMT,True,1,23,2048,True,10,2048,1,10,4,1,0.0007695817045642358,6.114248,True,2048,8,256,6.1147249829174415,32
171,False,True,2048,1,1,1,6.607760610237906,False,DLMT,True,1,20,1,False,10,2048,1,30,2,1,0.0013204200089366228,6.608579000000001,True,2048,1,1024,6.609397389762095,32
172,False,True,32,1,16,1,4.429795586306728,False,DLMT,True,1,19,2048,True,10,2048,23,1,1,1,0.00011038115781222554,4.429864,True,2048,32,64,4.4299324136932725,32
173,False,True,2048,16,8,1,4.447810949872567,False,DLMT,True,13,1,2048,True,10,2048,5,1,8,1,0.0001662648489608553,4.447914,True,2048,32,1,4.448017050127433,32
174,True,True,1,1024,32,1,6.409110675288441,False,DLMT,True,1,30,1,True,10,2048,24,1,8,1,0.002775634882328746,6.410831,True,2048,8,32,6.412551324711559,32
175,True,True,32,2048,16,1,6.283314173614311,False,DLMT,True,1,30,1,False,10,2048,18,1,8,1,0.0028474355128781438,6.2850790000000005,True,2048,32,256,6.28684382638569,32
176,False,True,2048,8,2,1,5.962565295512975,False,DLMT,True,27,1,2048,False,10,2048,30,1,8,1,0.0001237578280352296,5.962642,True,2048,2,1,5.962718704487025,32
177,True,True,512,16,2,1,4.377014534446115,False,DLMT,True,11,1,2048,True,10,2048,1,29,2,1,0.0008155366331440583,4.37752,True,2048,16,4,4.378025465553884,32
178,False,True,32,2048,32,1,4.579506276648945,False,DLMT,True,1,15,1,True,10,2048,30,1,2,1,0.0008514481781060624,4.5800339999999995,True,2048,4,2048,4.580561723351054,32
179,True,True,256,256,32,1,4.783496051581985,False,DLMT,True,30,1,2048,False,10,2048,1,3,1,1,0.013951303200776786,4.792143000000001,True,2048,2,1,4.800789948418017,32
180,False,True,2,1024,4,1,6.365769952301443,False,DLMT,True,7,1,2048,False,10,2048,1,19,2,1,0.00019691622584239694,6.3658920000000006,True,2048,32,512,6.366014047698558,32
181,False,True,8,2048,16,1,4.448692166956855,False,DLMT,True,12,1,2048,False,10,2048,21,1,1,1,8.685620300240977e-05,4.448746000000001,True,2048,16,32,4.448799833043147,32
182,True,True,128,1024,8,1,5.9531953655004015,False,DLMT,True,19,1,2048,True,10,2048,1,7,16,1,0.0022549946784859104,5.954593,True,2048,32,8,5.9559906344995985,32
183,False,True,1,2048,2,1,4.395996797406915,False,DLMT,True,28,1,2048,True,10,2048,1,25,8,1,9.551963149001226e-05,4.396056,True,2048,16,2048,4.3961152025930845,32
184,True,True,8,8,4,1,4.472687196171006,False,DLMT,True,29,1,1,True,10,2048,1,1,32,1,0.00014973309587390122,4.47278,True,2048,2,8,4.472872803828994,32
185,False,True,8,256,16,1,4.426566094658055,False,DLMT,True,1,3,1,True,10,2048,3,1,8,1,5.793099343185252e-05,4.426602000000001,True,2048,2,256,4.426637905341947,32
186,False,True,1024,2048,2,1,4.574304810491617,False,DLMT,True,1,30,2048,True,10,2048,17,1,16,1,0.00024877499874393315,4.574459,True,2048,2,128,4.5746131895083835,32
187,False,True,2,128,32,1,6.5240072900008474,False,DLMT,True,1,21,2048,True,10,2048,1,8,16,1,0.00017539669324132762,6.524116000000001,True,2048,32,32,6.524224709999155,32
188,True,True,8,512,8,1,4.365761435022105,False,DLMT,True,4,1,2048,False,10,2048,1,24,1,1,0.0009609063429909375,4.366357000000001,True,2048,8,8,4.366952564977897,32
189,False,True,128,2,32,1,4.710228196122596,False,DLMT,True,10,1,1,True,10,2048,1,26,8,1,0.000180388469698112,4.71034,True,2048,4,1,4.710451803877405,32
190,True,True,1,16,16,1,7.361252302120686,False,DLMT,True,1,25,1,False,10,2048,1,22,32,1,0.00029638488490477057,7.361436,True,2048,32,2,7.3616196978793145,32
191,False,True,32,1,32,1,4.3826954040697474,False,DLMT,True,14,1,1,False,10,2048,3,1,32,1,8.163332652777713e-05,4.382746,True,2048,8,1,4.382796595930253,32
192,False,True,256,1,4,1,4.383937928668204,False,DLMT,True,11,1,2048,True,10,2048,1,1,32,1,0.00011466908912164828,4.384009000000001,True,2048,1,2048,4.384080071331797,32
193,False,True,2048,1,1,1,4.759586539289202,False,DLMT,True,2,1,1,False,10,2048,28,1,16,1,0.0005686730167679037,4.759939000000001,True,2048,32,2,4.7602914607108,32
194,False,True,512,64,1,1,4.6078980157265805,False,DLMT,True,19,1,1,False,10,2048,1,15,8,1,0.0001371167385842669,4.607983000000001,True,2048,2,1,4.608067984273421,32
195,True,True,128,32,1,1,4.362321366561691,False,DLMT,True,25,1,2048,True,10,2048,20,1,2,1,0.0007625640956667912,4.362793999999999,True,2048,16,1,4.3632666334383075,32
196,True,True,64,8,4,1,4.731284962908124,False,DLMT,True,10,1,1,False,10,2048,27,1,1,1,0.003549620402240266,4.733485,True,2048,8,2,4.7356850370918755,32
197,False,True,2048,128,16,1,4.432739684451299,False,DLMT,True,8,1,2048,True,10,2048,1,19,1,1,0.00012474373731789478,4.432817,True,2048,4,16,4.432894315548701,32
198,False,True,32,32,1,1,4.560166250099996,False,DLMT,True,9,1,2048,True,10,2048,1,8,8,1,9.478923989572769e-05,4.560225,True,2048,2,4,4.5602837499000035,32
199,False,True,64,1024,4,1,4.532609425970252,False,DLMT,True,1,14,1,False,10,2048,21,1,32,1,0.0003445881599823,4.532823,True,2048,4,1024,4.533036574029747,32
200,True,True,8,1024,8,1,4.3762719211494,False,DLMT,True,1,20,2048,True,10,2048,27,1,8,1,0.004080508424204064,4.378800999999999,True,2048,32,128,4.381330078850598,32
201,True,True,512,1024,32,1,4.391002070208195,False,DLMT,True,25,1,1,True,10,2048,1,22,2,1,0.000916318721843012,4.391570000000001,True,2048,8,2,4.392137929791806,32
202,True,True,2,8,4,1,4.370771031860051,False,DLMT,True,1,1,1,True,10,2048,1,15,2,1,0.0008937924815078067,4.371325000000001,True,2048,2,2,4.37187896813995,32
203,True,True,8,256,16,1,4.412507093127031,False,DLMT,True,19,1,1,False,10,2048,1,21,8,1,0.004044735343628751,4.415013999999999,True,2048,16,256,4.4175209068729675,32
204,True,True,64,1,1,1,4.7555651375150045,False,DLMT,True,30,1,2048,False,10,2048,29,1,4,1,0.001924608012037918,4.756758,True,2048,1,64,4.757950862484995,32
205,False,True,1,1024,16,1,4.573948103996175,False,DLMT,True,30,1,2048,True,10,2048,7,1,2,1,7.566372975217795e-05,4.573995000000001,True,2048,1,4,4.574041896003827,32
206,True,True,16,1024,32,1,4.846639508637879,False,DLMT,True,1,12,1,False,10,2048,1,28,2,1,0.0004541684709443946,4.846921,True,2048,2,1024,4.847202491362121,32
207,True,True,1,1,16,1,3.198931135761371,False,DLMT,True,20,1,1,True,10,2048,1,29,32,1,0.015316134760441401,3.208424,True,2048,2,256,3.217916864238629,32
208,True,True,64,64,2,1,5.21491835492975,False,DLMT,True,1,9,2048,False,10,2048,1,29,16,1,0.0072163293300679335,5.219391,True,2048,4,16,5.223863645070249,32
209,True,True,32,2048,2,1,6.23774310052806,False,DLMT,True,1,30,1,False,10,2048,30,1,32,1,0.015627584874189502,6.247429,True,2048,1,32,6.257114899471941,32
210,False,True,4,512,8,1,4.427307008799409,False,DLMT,True,10,1,2048,True,10,2048,1,19,4,1,9.033825324854628e-05,4.427363,True,2048,2,16,4.42741899120059,32
211,False,True,4,16,32,1,4.368567275222279,False,DLMT,True,1,4,2048,False,10,2048,29,1,1,1,8.829496021856141e-05,4.368622,True,2048,32,8,4.368676724777721,32
212,False,True,8,8,32,1,7.36526932059742,False,DLMT,True,23,1,2048,False,10,2048,1,3,2,1,8.660831368883671e-05,7.365323000000001,True,2048,4,1,7.365376679402582,32
213,False,True,2048,1024,8,1,5.873386164983104,False,DLMT,True,1,11,2048,False,10,2048,1,2,4,1,6.749814812282383e-05,5.873428,True,2048,16,64,5.873469835016896,32
214,False,True,64,2048,16,1,7.2646177858168155,False,DLMT,True,30,1,1,False,10,2048,1,15,32,1,0.0006505605275453303,7.265021000000002,True,2048,16,64,7.265424214183188,32
215,True,True,2048,1,8,1,4.773295685884691,False,DLMT,True,1,6,1,False,10,2048,20,1,4,1,0.0010234256201598878,4.77393,True,2048,8,128,4.774564314115309,32
216,False,True,8,512,2,1,4.447098652250453,False,DLMT,True,22,1,2048,False,10,2048,22,1,1,1,0.00014577036735903456,4.447189,True,2048,1,512,4.4472793477495465,32
217,True,True,128,16,4,1,4.368368321726296,False,DLMT,True,2,1,2048,False,10,2048,1,21,4,1,0.0019291511086484852,4.3695640000000004,True,2048,4,1,4.370759678273705,32
218,True,True,2,512,4,1,4.3783235887953,False,DLMT,True,2,1,2048,False,10,2048,1,9,2,1,0.0008412639300480111,4.378845,True,2048,4,32,4.379366411204701,32
219,True,True,4,128,4,1,8.288286980357165,False,DLMT,True,13,1,2048,False,10,2048,1,9,32,1,0.0006599272687198116,8.288696,True,2048,1,4,8.289105019642834,32
220,False,True,256,1,2,1,4.464016969856034,False,DLMT,True,1,25,1,False,10,2048,1,1,1,1,9.846826900070697e-05,4.464078,True,2048,1,512,4.464139030143966,32
221,False,True,1,2048,16,1,5.8753520672923285,False,DLMT,True,1,18,1,False,10,2048,1,17,1,1,0.023901341468628906,5.890166,True,2048,1,2,5.904979932707671,32
222,True,True,1,1024,16,1,6.822025676403468,False,DLMT,True,29,1,2048,False,10,2048,1,14,2,1,0.0010040796781133822,6.822648000000001,True,2048,32,128,6.8232703235965335,32
223,False,True,2,64,2,1,4.455593591884726,False,DLMT,True,1,6,2048,False,10,2048,1,29,16,1,0.00013780058055039393,4.455678999999999,True,2048,2,64,4.4557644081152725,32
224,False,True,1,1,1,1,4.407188270505442,False,DLMT,True,1,13,2048,False,10,2048,30,1,1,1,0.00016413409152278013,4.40729,True,2048,4,8,4.407391729494558,32
225,True,True,2048,1,32,1,3.112647840316814,False,DLMT,True,28,1,1,True,10,2048,15,1,16,1,0.005142280136281908,3.1158349999999997,True,2048,1,256,3.1190221596831855,32
226,False,True,4,1,16,1,11.263046033512008,False,DLMT,True,29,1,1,False,10,2048,1,3,2,1,0.0016359706598832523,11.26406,True,2048,8,2,11.265073966487993,32
227,True,True,2,2048,1,1,4.488256826304996,False,DLMT,True,17,1,1,True,10,2048,28,1,1,1,0.0003165138227628128,4.488453,True,2048,2,8,4.488649173695004,32
228,False,True,32,1,32,1,4.472866801081248,False,DLMT,True,6,1,1,True,10,2048,23,1,8,1,0.00010358088626782301,4.472930999999999,True,2048,8,8,4.47299519891875,32
229,True,True,1,16,16,1,6.2190811759301114,False,DLMT,True,1,1,2048,True,10,2048,1,22,8,1,0.01195689491465074,6.2264919999999995,True,2048,1,1,6.2339028240698875,32
230,False,True,1024,2048,16,1,4.503280842168694,False,DLMT,True,1,25,1,False,10,2048,14,1,2,1,0.0017750349292337357,4.504381,True,2048,2,16,4.505481157831307,32
231,True,True,2048,1,32,1,3.2281298852301576,False,DLMT,True,1,1,2048,True,10,2048,1,20,32,1,0.009947021916131438,3.2342950000000004,True,2048,2,512,3.240460114769843,32
232,True,True,2,16,4,1,4.382018376802003,False,DLMT,True,9,1,1,True,10,2048,7,1,8,1,0.005922317873940962,4.385689,True,2048,32,16,4.389359623197997,32
233,True,True,16,256,2,1,4.398684383852714,False,DLMT,True,1,5,2048,True,10,2048,2,1,1,1,0.0033682363337509476,4.400772000000001,True,2048,32,2,4.402859616147287,32
234,False,True,8,512,4,1,4.594632279559349,False,DLMT,True,12,1,1,False,10,2048,29,1,4,1,0.0002286569482871381,4.594773999999999,True,2048,8,128,4.59491572044065,32
235,True,True,4,2048,1,1,4.381638584648787,False,DLMT,True,1,18,1,False,10,2048,2,1,4,1,0.0019158194069379352,4.382826,True,2048,8,2048,4.3840134153512125,32
236,True,True,2048,1024,4,1,5.311115517907412,False,DLMT,True,1,21,1,True,10,2048,9,1,32,1,0.00020245740292718553,5.311241,True,2048,1,4,5.311366482092588,32
237,False,True,512,128,2,1,4.43943210297572,False,DLMT,True,20,1,1,True,10,2048,1,18,1,1,0.00014827002394271978,4.439524,True,2048,8,32,4.439615897024279,32
238,True,True,512,16,2,1,6.2371411275132465,False,DLMT,True,1,23,1,False,10,2048,18,1,4,1,0.0010904774183814424,6.237817,True,2048,1,1,6.238492872486753,32
239,True,True,1,1024,4,1,3.1108353969211766,False,DLMT,True,6,1,1,True,10,2048,29,1,16,1,0.005157516456590329,3.1140320000000004,True,2048,8,1,3.117228603078824,32
240,False,True,64,1,4,1,4.417508747454044,False,DLMT,True,1,9,1,True,10,2048,16,1,32,1,7.785242449669958e-05,4.417557,True,2048,2,2048,4.417605252545957,32
241,True,True,32,1,16,1,4.371462346624574,False,DLMT,True,16,1,1,True,10,2048,8,1,8,1,0.004225031242487949,4.374080999999999,True,2048,2,8,4.376699653375425,32
242,False,True,512,64,16,1,4.626725169208455,False,DLMT,True,1,23,2048,True,10,2048,26,1,32,1,0.0003433889922523158,4.626938000000001,True,2048,1,2,4.627150830791547,32
243,True,True,2048,2048,32,1,4.371972493327018,False,DLMT,True,6,1,2048,False,10,2048,12,1,8,1,0.0039827790548812225,4.374441,True,2048,32,2048,4.376909506672982,32
244,False,True,4,512,2,1,5.1040890741975735,False,DLMT,True,1,19,1,False,10,2048,1,28,32,1,0.0011631680875952724,5.1048100000000005,True,2048,16,2,5.1055309258024275,32
245,True,True,2048,32,4,1,4.443896633802296,False,DLMT,True,30,1,1,True,10,2048,1,9,1,1,7.964923100695052e-05,4.443946,True,2048,2,16,4.443995366197705,32
246,True,True,256,2,8,1,6.834551773840008,False,DLMT,True,1,16,2048,True,10,2048,1,12,8,1,0.0002762625562755943,6.834722999999999,True,2048,16,2,6.8348942261599905,32
247,True,True,64,128,1,1,11.81807581836482,False,DLMT,True,25,1,2048,False,10,2048,7,1,16,1,0.0007166589146865835,11.81852,True,2048,16,2,11.81896418163518,32
248,False,True,32,128,8,1,4.535040692847727,False,DLMT,True,1,30,1,True,10,2048,1,30,8,1,0.0002005617112012624,4.535165,True,2048,8,1,4.535289307152273,32
249,True,True,16,8,1,1,5.97701199375697,False,DLMT,True,1,8,2048,True,10,2048,1,24,16,1,0.00012747156545664547,5.977091000000001,True,2048,32,4,5.977170006243031,32
250,True,True,1024,256,8,1,4.482671154932023,False,DLMT,True,1,8,1,False,10,2048,25,1,16,1,4.3312815655457206e-05,4.482698000000001,True,2048,1,4,4.482724845067979,32
251,True,True,512,32,1,1,3.188588786771915,False,DLMT,True,3,1,1,True,10,2048,1,2,16,1,0.00502458565455903,3.1917029999999995,True,2048,8,16,3.194817213228084,32
252,True,True,512,512,2,1,6.369739581818577,False,DLMT,True,13,1,2048,False,10,2048,1,19,2,1,0.0026773660564069412,6.371398999999999,True,2048,1,16,6.373058418181421,32
253,True,True,2048,32,16,1,inf,False,DLMT,True,1,10,2048,False,1,2048,1,25,2,1,inf,inf,False,2048,16,1,inf,32
254,False,True,64,32,32,1,6.573419279868603,False,DLMT,True,1,29,2048,True,10,2048,1,13,1,1,0.0009740641662641517,6.5740229999999995,True,2048,1,8,6.574626720131396,32
255,False,True,16,1024,8,1,4.631075168698122,False,DLMT,True,1,2,1,False,10,2048,11,1,32,1,0.00021915519615122865,4.631211,True,2048,8,64,4.631346831301879,32
256,False,True,1,512,2,1,6.7258743735875735,False,DLMT,True,1,8,2048,True,10,2048,1,27,32,1,0.000677040619165358,6.726294,True,2048,32,1,6.726713626412427,32
257,True,True,2048,1024,8,1,6.1473738832682026,False,DLMT,True,1,13,2048,True,10,2048,1,17,16,1,0.007123511002307729,6.151789,True,2048,8,128,6.156204116731797,32
258,False,True,32,2048,32,1,6.313370537311617,False,DLMT,True,1,11,1,True,10,2048,1,12,2,1,0.0004024922359500039,6.31362,True,2048,1,256,6.313869462688383,32
259,False,True,128,2048,8,1,4.390369620492431,False,DLMT,True,2,1,2048,True,10,2048,1,30,8,1,0.00016679628293229153,4.390473,True,2048,2,2048,4.390576379507569,32
260,True,True,1024,128,8,1,5.153400194847211,False,DLMT,True,1,18,2048,False,10,2048,29,1,1,1,0.00034980137220985317,5.153617,True,2048,4,8,5.1538338051527885,32
261,True,True,256,512,1,1,5.851091423582116,False,DLMT,True,1,17,1,False,10,2048,17,1,4,1,0.0011384028285278298,5.8517969999999995,True,2048,2,128,5.852502576417883,32
262,True,True,128,2048,8,1,5.843426527023455,False,DLMT,True,1,27,2048,True,10,2048,8,1,32,1,0.012850172333474734,5.8513910000000005,True,2048,2,512,5.859355472976546,32
263,False,True,2048,2048,4,1,7.170904954624285,False,DLMT,True,25,1,2048,True,10,2048,1,30,4,1,0.00045828920999733714,7.171189,True,2048,32,16,7.171473045375715,32
264,False,True,1,2048,1,1,6.824714754166776,False,DLMT,True,16,1,2048,False,10,2048,1,2,32,1,0.001434741788615794,6.825604,True,2048,8,8,6.826493245833224,32
265,True,True,4,1,1,1,4.387669453388129,False,DLMT,True,1,21,1,True,10,2048,11,1,2,1,0.0009721707668921901,4.388272,True,2048,4,64,4.388874546611871,32
266,True,True,32,1,1,1,4.383383565942386,False,DLMT,True,8,1,2048,True,10,2048,18,1,2,1,0.00078321708357266,4.383869,True,2048,32,2048,4.384354434057614,32
267,True,True,512,1,2,1,4.381229290768219,False,DLMT,True,8,1,1,True,10,2048,1,1,2,1,0.0009030553692880003,4.3817889999999995,True,2048,4,2048,4.38234870923178,32
268,False,True,8,2048,32,1,4.404448960527697,False,DLMT,True,8,1,2048,True,10,2048,1,1,2,1,0.0001517267280343444,4.404543,True,2048,8,2048,4.404637039472304,32
269,False,True,2048,2048,16,1,4.4046952545391935,False,DLMT,True,8,1,1,True,10,2048,4,1,2,1,0.00017061359852026407,4.404801,True,2048,1,2048,4.404906745460806,32
270,True,True,1,1,32,1,4.379489797511008,False,DLMT,True,8,1,2048,True,10,2048,15,1,2,1,0.0007021716314407379,4.379925,True,2048,2,2048,4.380360202488992,32
271,True,True,1,2048,2,1,4.37430047686083,False,DLMT,True,8,1,1,True,10,2048,22,1,2,1,0.00087694013478676,4.3748439999999995,True,2048,8,2048,4.375387523139169,32
272,True,True,2048,2048,1,1,4.390475078620295,False,DLMT,True,8,1,1,True,10,2048,6,1,2,1,0.000859834867867054,4.391008000000001,True,2048,2,2048,4.391540921379708,32
273,True,True,4,2048,32,1,4.37588772887434,False,DLMT,True,8,1,1,True,10,2048,18,1,2,1,0.0008103826256776008,4.376390000000001,True,2048,16,2048,4.376892271125661,32
274,True,True,2048,2048,4,1,4.377299447646049,False,DLMT,True,8,1,1,True,10,2048,9,1,2,1,0.0009124828765516072,4.377864999999999,True,2048,4,2048,4.378430552353949,32
275,False,True,64,1,2,1,4.4005068717506175,False,DLMT,True,8,1,1,True,10,2048,9,1,2,1,9.055937278935078e-05,4.400563000000001,True,2048,2,2048,4.400619128249384,32
276,True,True,256,2048,16,1,4.368357890986743,False,DLMT,True,8,1,1,True,10,2048,8,1,2,1,0.0008520704196250778,4.368886,True,2048,8,2048,4.369414109013257,32
277,False,True,1,1,1,1,4.400691748033531,False,DLMT,True,8,1,1,True,10,2048,2,1,2,1,0.0014170038814344426,4.40157,True,2048,8,2048,4.40244825196647,32
278,False,True,2,2048,8,1,4.404472025790574,False,DLMT,True,8,1,1,True,10,2048,1,1,2,1,0.0027185990877657148,4.406156999999999,True,2048,32,2048,4.407841974209425,32
279,False,True,256,2048,4,1,4.406828006517432,False,DLMT,True,8,1,1,True,10,2048,30,1,2,1,0.00016456001944584628,4.40693,True,2048,4,2048,4.407031993482568,32
280,True,True,8,2048,1,1,4.371084146052911,False,DLMT,True,8,1,2048,True,10,2048,14,1,2,1,0.0007564661261416466,4.3715530000000005,True,2048,4,2048,4.37202185394709,32
281,True,True,16,1,4,1,4.382651736948763,False,DLMT,True,8,1,1,True,10,2048,17,1,2,1,0.0008345711473566568,4.383169,True,2048,32,2048,4.383686263051236,32
282,True,True,2048,1,1,1,4.3851679586180525,False,DLMT,True,8,1,1,True,10,2048,1,1,2,1,0.0008568016106426717,4.385699,True,2048,1,2048,4.386230041381947,32
283,True,True,2048,1,4,1,4.383280082252232,False,DLMT,True,8,1,2048,True,10,2048,30,1,2,1,0.0008727365008982526,4.383820999999999,True,2048,8,2048,4.384361917747767,32
284,True,True,1,1,1,1,4.379025999779701,False,DLMT,True,8,1,1,True,10,2048,30,1,2,1,0.0006711899880064235,4.379442,True,2048,32,2048,4.379858000220299,32
285,False,True,2048,1,8,1,4.406418901225184,False,DLMT,True,8,1,2048,True,10,2048,20,1,2,1,0.0001340746060966171,4.406502000000001,True,2048,16,2048,4.406585098774817,32
286,True,True,1,2048,1,1,4.397121913242402,False,DLMT,True,8,1,2048,True,10,2048,11,1,2,1,0.0008375135819794848,4.397641,True,2048,32,2048,4.398160086757598,32
287,True,True,256,1,32,1,4.377865768961578,False,DLMT,True,8,1,1,True,10,2048,1,1,2,1,0.0008167716939268045,4.378372000000001,True,2048,32,2048,4.378878231038423,32
288,False,True,1024,2048,8,1,4.403682470158348,False,DLMT,True,8,1,1,True,10,2048,25,1,2,1,0.00023964348520249471,4.403831,True,2048,1,2048,4.403979529841653,32
289,False,True,32,2048,32,1,4.398677188405711,False,DLMT,True,8,1,2048,True,10,2048,14,1,2,1,0.00020621590627294568,4.398805000000001,True,2048,32,2048,4.398932811594292,32
290,False,True,16,1,32,1,4.405206670316471,False,DLMT,True,8,1,1,True,10,2048,9,1,2,1,0.00013928747251642725,4.4052929999999995,True,2048,16,2048,4.4053793296835275,32
291,False,True,16,1,16,1,4.40188492377297,False,DLMT,True,8,1,1,True,10,2048,29,1,2,1,0.00015501290268889477,4.401981,True,2048,4,2048,4.40207707622703,32
292,False,True,2,1,2,1,4.404082151440932,False,DLMT,True,8,1,2048,True,10,2048,22,1,2,1,0.0001368977720782433,4.404166999999999,True,2048,4,2048,4.404251848559067,32
293,True,True,256,2048,1,1,4.381212055063099,False,DLMT,True,8,1,2048,True,10,2048,1,1,2,1,0.0009034356645606322,4.381772,True,2048,8,2048,4.382331944936901,32
294,True,True,256,1,32,1,4.3763644434798366,False,DLMT,True,8,1,2048,True,10,2048,30,1,2,1,0.0007382384438649011,4.376822000000001,True,2048,16,2048,4.377279556520165,32
295,True,True,1,1,16,1,4.373982534474453,False,DLMT,True,8,1,1,True,10,2048,10,1,2,1,0.0015899861634617622,4.374968,True,2048,16,2048,4.375953465525547,32
296,False,True,1,2048,2,1,4.403427052284243,False,DLMT,True,8,1,1,True,10,2048,30,1,2,1,0.0007259621202237929,4.403877,True,2048,32,2048,4.404326947715756,32
297,False,True,8,1,1,1,4.5055960933968935,False,DLMT,True,8,1,1,True,10,2048,23,1,2,1,0.0001692601547913941,4.505701,True,2048,1,2048,4.505805906603107,32
298,True,True,256,2048,4,1,4.38156983655738,False,DLMT,True,8,1,2048,True,10,2048,17,1,2,1,0.0007908476465159155,4.38206,True,2048,1,2048,4.3825501634426205,32
299,False,True,64,1,32,1,4.403163325042819,False,DLMT,True,8,1,2048,True,10,2048,5,1,2,1,0.00018018046508976976,4.403275,True,2048,2,2048,4.403386674957181,32
300,True,True,16,2048,1,1,4.532984772615301,False,DLMT,True,8,1,2048,True,10,2048,29,1,2,1,0.0009813363337817754,4.533593,True,2048,8,2048,4.534201227384698,32
301,False,True,2048,1,4,1,4.4010608224851895,False,DLMT,True,8,1,2048,True,10,2048,1,1,2,1,0.00014549570440389626,4.4011510000000005,True,2048,32,2048,4.4012411775148115,32
302,True,True,2048,1,2,1,4.375542798466146,False,DLMT,True,8,1,2048,True,10,2048,30,1,2,1,0.0008635137520620198,4.376078000000001,True,2048,32,2048,4.376613201533855,32
303,True,True,2048,2048,32,1,4.374250952226719,False,DLMT,True,8,1,1,True,10,2048,22,1,2,1,0.0007632325988844121,4.3747240000000005,True,2048,32,2048,4.375197047773282,32
304,False,True,1,2048,4,1,4.40987630072369,False,DLMT,True,8,1,2048,True,10,2048,7,1,2,1,0.00010761505470875499,4.409943,True,2048,1,2048,4.41000969927631,32
305,True,True,4,2048,2,1,4.382657929714096,False,DLMT,True,8,1,1,True,10,2048,1,1,2,1,0.0008891169776806824,4.383209,True,2048,1,2048,4.383760070285904,32
306,False,True,1,1,32,1,4.398276221860053,False,DLMT,True,8,1,1,True,10,2048,19,1,2,1,0.0022455458133826775,4.399668,True,2048,1,2048,4.401059778139947,32
307,False,True,2048,1,32,1,4.399561169292359,False,DLMT,True,8,1,2048,True,10,2048,5,1,2,1,0.00021754080077085371,4.3996960000000005,True,2048,16,2048,4.399830830707642,32
308,True,True,32,1,16,1,4.3742567748714745,False,DLMT,True,8,1,1,True,10,2048,5,1,2,1,0.000786106862964659,4.374744000000001,True,2048,32,2048,4.375231225128527,32
309,True,True,2048,2048,32,1,4.371271777366482,False,DLMT,True,8,1,1,True,10,2048,22,1,2,1,0.0034579538747646103,4.373415,True,2048,2,2048,4.375558222633517,32
310,True,True,2,2048,16,1,4.371857244388451,False,DLMT,True,8,1,2048,True,10,2048,1,1,2,1,0.0008030971298664668,4.372355000000001,True,2048,4,2048,4.37285275561155,32
311,True,True,4,1,16,1,4.370157311747727,False,DLMT,True,8,1,1,True,10,2048,21,1,2,1,0.0008142825062594744,4.370661999999999,True,2048,32,2048,4.371166688252272,32
312,True,True,8,2048,4,1,4.375512721848629,False,DLMT,True,8,1,2048,True,10,2048,8,1,2,1,0.0008749314258842234,4.376054999999999,True,2048,1,2048,4.376597278151369,32
313,False,True,512,2048,1,1,4.495597754965937,False,DLMT,True,8,1,2048,True,10,2048,25,1,2,1,0.00011010903686801472,4.495666,True,2048,32,2048,4.495734245034063,32
314,True,True,256,2048,32,1,4.3760781043882115,False,DLMT,True,8,1,2048,True,10,2048,1,1,2,1,0.0007468527297935422,4.3765410000000005,True,2048,2,2048,4.377003895611789,32
315,True,True,2,2048,32,1,4.3708200509969295,False,DLMT,True,8,1,1,True,10,2048,30,1,2,1,0.0008744003659652266,4.371362,True,2048,1,2048,4.371903949003071,32
316,False,True,256,1,8,1,4.400627731686302,False,DLMT,True,8,1,2048,True,10,2048,28,1,2,1,0.00017952437160449782,4.400739,True,2048,1,2048,4.400850268313698,32
317,True,True,1,1,16,1,4.368413662689002,False,DLMT,True,8,1,2048,True,10,2048,25,1,2,1,0.0008346909607753614,4.368931,True,2048,2,2048,4.369448337310998,32
318,False,True,512,2048,1,1,4.4027315390025406,False,DLMT,True,8,1,2048,True,10,2048,13,1,2,1,9.754998718600469e-05,4.402792,True,2048,16,2048,4.402852460997459,32
319,True,True,1,1,16,1,4.369415458124228,False,DLMT,True,8,1,2048,True,10,2048,12,1,2,1,0.0008301807032207573,4.36993,True,2048,1,2048,4.370444541875772,32
320,True,True,1,1,16,1,4.3704118810000425,False,DLMT,True,8,1,1,True,10,2048,25,1,2,1,0.00236871695227603,4.371879999999999,True,2048,2,2048,4.373348118999956,32
321,True,True,1,2048,16,1,4.368926452262654,False,DLMT,True,8,1,1,True,10,2048,8,1,2,1,0.0007995348647808682,4.369421999999999,True,2048,32,2048,4.369917547737344,32
322,True,True,1,2048,16,1,4.368817920272823,False,DLMT,True,8,1,1,True,10,2048,11,1,2,1,0.0008052335065060369,4.369317000000001,True,2048,4,2048,4.369816079727178,32
323,True,True,1,2048,16,1,4.372653253072766,False,DLMT,True,8,1,1,True,10,2048,30,1,2,1,0.0010918882726727037,4.37333,True,2048,8,2048,4.374006746927234,32
324,True,True,1,2048,16,1,4.368859605543693,False,DLMT,True,8,1,1,True,10,2048,24,1,2,1,0.0007976741189231735,4.3693539999999995,True,2048,8,2048,4.369848394456306,32
325,True,True,1,2048,16,1,4.369742342148928,False,DLMT,True,8,1,2048,True,10,2048,8,1,2,1,0.0008594096811183397,4.370275,True,2048,4,2048,4.370807657851072,32
326,True,True,1,1,16,1,4.37021399169066,False,DLMT,True,8,1,1,True,10,2048,13,1,2,1,0.000897084165505025,4.370769999999999,True,2048,1,2048,4.371326008309339,32
327,True,True,1,1,16,1,4.370576563093619,False,DLMT,True,8,1,1,True,10,2048,30,1,2,1,0.0008768010036491534,4.37112,True,2048,32,2048,4.371663436906382,32
328,True,True,1,1,16,1,4.372737882101376,False,DLMT,True,8,1,1,True,10,2048,1,1,2,1,0.0008407906992825125,4.373258999999999,True,2048,16,2048,4.373780117898622,32
329,True,True,1,2048,16,1,4.375177972498609,False,DLMT,True,8,1,1,True,10,2048,30,1,2,1,0.0009229301165309624,4.375749999999999,True,2048,32,2048,4.37632202750139,32
330,True,True,1,2048,16,1,4.3725347889617705,False,DLMT,True,8,1,2048,True,10,2048,22,1,2,1,0.0010539146075467089,4.373188000000001,True,2048,1,2048,4.373841211038231,32
331,True,True,1,2048,16,1,4.3724721388856365,False,DLMT,True,8,1,2048,True,10,2048,1,1,2,1,0.0008016539153525045,4.372968999999999,True,2048,32,2048,4.373465861114362,32
332,True,True,1,2048,16,1,4.37333466786995,False,DLMT,True,8,1,2048,True,10,2048,23,1,2,1,0.0009008335029295037,4.373893,True,2048,32,2048,4.374451332130049,32
333,True,True,1,1,16,1,4.373554633469812,False,DLMT,True,8,1,2048,True,10,2048,18,1,2,1,0.0009008890053718995,4.3741129999999995,True,2048,32,2048,4.374671366530187,32
334,True,True,1,1,16,1,4.370512791216021,False,DLMT,True,8,1,2048,True,10,2048,30,1,2,1,0.0007473580132707486,4.370976,True,2048,2,2048,4.371439208783978,32
335,True,True,1,1,16,1,4.368881914891682,False,DLMT,True,8,1,2048,True,10,2048,30,1,2,1,0.0008068556252514164,4.369382,True,2048,16,2048,4.369882085108317,32
336,True,True,1,1,16,1,4.3699238726465905,False,DLMT,True,8,1,2048,True,10,2048,22,1,2,1,0.0008472597004461922,4.370448999999999,True,2048,4,2048,4.370974127353407,32
337,True,True,1,2048,16,1,4.374789074287609,False,DLMT,True,8,1,1,True,10,2048,1,1,2,1,0.0007323803656571208,4.375243,True,2048,1,2048,4.375696925712392,32
338,True,True,1,2048,16,1,4.374978475970825,False,DLMT,True,8,1,2048,True,10,2048,1,1,2,1,0.0008285384722510941,4.3754919999999995,True,2048,1,2048,4.376005524029174,32
339,True,True,1,1,16,1,4.374097252337785,False,DLMT,True,8,1,2048,True,10,2048,1,1,2,1,0.000764361825315784,4.3745709999999995,True,2048,16,2048,4.375044747662214,32
340,True,True,1,1,16,1,4.372282468539533,False,DLMT,True,8,1,1,True,10,2048,1,1,2,1,0.002379063050866888,4.3737569999999995,True,2048,2,2048,4.375231531460466,32
341,True,True,1,1,16,1,4.371358261157375,False,DLMT,True,8,1,2048,True,10,2048,7,1,2,1,0.002177718071743888,4.372708000000001,True,2048,16,2048,4.374057738842628,32
342,True,True,1,2048,16,1,4.376426030711672,False,DLMT,True,8,1,1,True,10,2048,22,1,2,1,0.0008631390386258053,4.3769610000000005,True,2048,16,2048,4.377495969288329,32
343,True,True,1,2048,16,1,4.370251639951614,False,DLMT,True,8,1,2048,True,10,2048,30,1,2,1,0.0007314677026362396,4.370704999999999,True,2048,1,2048,4.371158360048384,32
344,True,True,1,1,16,1,4.374892433992896,False,DLMT,True,8,1,1,True,10,2048,30,1,2,1,0.0006995312716384907,4.375325999999999,True,2048,2,2048,4.375759566007103,32
