id,RT1_K,RT1_J,T1_Ja,baseline,RT1_I,T2_K,T2_J,T2_I,T2_Ja,U2_I,mean_confidence_interval_inf,T1_I,T1_J,T1_K,technique,RT2_J,VEC2,VEC1,SCR,T1_Ia,T1_Ka,OMP1,U1_K,U1_J,U1_I,T2_Ka,RT2_I,runs,T2_Ia,U2_J,U2_K,cost_mean,RT2_K,OMP2,cost_std,correct_result,mean_confidence_interval_sup
1,1,32,2048,False,1,32,16,16,2048,10,0.28278981112848556,512,512,512,DLMT,1,False,False,False,1,1,False,22,28,1,1,32,35,128,1,6,0.28283205714285714,1,False,0.0001275180531436662,True,0.2828743031572287
2,1,1,1,False,32,64,1,256,512,22,0.18025010466639335,1,16,64,DLMT,8,False,True,True,256,128,True,1,2,4,512,1,35,1,1,27,0.18174202857142857,8,True,0.004503317878350295,True,0.1832339524764638
3,1,1,2048,False,32,32,256,512,2048,1,0.2581306875591644,1,256,64,DLMT,1,False,True,False,128,1,True,10,30,1,128,32,35,512,10,29,0.2619692571428571,1,True,0.011586582248058325,True,0.26580782672654985
4,1,1,2048,False,1,1,512,32,512,13,0.1542938941343193,1,64,1,DLMT,1,True,False,False,512,2048,False,1,23,4,1,8,35,256,16,1,0.1568629428571429,8,True,0.00775457984472165,True,0.1594319915799665
5,1,1,128,False,32,512,256,1,512,9,0.15093270056824162,32,64,128,DLMT,8,True,False,False,1,1024,True,30,15,1,1,1,35,1024,20,1,0.15261602857142856,8,True,0.005081064165736008,True,0.1542993565746155
6,1,8,1,False,1,16,256,32,1,19,0.15772153467907454,1,512,512,DLMT,1,False,True,True,1,2048,False,5,21,1,512,32,35,2048,18,1,0.1578036857142857,1,False,0.00024796990271615797,True,0.15788583674949688
7,1,32,256,False,1,16,512,128,1024,2,0.19698603156163583,1,128,16,DLMT,1,False,True,True,1024,1,True,12,6,1,1024,1,35,2048,3,1,0.1974282857142857,1,False,0.0013349280252706738,True,0.19787053986693556
8,32,1,512,False,1,1,512,512,1,21,inf,64,64,64,DLMT,32,True,False,True,64,1024,True,26,30,1,512,1,1,1,1,1,inf,1,False,inf,False,inf
9,8,8,512,False,1,1,16,1,256,26,0.06964877337046214,16,32,1,DLMT,1,True,False,False,1,256,True,8,1,30,128,1,35,512,2,1,0.07686182000000001,32,True,0.02177231810184404,True,0.08407486662953788
10,1,1,1,False,8,256,128,256,2048,17,0.11458861200326431,128,1,128,DLMT,1,True,False,True,1,128,True,1,13,9,1,8,35,1,14,1,0.11660365714285716,1,True,0.006082340240132471,True,0.11861870228245
11,1,1,512,False,1,256,32,16,128,20,0.13878294311098024,512,1,32,DLMT,8,True,True,False,1,1,True,1,5,4,1024,8,35,2048,25,1,0.1410150285714286,1,False,0.006737468530478172,True,0.14324711403187698
12,32,1,2048,False,1,512,64,256,256,1,0.10310141403137874,512,512,1,DLMT,1,False,True,True,1,2048,False,12,1,2,512,8,35,512,25,20,0.10311874285714286,8,False,5.230642837146816e-05,True,0.10313607168290698
13,1,8,1,False,8,32,16,1,1,27,0.20137735076972013,128,256,1,DLMT,8,True,True,False,2048,1,False,16,1,3,512,1,35,128,14,1,0.2014507428571429,1,False,0.00022153133836446494,True,0.20152413494456567
14,1,32,1,False,1,128,32,1,1024,1,0.23907960275307194,128,32,1,DLMT,8,True,True,False,128,128,False,1,20,15,128,1,35,1024,26,27,0.23914888571428575,8,False,0.00020912809081361427,True,0.23921816867549955
15,1,1,256,False,1,1,256,1,1,12,0.11685942254680297,64,32,256,DLMT,1,False,False,True,256,2048,False,12,1,27,256,1,35,256,1,11,0.11832428571428572,1,True,0.00442163602928941,True,0.11978914888176846
16,1,8,2048,False,8,16,16,32,64,1,0.24686289663037086,64,32,32,DLMT,8,True,True,True,1,2048,True,3,1,4,128,1,35,2048,28,9,0.2484392571428571,1,False,0.004758186697489209,True,0.25001561765534336
17,1,32,2048,False,1,128,1,128,512,10,0.2516862427426316,512,64,512,DLMT,1,False,False,False,1024,2048,True,2,21,1,2048,1,35,128,17,1,0.25289017142857134,1,False,0.0036340148162738615,True,0.25409410011451106
18,8,1,1,False,1,1,128,32,2048,2,0.1747993084883005,1,32,16,DLMT,32,False,True,False,1024,1,True,1,16,30,64,1,35,512,4,1,0.17532997142857143,1,False,0.0016017867253381108,True,0.17586063436884236
19,8,1,512,False,8,128,128,1,1,1,0.10911205609322985,256,128,16,DLMT,1,False,False,False,1024,1024,True,1,30,3,512,8,35,1,27,21,0.11118871428571428,8,True,0.006268316992492269,True,0.1132653724781987
20,8,1,512,False,8,256,1,64,128,30,0.05665048685596775,32,256,256,DLMT,8,True,True,False,1,512,True,1,25,26,2048,1,35,1,1,28,0.06371297142857142,8,True,0.02131785202585679,True,0.0707754560011751
21,1,1,1024,False,32,1,32,64,1024,1,0.2871262940229076,64,512,64,DLMT,1,True,False,False,1024,256,True,18,1,6,1,1,35,1,15,13,0.2888044285714286,1,False,0.005065387912296634,True,0.2904825631199495
22,1,1,256,False,1,32,1,256,256,30,0.15515680215983746,32,128,64,DLMT,1,False,True,False,512,128,False,4,11,1,1,8,35,1024,28,1,0.15569374285714285,8,True,0.0016207359059188804,True,0.15623068355444825
23,32,1,1024,False,1,64,256,16,1,28,0.0917954363920552,128,1,512,DLMT,1,False,False,False,1024,512,True,4,1,1,1024,1,35,1024,1,2,0.09255099428571428,32,True,0.0022806239374275066,True,0.09330655217937336
24,1,1,2048,False,1,256,512,1,1,2,0.1838558921516473,128,64,32,DLMT,1,True,True,False,256,2048,True,21,1,22,1,32,35,128,1,30,0.1843072,1,False,0.0013622562754489328,True,0.1847585078483527
25,1,1,256,False,32,256,64,16,2048,1,0.1658488854254962,32,64,512,DLMT,1,False,True,False,1,1,False,1,2,5,512,8,35,512,15,26,0.16594334285714288,8,False,0.0002851163113895959,True,0.16603780028878956
26,1,8,2048,False,1,16,16,16,128,24,0.17151309553426375,64,128,1,DLMT,8,False,False,True,512,1024,False,28,12,1,1024,1,35,2048,1,27,0.17578417142857147,1,True,0.012892086767771737,True,0.1800552473228792
27,32,1,1,False,1,32,32,128,2048,22,0.1306988764572777,1,1,1,DLMT,1,False,True,False,256,1024,True,29,1,16,256,32,35,256,22,1,0.13165102857142857,1,False,0.002874036419748507,True,0.13260318068557944
28,1,1,1024,False,32,1,1,64,128,12,0.13660489449900007,32,1,64,DLMT,1,True,True,False,1,2048,True,1,22,17,512,8,35,64,1,27,0.13697534285714286,1,True,0.0011181848542004445,True,0.13734579121528565
29,1,1,1024,False,1,128,256,64,1,2,0.14702784525812454,128,32,1,DLMT,1,True,True,True,1,128,True,1,20,16,512,1,35,256,28,1,0.14796417142857143,32,False,0.0028262663860467883,True,0.14890049759901833
30,1,1,256,False,8,32,128,64,512,1,0.1636269628669083,256,1,128,DLMT,1,False,False,False,2048,1024,False,21,12,1,2048,8,35,256,4,1,0.16366122857142856,8,False,0.00010342977899847489,True,0.16369549427594882
31,32,1,1024,False,1,64,128,1,256,30,0.1459567100508432,512,1,256,DLMT,8,False,False,False,1,1,False,1,30,29,1,1,35,512,6,1,0.14853105714285714,1,True,0.007770572778825279,True,0.15110540423487107
32,8,8,1024,False,1,128,16,16,2048,14,0.1106985979531755,16,128,128,DLMT,8,True,False,False,1024,256,False,22,1,10,2048,1,35,1024,1,5,0.11193362857142858,8,True,0.0037278948642878442,True,0.11316865918968165
33,8,1,2048,False,8,128,1,512,1,3,0.19820191009801924,64,1,256,DLMT,1,True,True,False,2048,256,False,23,7,1,256,1,35,1024,18,1,0.19895165714285715,1,True,0.0022630841022546096,True,0.19970140418769505
34,1,8,1,False,1,256,512,64,1,29,0.19011575535444397,64,64,256,DLMT,1,True,False,False,2048,1,False,1,4,30,512,32,35,128,1,16,0.19053445714285713,1,True,0.0012638360730695387,True,0.1909531589312703
35,32,1,1,False,1,32,512,512,2048,7,0.14005022754494043,32,256,512,DLMT,8,False,False,False,1,2048,False,1,16,7,1024,8,35,1,17,1,0.14024737142857144,1,False,0.0005950716204536961,True,0.14044451531220245
36,1,1,1,False,32,32,256,1,256,30,0.2375199724670452,64,512,256,DLMT,32,True,False,True,256,1024,True,1,20,28,512,1,35,256,9,1,0.23800817142857145,1,False,0.0014736107546860994,True,0.2384963703900977
37,1,1,256,False,1,1,64,256,2048,24,0.1869644655132891,256,16,32,DLMT,8,True,False,False,2048,512,False,18,29,1,128,8,35,512,29,1,0.18829514285714286,1,True,0.004016601016089223,True,0.1896258202009966
38,8,1,1024,False,8,1,1,512,1,1,0.18256938761419134,1,16,1,DLMT,1,False,False,True,512,128,True,11,1,17,2048,32,35,2048,2,23,0.18352214285714286,1,False,0.0028758569420297,True,0.18447489810009438
39,1,32,1024,False,1,16,256,32,512,1,0.3587572482409043,32,64,64,DLMT,8,True,True,True,1,128,True,20,4,1,1,8,35,128,30,19,0.3609569142857143,1,True,0.0066396117071124295,True,0.3631565803305243
40,1,32,128,False,1,1,1,32,64,1,0.17016653287549147,1,1,512,DLMT,32,True,False,False,1024,2048,False,5,1,7,1,1,35,512,27,28,0.17018974285714283,1,False,7.005848285831288e-05,True,0.1702129528387942
41,8,1,1,False,1,128,1,16,512,1,0.23377647863940626,32,64,128,DLMT,1,True,True,True,64,2048,False,16,24,1,1024,1,35,128,5,30,0.2351822,32,True,0.004243118642831339,True,0.23658792136059376
42,32,1,1024,False,1,512,32,1,1,2,0.14783867583033505,256,32,16,DLMT,1,True,False,False,256,512,False,1,24,30,512,1,35,1,23,1,0.15179917142857144,32,True,0.011954611474802073,True,0.15575966702680782
43,8,8,512,False,1,256,1,128,2048,2,0.1938335840378736,16,1,64,DLMT,8,True,False,True,256,64,True,1,15,23,256,1,35,512,18,1,0.19433637142857144,8,False,0.0015176453959193164,True,0.19483915881926928
44,1,8,1024,False,8,64,128,64,2048,21,0.18946691754498768,1,1,32,DLMT,1,True,True,True,256,1,True,12,13,1,1024,1,35,64,1,29,0.19037605714285713,1,False,0.002744204708553824,True,0.19128519674072658
45,1,32,512,False,1,256,64,512,1,24,0.18782447025200188,64,512,64,DLMT,8,False,True,True,1024,2048,True,1,8,11,2048,1,35,512,1,8,0.19535171428571427,8,True,0.022720711503662318,True,0.20287895831942665
46,1,1,1024,False,32,64,32,16,1,29,0.13782678582928662,1,128,512,DLMT,1,True,True,True,1,2048,True,19,1,16,512,8,35,512,7,1,0.14342865714285713,8,False,0.016909044190175446,True,0.14903052845642764
47,8,1,256,False,8,16,256,16,256,10,0.11283217438263082,64,64,16,DLMT,1,False,False,True,2048,1,True,1,17,17,128,32,35,1,18,1,0.1134528,1,False,0.0018733357841027869,True,0.11407342561736919
48,1,8,512,False,1,128,16,1,1024,2,0.13919612200863454,256,512,16,DLMT,8,False,False,True,256,1024,True,23,1,18,512,8,35,1,1,5,0.14046822857142857,1,True,0.003839807250264483,True,0.1417403351342226
49,8,1,512,False,8,1,64,512,1,1,0.18204745787207915,512,256,256,DLMT,1,True,False,False,512,1,False,29,2,1,512,32,35,2048,13,5,0.1821134285714286,1,False,0.00019913014921535825,True,0.18217939927077803
50,8,8,2048,False,1,512,64,256,512,21,0.23055204238481614,32,16,512,DLMT,32,False,True,True,2048,1,False,1,28,30,1,1,35,1024,1,1,0.23123525714285717,1,True,0.0020622588218172956,True,0.2319184719008982
51,1,32,2048,False,1,512,1,256,2048,1,0.34369903612300984,128,32,64,DLMT,32,False,False,False,512,64,True,17,28,1,1024,1,35,1,22,15,0.3463907142857143,1,True,0.008124732335182948,True,0.3490823924484187
52,8,1,1,False,8,256,128,16,128,12,0.11096498958721839,512,256,32,DLMT,1,False,True,False,512,1024,True,1,30,3,1,8,35,1024,8,1,0.11213105714285714,1,False,0.003519732375726126,True,0.11329712469849589
53,8,1,1024,False,8,512,512,16,2048,30,0.12895527504686652,128,1,16,DLMT,8,False,True,True,1024,512,False,5,26,1,512,1,35,128,1,11,0.12898094285714287,1,False,7.747734889525096e-05,True,0.12900661066741922
54,8,8,512,False,1,128,512,64,1,12,0.18955273125040445,512,128,1,DLMT,8,False,False,False,1,1,False,21,22,1,2048,1,35,512,22,1,0.19184571428571429,8,True,0.006921285638506469,True,0.19413869732102412
55,1,1,64,False,8,256,16,256,128,1,0.21147272296129863,512,32,512,DLMT,8,True,True,True,1024,1,True,16,16,1,256,1,35,1,16,7,0.21332842857142859,8,False,0.005601379683540803,True,0.21518413418155855
56,32,1,256,False,1,512,16,128,2048,1,0.1499372117455839,512,256,256,DLMT,8,True,False,True,2048,512,True,1,17,11,512,1,35,128,11,29,0.1516896285714286,8,True,0.005289606256400858,True,0.1534420453972733
57,32,1,64,False,1,1,512,1,512,10,0.14239581035936502,32,16,1,DLMT,8,True,True,True,128,1,False,1,29,30,2048,1,35,128,28,1,0.14247774285714288,1,False,0.0002473102554464335,True,0.14255967535492073
58,1,8,1024,False,1,128,512,1,2048,1,0.2643237615666203,512,16,128,DLMT,32,True,True,True,1024,256,True,1,13,20,2048,1,35,256,19,17,0.2654189142857143,1,False,0.003305678528760803,True,0.2665140670048083
59,1,32,1,False,1,256,1,16,2048,13,0.16093636375150913,16,512,512,DLMT,8,False,True,True,2048,1,False,30,1,30,256,8,35,1024,19,1,0.16099282857142858,1,False,0.00017043699895341008,True,0.16104929339134802
60,1,1,256,False,32,32,1,512,2048,1,0.21347741881364166,128,64,16,DLMT,1,True,True,False,1024,1024,False,18,22,1,1,1,35,2048,1,13,0.21354577142857142,32,False,0.0002063198744964847,True,0.2136141240435012
61,8,1,1,False,1,64,256,512,512,1,0.15738608400024962,1,64,32,DLMT,1,True,False,True,2048,64,False,1,10,10,128,1,35,1,30,18,0.15741065714285712,1,False,7.417313447300651e-05,True,0.15743523028546463
62,1,8,1,False,8,16,64,128,2048,20,0.17856492468442278,1,32,16,DLMT,1,False,False,False,1024,1024,True,30,1,17,64,1,35,512,1,23,0.17916325714285716,32,False,0.0018060446971665076,True,0.17976158960129154
63,8,1,2048,False,1,1,512,1,1,22,0.09795229220873203,256,512,256,DLMT,1,True,True,True,2048,1,False,18,1,26,128,1,35,2048,1,23,0.09797053714285715,32,False,5.507166803727847e-05,True,0.09798878207698228
64,8,1,512,False,1,64,512,64,2048,9,0.13883171481697743,64,1,1,DLMT,8,True,False,True,256,64,True,11,1,29,512,1,35,2048,1,24,0.13951460000000002,1,False,0.0020612640116477766,True,0.1401974851830226
65,32,1,1024,False,1,128,32,64,256,16,0.15652604872236126,16,64,1,DLMT,32,False,True,True,64,512,False,13,1,29,256,1,35,1,8,1,0.1576587142857143,1,True,0.003418909680597256,True,0.15879137984906733
66,8,8,128,False,1,1,256,128,1,1,0.13133278837984527,128,1,1,DLMT,8,False,True,False,256,1024,False,16,1,1,2048,8,35,1,14,6,0.13137794285714285,1,False,0.00013629714237799794,True,0.13142309733444044
67,1,1,1,False,1,1,64,1,2048,1,0.19055436077999433,128,16,64,DLMT,1,False,False,True,1024,256,True,15,15,1,2048,1,35,1,30,29,0.19315237142857145,8,True,0.007842000361007443,True,0.19575038207714857
68,1,1,128,False,32,1,256,128,2048,27,0.21622872163519455,512,1,64,DLMT,1,True,True,True,512,1,False,12,1,8,256,1,35,1024,25,1,0.2179679142857143,1,True,0.005249689565632448,True,0.21970710693623405
69,1,1,1,True,1,1,1,1,1,1,0.05309084117110337,1,1,1,DLMT,1,False,False,False,1,1,False,1,1,1,1,1,35,1,1,1,0.05309980857142857,1,False,2.7067770729133052e-05,True,0.05310877597175377
70,1,1,512,False,1,256,256,16,256,22,0.15618147138497493,128,1,1,DLMT,1,False,True,True,2048,2048,False,3,10,1,256,1,35,1,1,2,0.1570798,32,True,0.002711572151248899,True,0.15797812861502505
71,1,1,128,False,32,1,1,64,64,30,0.28103708402464794,512,1,256,DLMT,1,False,False,False,512,1024,False,27,22,1,256,1,35,256,14,1,0.2833965428571429,32,True,0.007121940407111602,True,0.28575600168963783
72,1,1,1,False,8,32,512,16,1,1,0.1847445267199395,32,1,512,DLMT,1,False,True,True,2048,1,False,8,18,1,256,32,35,2048,22,19,0.18536202857142858,1,True,0.0018639068107562874,True,0.18597953042291768
73,1,1,1024,False,1,1,512,256,2048,19,0.142626285099986,1,1,32,DLMT,1,False,True,False,64,128,False,29,1,5,64,8,35,1,2,1,0.14428885714285714,1,True,0.005018413056750439,True,0.14595142918572826
74,1,1,512,False,1,16,1,512,128,30,0.23182927852782928,1,32,1,DLMT,1,False,True,True,2048,256,True,25,13,1,2048,32,35,1024,1,29,0.23244902857142855,1,False,0.0018706928966212997,True,0.2330687786150278
75,32,1,64,False,1,32,512,128,1024,22,0.20452065581876744,128,32,1,DLMT,1,False,True,True,1,512,True,22,5,1,256,8,35,2048,28,1,0.20556937142857143,8,False,0.003165509808507171,True,0.20661808703837542
76,1,1,512,False,8,16,1,512,2048,19,0.06875263457051832,64,512,32,DLMT,1,True,False,True,64,512,True,1,1,5,1,8,35,1,1,1,0.07132109428571429,8,False,0.007752801946686036,True,0.07388955400091025
77,1,1,1024,False,8,64,1,16,512,5,0.12573710622647322,128,1,128,DLMT,1,True,True,True,512,2048,True,1,28,10,512,1,35,256,1,5,0.12602259999999998,8,False,0.0008617525398860181,True,0.12630809377352675
78,32,1,1,False,1,256,128,256,2048,2,0.15026820393805604,64,512,1,DLMT,1,True,False,False,256,1024,True,29,1,24,256,1,35,2048,30,1,0.15123874285714287,8,True,0.0029295363196525266,True,0.1522092817762297
79,1,1,1024,False,8,1,256,64,256,25,0.07939311428225317,16,256,64,DLMT,1,False,False,True,1024,512,True,1,10,13,512,1,35,64,15,1,0.08238383714285714,8,True,0.009027387845917579,True,0.08537456000346112
80,1,1,1,False,32,1,256,64,2048,1,0.27538574346709205,256,32,1,DLMT,1,True,False,False,512,64,False,26,28,1,128,8,35,1,16,17,0.27545762857142864,8,False,0.00021698256489724674,True,0.2755295136757652
81,1,1,256,False,1,32,1,64,1,12,0.07836513630063166,1,1,1,DLMT,1,False,False,False,512,1024,True,1,2,28,1024,1,35,256,1,12,0.08117956285714287,1,True,0.008495243883729823,True,0.08399398941365407
82,1,1,64,False,8,32,64,128,512,19,0.13965085256015977,1,64,32,DLMT,1,True,False,False,1024,2048,False,12,9,1,2048,1,35,1,1,28,0.13968028571428573,32,False,8.884290193645238e-05,True,0.1397097188684117
83,8,1,256,False,8,64,512,512,1024,1,0.20827824909401246,256,128,512,DLMT,1,False,True,True,256,2048,False,16,1,28,1,1,35,2048,6,20,0.20917365714285713,32,True,0.002702756528782709,True,0.2100690651917018
84,32,1,1,False,1,512,512,128,2048,1,0.10903829924769153,256,1,512,DLMT,1,True,True,False,1,512,True,28,1,6,2048,1,35,128,5,2,0.11241482857142857,32,True,0.010191930579730262,True,0.1157913578951656
85,8,1,256,False,1,32,128,128,2048,13,0.08409530705558052,16,16,64,DLMT,1,True,True,True,512,1,False,30,1,20,1,1,35,512,13,1,0.0874859657142857,32,True,0.0102345794618592,True,0.09087662437299088
86,1,1,512,False,32,16,1,32,2048,24,0.35586934954738014,128,256,64,DLMT,1,False,True,False,128,2048,False,27,1,29,1,1,35,1,1,24,0.3566378,32,True,0.0023195396562988206,True,0.35740625045261987
87,1,1,1,False,1,128,64,1,256,25,0.10227082959448723,256,512,16,DLMT,1,True,False,False,256,256,True,8,2,1,2048,1,35,512,29,1,0.10335994285714287,32,True,0.0032874486498356316,True,0.1044490561197985
88,32,1,1,False,1,64,64,256,2048,1,inf,16,64,128,DLMT,1,False,True,False,1,256,False,16,29,1,2048,1,1,512,19,2,inf,1,False,inf,False,inf
89,8,1,2048,False,8,32,64,32,64,26,0.17943884318807152,16,256,512,DLMT,1,True,False,False,512,1,False,26,3,1,256,8,35,64,1,17,0.1795456,8,False,0.00032224154205901667,True,0.17965235681192848
90,1,1,64,False,1,512,512,16,2048,1,0.058582745498053965,1,16,128,DLMT,1,False,False,True,1024,512,False,19,1,30,512,8,35,64,3,2,0.05859062,8,False,2.376889684320328e-05,True,0.05859849450194604
91,1,1,1,False,1,16,1,256,1,1,0.16426894704373773,512,16,16,DLMT,1,True,True,False,1024,128,True,1,16,15,1,8,35,2048,29,28,0.1657818,8,True,0.004566491455936695,True,0.16729465295626228
92,1,1,2048,False,32,1,512,256,2048,7,0.14665619504615393,32,64,1,DLMT,1,True,True,True,2048,1,False,1,26,23,1024,1,35,1024,2,1,0.14672294285714285,32,False,0.00020147583234822054,True,0.14678969066813177
93,1,1,512,False,1,128,256,128,256,1,0.14339589322811197,128,512,32,DLMT,1,True,True,False,2048,64,False,1,25,9,256,1,35,1,16,27,0.1434410285714286,8,False,0.00013623938715453938,True,0.14348616391474522
94,32,1,256,False,1,64,128,1,1,1,inf,128,64,64,DLMT,1,True,False,True,1,2048,False,28,28,1,256,8,1,128,17,20,inf,1,False,inf,False,inf
95,1,1,512,False,8,512,32,1,1,1,0.17268983386401196,16,512,1,DLMT,1,True,True,False,128,256,False,18,1,22,2048,1,35,64,12,30,0.17279254285714288,8,False,0.00031002334869279494,True,0.1728952518502738
96,32,1,2048,False,1,16,256,32,256,1,0.09376143221728629,64,16,64,DLMT,1,False,True,False,1024,1,False,1,1,29,2048,8,35,512,19,23,0.09376833714285714,1,False,2.0842265927187773e-05,True,0.09377524206842798
97,8,1,256,False,8,1,512,512,1,13,0.13992810013007495,256,1,32,DLMT,1,True,True,False,1,256,False,17,11,1,64,8,35,1024,2,1,0.1399607142857143,1,False,9.844463895395959e-05,True,0.13999332844135365
98,8,1,256,False,8,128,1,1,512,1,0.0655993237509014,16,16,1,DLMT,1,False,False,False,1,512,True,18,29,1,2048,8,35,1,26,2,0.06841546571428572,8,False,0.008500421776794132,True,0.07123160767767005
99,8,1,1,False,1,16,512,32,2048,1,0.1695005117696449,32,1,1,DLMT,1,False,True,True,1024,1024,True,29,3,1,512,1,35,64,11,29,0.17098465714285715,1,False,0.00447983866382234,True,0.1724688025160694
100,8,1,2048,False,8,512,512,32,2048,18,0.21961484196334174,512,512,1,DLMT,1,False,False,True,512,1024,False,25,13,1,2048,1,35,1024,19,1,0.2226708,1,True,0.009224297844900102,True,0.22572675803665826
101,1,1,1,False,32,512,256,512,256,4,0.1750809703433823,32,512,128,DLMT,1,False,False,True,256,1,True,1,3,3,1,1,35,2048,1,13,0.1769047714285714,32,False,0.005505077038961214,True,0.17872857251376048
102,8,1,2048,False,1,1,1,32,256,1,0.18001430558640297,1,1,16,DLMT,1,True,True,False,64,2048,False,25,11,1,1024,1,35,64,26,6,0.18005674285714285,8,False,0.00012809535351384412,True,0.18009918012788273
103,1,1,128,False,32,32,512,64,512,1,0.09421469330146924,16,64,128,DLMT,1,True,False,False,256,1,False,5,1,22,128,32,35,128,30,3,0.09594560571428572,1,True,0.005224695970208237,True,0.0976765181271022
104,32,1,2048,False,1,512,1,128,1,1,0.16278216581591484,32,32,64,DLMT,1,True,False,True,128,1,True,1,16,2,1024,1,35,256,30,1,0.16364697142857143,32,False,0.002610384191599983,True,0.16451177704122802
105,8,1,64,False,1,32,1,128,64,9,0.1596835930212938,16,64,64,DLMT,1,True,False,False,64,2048,True,28,27,1,1,32,35,1024,1,30,0.16429808571428572,1,True,0.013928677845923146,True,0.16891257840727764
106,8,1,1024,False,8,64,1,128,256,1,0.1448479015358535,512,512,1,DLMT,1,True,False,True,1,256,False,9,29,1,128,1,35,1024,12,20,0.14611794285714286,32,True,0.0038335733941276336,True,0.1473879841784322
107,1,1,2048,False,32,32,32,128,128,30,0.14634087066007817,512,32,1,DLMT,1,True,True,False,1024,2048,False,1,2,3,2048,1,35,2048,1,1,0.14640820000000002,1,False,0.00020323115621661764,True,0.14647552933992186
108,32,1,256,False,1,1,256,1,2048,1,0.24518345195407948,512,256,32,DLMT,1,False,False,True,1024,64,True,22,8,1,1024,1,35,1,4,8,0.24595657142857144,1,True,0.002333632928482534,True,0.2467296909030634
109,1,1,256,False,1,1,64,64,2048,17,0.09395616118526082,16,16,512,DLMT,1,False,False,False,64,512,False,1,27,17,2048,32,35,64,1,13,0.09556688285714285,1,True,0.004861904603547033,True,0.09717760452902488
110,1,1,512,False,8,1,32,32,2048,1,0.16408565906135084,32,32,32,DLMT,1,False,False,False,1,2048,False,1,8,15,1,32,35,2048,17,21,0.16410474285714285,1,False,5.7603741375089e-05,True,0.16412382665293487
111,1,1,1024,False,32,256,128,16,256,1,0.07405846662238715,16,16,512,DLMT,1,False,True,True,2048,1024,False,1,22,24,1,8,35,128,28,23,0.07407171142857143,1,False,3.997896426464276e-05,True,0.07408495623475571
112,32,1,256,False,1,1,16,1,128,14,0.28895769302199464,1,32,256,DLMT,1,True,True,True,2048,256,False,6,29,1,512,32,35,1,25,1,0.290433,1,True,0.004453160290336352,True,0.29190830697800535
113,1,1,2048,False,1,64,512,1,512,26,0.19339519127236776,1,16,128,DLMT,1,True,False,True,256,2048,False,1,23,7,2048,32,35,256,1,13,0.1934384,1,False,0.00013042396799887426,True,0.19348160872763226
114,1,1,2048,False,1,256,1,64,1024,14,0.21207779218758413,32,1,1,DLMT,1,True,False,False,512,2048,False,15,27,1,1,8,35,512,3,1,0.21275108571428572,1,True,0.0020323119469697385,True,0.2134243792409873
115,32,1,1,False,1,16,1,256,128,2,0.17473204959258293,1,1,32,DLMT,1,True,False,True,1,1024,False,22,1,1,1,8,35,1,1,16,0.17561157142857142,1,True,0.002654804574843928,True,0.17649109326455992
116,8,1,2048,False,8,1,16,1,512,1,0.06788332982430065,1,512,1,DLMT,1,True,False,False,64,128,True,1,27,4,1024,8,35,1024,4,29,0.07363874571428572,1,True,0.017372512892404695,True,0.07939416160427079
117,1,1,1024,False,32,128,64,512,128,8,inf,1,128,128,DLMT,1,False,True,False,1,1,True,6,1,3,2048,8,1,512,14,1,inf,8,True,inf,False,inf
118,1,1,1024,False,1,1,32,64,1024,1,0.13161235507982957,512,16,1,DLMT,1,True,False,False,1,1,True,9,1,26,1,1,35,512,3,29,0.13337802857142855,1,False,0.005329621018344897,True,0.13514370206302753
119,1,1,1024,False,1,128,128,1,1024,2,0.10299227858999488,32,128,512,DLMT,1,True,False,False,1,1024,True,30,17,1,2048,1,35,2048,1,10,0.10487925714285716,1,True,0.005695775920265608,True,0.10676623569571944
120,1,1,128,False,32,256,1,64,1024,30,0.22569302145782938,128,1,256,DLMT,1,True,False,True,256,1,True,1,20,28,1024,8,35,1,20,1,0.22631828571428572,1,True,0.0018873373469585363,True,0.22694354997074206
121,8,1,2048,False,1,16,128,512,2048,22,0.10550117421263988,64,512,128,DLMT,1,True,False,False,2048,2048,False,11,1,22,1024,8,35,512,24,1,0.10995668571428574,1,True,0.013448798919864138,True,0.1144121972159316
122,8,1,1024,False,1,64,64,32,1024,30,0.16749544724324414,1,16,128,DLMT,1,False,True,True,256,2048,True,14,1,15,1,32,35,256,1,12,0.16918560000000002,1,True,0.005101664435400329,True,0.1708757527567559
123,32,1,1,False,1,128,32,512,128,4,0.15196030009475012,128,1,1,DLMT,1,False,False,True,512,64,False,1,9,4,1,32,35,512,8,1,0.15304491428571432,1,True,0.0032738683660720608,True,0.15412952847667852
124,1,1,128,False,1,64,1,32,1,1,0.11777520033645407,16,64,1,DLMT,1,False,True,False,128,128,True,1,11,16,512,8,35,128,11,20,0.11866457142857141,1,True,0.0026845341951440937,True,0.11955394252068875
125,32,1,2048,False,1,32,1,1,2048,22,0.1047403283361645,1,128,256,DLMT,1,True,False,False,128,1024,True,1,13,6,256,1,35,2048,7,1,0.10605897142857142,8,True,0.003980276067135574,True,0.10737761452097833
126,1,1,2048,False,1,256,64,16,256,7,0.1796039121607252,512,128,1,DLMT,1,True,True,True,2048,256,True,1,21,30,256,32,35,1,1,9,0.18167131428571429,1,False,0.006240377890441426,True,0.18373871641070338
127,8,1,2048,False,8,256,64,32,1,16,0.09971616908539993,512,16,128,DLMT,1,False,True,True,512,1024,False,1,3,8,512,8,35,1,1,30,0.10358277142857145,8,True,0.01167119810984218,True,0.10744937377174296
128,1,1,2048,False,32,32,32,64,1,1,0.18719779722582103,32,16,64,DLMT,1,False,False,True,512,256,True,24,1,6,2048,32,35,2048,17,18,0.18799617142857142,1,False,0.0024098634043769173,True,0.1887945456313218
129,8,1,2048,False,8,64,16,512,128,27,0.14878626262175135,64,64,64,DLMT,1,False,False,False,128,1,True,1,28,2,128,1,35,1,20,1,0.14996537142857147,8,True,0.003559096916640627,True,0.1511444802353916
130,8,1,1,False,1,1,1,64,1,12,0.12045935791763598,64,512,256,DLMT,1,False,True,True,128,1024,True,28,1,22,2048,8,35,1,18,1,0.12084334285714286,1,True,0.0011590445312006463,True,0.12122732779664974
131,1,1,1024,False,8,512,1,512,512,1,0.21578035503103313,64,32,64,DLMT,1,True,True,False,2048,256,False,28,1,27,1024,1,35,512,25,14,0.21742914285714288,32,True,0.004976805901337911,True,0.21907793068325263
132,1,1,1,False,8,512,16,16,256,14,0.15840339619452132,512,1,256,DLMT,1,True,False,True,1024,2048,False,16,1,16,512,1,35,1024,1,23,0.15847317142857142,1,False,0.0002106139984106727,True,0.15854294666262153
133,8,1,512,False,1,512,16,1,64,25,0.11481990190986543,128,128,64,DLMT,1,False,False,True,2048,64,True,1,6,17,1024,1,35,512,1,18,0.11679782857142858,8,False,0.005970299468371817,True,0.11877575523299172
134,8,1,1024,False,8,32,32,128,256,11,0.10567774862144899,64,1,16,DLMT,1,False,False,False,2048,256,True,1,2,18,1024,1,35,2048,1,1,0.10642371428571429,1,True,0.002251670142950131,True,0.10716967994997958
135,8,1,1,False,8,32,32,16,64,12,0.08988158736935538,64,512,128,DLMT,1,True,False,False,128,2048,True,1,2,16,2048,32,35,2048,19,1,0.09151303714285715,1,False,0.00492447162207484,True,0.09314448691635892
136,8,1,128,False,8,32,32,512,256,21,0.10981935234929213,64,128,512,DLMT,1,True,False,False,512,2048,True,1,2,24,256,32,35,2048,11,1,0.11095568571428571,1,False,0.0034299808060389934,True,0.11209201907927929
137,8,1,256,False,8,32,32,512,1,14,0.10147023562413877,64,256,64,DLMT,1,False,True,False,2048,64,False,1,30,25,2048,32,35,2048,10,1,0.10149651428571428,1,False,7.932118125644729e-05,True,0.10152279294728979
138,8,1,128,False,8,32,32,1,1,28,0.12664846113193684,64,1,32,DLMT,1,True,True,True,256,512,False,1,29,6,2048,1,35,2048,21,1,0.12672314285714287,8,False,0.00022542406296415058,True,0.1267978245823489
139,8,1,2048,False,8,32,32,256,64,28,0.10686231735234175,64,128,1,DLMT,1,True,False,False,1024,128,True,1,6,26,1,1,35,2048,16,1,0.10827797142857143,1,True,0.004273100182608903,True,0.1096936255048011
140,8,1,512,False,8,32,32,32,128,23,0.09298324529653751,64,512,16,DLMT,1,False,False,False,64,128,False,1,17,13,256,8,35,2048,18,1,0.09298760857142858,8,False,1.3170386075880225e-05,True,0.09299197184631966
141,8,1,128,False,8,32,32,64,2048,15,0.10731091493965214,64,64,16,DLMT,1,False,False,True,1024,256,False,1,2,19,128,8,35,2048,23,1,0.10938531428571428,1,True,0.006261498746974827,True,0.11145971363177642
142,8,1,1,False,8,32,32,256,1,1,0.11042970865699367,64,32,512,DLMT,1,False,False,True,1024,1,False,1,14,6,512,32,35,2048,4,1,0.11146097142857143,1,True,0.003112829053043129,True,0.1124922342001492
143,8,1,512,False,8,32,32,512,1024,1,0.090213801059436,64,64,1,DLMT,1,False,False,False,512,512,True,1,13,19,2048,8,35,2048,30,1,0.09308201142857142,1,True,0.008657588359972225,True,0.09595022179770685
144,8,1,256,False,8,32,32,64,512,28,0.06457615282624865,64,128,512,DLMT,1,True,True,True,1,512,True,1,23,11,512,1,35,2048,15,1,0.07129258571428569,32,True,0.020273307640796243,True,0.07800901860232273
145,8,1,1024,False,8,32,32,16,256,10,0.09152019654575479,64,1,512,DLMT,1,False,True,True,256,1,False,1,13,28,1,32,35,2048,1,1,0.09464635714285714,1,True,0.009436201712441163,True,0.0977725177399595
146,8,1,1,False,8,32,32,128,2048,10,0.10013978466914186,64,32,512,DLMT,1,True,False,False,256,2048,False,1,19,6,64,1,35,2048,12,1,0.10176505142857144,8,True,0.004905808419669276,True,0.10339031818800101
147,8,1,128,False,8,32,32,128,64,28,0.08093538192133427,64,16,128,DLMT,1,True,False,True,2048,1024,False,1,20,1,2048,8,35,2048,5,1,0.08094573999999999,1,False,3.126548256464178e-05,True,0.0809560980786657
148,8,1,128,False,8,32,32,128,1,27,0.08712235411925973,64,128,512,DLMT,1,False,True,False,512,1,False,1,2,29,1,8,35,2048,19,1,0.08712722,8,False,1.4687483495430865e-05,True,0.08713208588074028
149,8,1,256,False,8,32,32,512,1,11,0.07128889544158148,64,128,128,DLMT,1,True,False,True,1,1,True,1,4,14,128,1,35,2048,11,1,0.07638516,1,True,0.0153828886455085,True,0.0814814245584185
150,8,1,1,False,8,32,32,1,1024,29,0.13228424988056825,64,64,1,DLMT,1,True,True,True,1024,2048,True,1,30,30,512,1,35,2048,30,1,0.1333182285714286,8,True,0.00312102695631435,True,0.13435220726228897
151,8,1,512,False,8,32,32,32,2048,2,0.0857855799823129,64,512,32,DLMT,1,True,False,False,2048,1,False,1,30,18,256,1,35,2048,1,1,0.08579199142857143,1,False,1.93527166262602e-05,True,0.08579840287482995
152,8,1,2048,False,8,32,32,512,2048,9,0.08298116117201204,64,1,256,DLMT,1,False,True,True,1,1024,False,1,18,1,2048,8,35,2048,17,1,0.08298543428571428,1,False,1.2898237816674364e-05,True,0.08298970739941652
153,8,1,256,False,8,32,32,16,2048,10,0.10635109896123947,64,1,16,DLMT,1,True,True,False,1024,512,True,1,9,30,1024,1,35,2048,5,1,0.10798654285714285,32,False,0.004936527734828873,True,0.10962198675304623
154,8,1,1024,False,8,32,32,1,512,2,0.09552876633339469,64,128,128,DLMT,1,False,False,True,512,128,False,1,11,30,512,1,35,2048,28,1,0.09558348000000001,1,False,0.000165151206561053,True,0.09563819366660534
155,8,1,256,False,8,32,32,128,1,23,0.11321626227937819,64,1,1,DLMT,1,True,False,False,512,1,True,1,30,12,1,32,35,2048,30,1,0.11498408571428571,1,False,0.005336110543786571,True,0.11675190914919324
156,8,1,2048,False,8,32,32,512,256,20,0.09344367514447222,64,32,128,DLMT,1,True,False,False,512,256,False,1,28,1,1024,1,35,2048,30,1,0.0934820657142857,32,False,0.00011588053440100031,True,0.09352045628409919
157,8,1,64,False,8,32,32,256,512,14,0.1309894661777067,64,1,512,DLMT,1,True,True,False,2048,1024,True,1,1,27,1,1,35,2048,29,1,0.13856905714285717,8,True,0.02287871880646524,True,0.14614864810800762
158,8,1,512,False,8,32,32,64,64,1,0.10990338135747417,64,128,32,DLMT,1,False,False,False,1024,2048,True,1,4,5,1,8,35,2048,27,1,0.11252031428571428,8,True,0.007899116571839549,True,0.1151372472139544
159,8,1,1024,False,8,32,32,256,1024,10,0.10985926477565358,64,16,64,DLMT,1,True,True,True,256,1,True,1,8,12,2048,8,35,2048,28,1,0.11026548571428571,8,False,0.0012261630833371123,True,0.11067170665291784
160,8,1,2048,False,8,32,32,32,1,27,0.09497964372039511,64,32,128,DLMT,1,True,True,False,1,512,True,1,21,18,512,32,35,2048,22,1,0.09743655142857144,1,False,0.007416086283184736,True,0.09989345913674777
161,8,1,2048,False,8,32,32,1,1024,24,0.09722454186183657,64,512,1,DLMT,1,True,True,True,2048,256,True,1,1,1,2048,8,35,2048,18,1,0.09897828571428571,8,True,0.005293611837793219,True,0.10073202956673485
162,8,1,1,False,8,32,32,512,256,17,0.09182002642260617,64,256,128,DLMT,1,False,False,True,512,1024,False,1,30,20,2048,1,35,2048,9,1,0.09306038857142858,32,True,0.0037439878948042583,True,0.09430075072025099
163,8,1,2048,False,8,32,32,512,128,2,0.12908575900144764,64,512,64,DLMT,1,True,False,True,1,1024,False,1,2,11,1,1,35,2048,20,1,0.13061417142857146,32,True,0.004613457151085068,True,0.13214258385569527
164,8,1,512,False,8,32,32,32,2048,6,0.11530043804416718,64,32,1,DLMT,1,False,False,True,128,512,True,1,29,2,64,32,35,2048,19,1,0.11670648571428571,1,False,0.004244103596227385,True,0.11811253338440425
165,8,1,2048,False,8,32,32,32,64,20,0.12468866358051196,64,32,1,DLMT,1,False,True,True,1,2048,False,1,18,5,512,1,35,2048,20,1,0.12523205714285715,8,True,0.0016402136436253357,True,0.12577545070520235
166,8,1,1,False,8,32,32,128,1,16,0.07481270957808786,64,512,128,DLMT,1,False,False,True,1,2048,True,1,18,30,256,8,35,2048,2,1,0.07806255428571429,8,True,0.009809537687762075,True,0.08131239899334072
167,8,1,2048,False,8,32,32,1,2048,25,0.09917115242993918,64,1,128,DLMT,1,False,False,False,2048,1,True,1,24,21,256,1,35,2048,11,1,0.10257775142857142,8,True,0.010282694796386833,True,0.10598435042720367
168,8,1,2048,False,8,32,32,64,256,26,0.09404064581943489,64,512,512,DLMT,1,True,True,False,128,1,True,1,29,2,256,1,35,2048,10,1,0.09483409428571428,1,True,0.002394995248542005,True,0.09562754275199367
169,8,1,128,False,8,32,32,512,1024,1,0.09630586505393604,64,1,1,DLMT,1,False,True,False,256,2048,True,1,8,22,1024,1,35,2048,7,1,0.09678150285714285,8,False,0.0014356953565603605,True,0.09725714066034966
170,8,1,1,False,8,32,32,1,512,12,0.080730544012023,64,16,1,DLMT,1,False,True,False,2048,1,False,1,12,22,256,1,35,2048,15,1,0.08073848,32,False,2.3954490184514532e-05,True,0.08074641598797701
171,8,1,1024,False,8,32,32,32,64,8,0.09390112977102048,64,1,128,DLMT,1,True,True,True,2048,1024,True,1,26,26,128,8,35,2048,20,1,0.09557042285714286,1,True,0.00503870028060444,True,0.09723971594326523
172,8,1,256,False,8,32,32,512,2048,30,0.10456202216393458,64,128,32,DLMT,1,False,True,True,256,1024,False,1,10,22,1,32,35,2048,19,1,0.10459585714285714,1,False,0.00010212964949574004,True,0.10462969212177971
173,8,1,1,False,8,32,32,1,1,25,0.11048882155606543,64,128,1,DLMT,1,False,True,True,2048,512,True,1,18,4,128,1,35,2048,29,1,0.11204651428571429,1,False,0.004701838676040489,True,0.11360420701536314
174,8,1,1,False,8,32,32,16,512,23,0.08769574374450273,64,128,32,DLMT,1,False,True,False,1,128,True,1,5,5,64,1,35,2048,6,1,0.08972051714285716,1,False,0.0061117046342938535,True,0.09174529054121158
175,8,1,512,False,8,32,32,512,2048,12,0.09598192381984441,64,16,1,DLMT,1,True,True,False,64,2048,False,1,23,19,128,8,35,2048,3,1,0.09832074285714285,1,True,0.007059639938300608,True,0.10065956189444128
176,8,1,2048,False,8,32,32,16,1,10,0.09909341038842591,64,128,512,DLMT,1,False,False,True,512,2048,True,1,28,13,1,8,35,2048,1,1,0.10107664285714285,8,False,0.005986314853696872,True,0.10305987532585979
177,8,1,512,False,8,32,32,64,1,10,0.1231507462567468,64,512,32,DLMT,1,False,True,True,256,2048,False,1,17,2,256,1,35,2048,21,1,0.12419417142857143,32,True,0.0031495408144745205,True,0.12523759660039607
178,8,1,1024,False,8,32,32,128,64,20,0.07927588936483211,64,1,512,DLMT,1,False,False,False,256,2048,False,1,1,8,512,8,35,2048,30,1,0.07928327714285714,1,False,2.2299738444516836e-05,True,0.07929066492088217
179,8,1,64,False,8,32,32,512,128,28,0.08420226259617421,64,32,32,DLMT,1,False,False,False,1,1,True,1,20,26,512,8,35,2048,13,1,0.08561494857142858,1,False,0.004264141078098441,True,0.08702763454668296
180,8,1,1,False,8,32,32,64,512,25,0.0855711915689865,64,1,64,DLMT,1,False,True,False,256,256,False,1,28,30,2048,8,35,2048,25,1,0.08558040000000001,1,False,2.7795313068419327e-05,True,0.08558960843101353
181,8,1,1,False,8,32,32,1,2048,15,0.10643395173348481,64,512,16,DLMT,1,False,True,True,1,128,False,1,2,16,128,1,35,2048,6,1,0.10792685714285714,1,True,0.004506280513384193,True,0.10941976255222947
182,8,1,2048,False,8,32,32,512,512,2,0.10995270639951721,64,256,128,DLMT,1,False,True,False,2048,256,True,1,2,13,2048,32,35,2048,8,1,0.11090277142857144,1,True,0.002867736629526242,True,0.11185283645762567
183,8,1,2048,False,8,32,32,64,1,1,0.09251879921995661,64,1,16,DLMT,1,False,True,False,1,256,False,1,1,18,2048,1,35,2048,10,1,0.09252400857142856,1,False,1.5724237368354058e-05,True,0.09252921792290052
184,8,1,1,False,8,32,32,512,64,30,0.09260491651886261,64,512,256,DLMT,1,True,True,True,128,1,True,1,9,19,1,8,35,2048,6,1,0.09485195142857142,1,False,0.006782592897678648,True,0.09709898633828022
185,8,1,1024,False,8,32,32,64,1,22,0.09349921135922508,64,512,1,DLMT,1,False,True,True,2048,2048,False,1,1,17,1024,32,35,2048,28,1,0.09353383714285714,1,False,0.00010451666466088822,True,0.0935684629264892
186,8,1,2048,False,8,32,32,512,2048,25,0.09655630912205054,64,32,1,DLMT,1,True,True,False,1,128,False,1,30,28,128,32,35,2048,3,1,0.09659101714285714,1,False,0.00010476489457205574,True,0.09662572516366374
187,8,1,1024,False,8,32,32,16,256,10,0.07096137601177231,64,256,512,DLMT,1,True,False,False,1,2048,True,1,29,28,128,1,35,2048,14,1,0.07435590285714286,1,True,0.010246255442187808,True,0.0777504297025134
188,8,1,512,False,8,32,32,1,512,3,0.08223566381792959,64,128,512,DLMT,1,False,False,False,256,512,False,1,25,12,2048,8,35,2048,1,1,0.08223978285714287,1,False,1.2433169592765161e-05,True,0.08224390189635615
189,8,1,128,False,8,32,32,256,1,21,0.10551538216371707,64,32,32,DLMT,1,False,True,False,2048,2048,False,1,20,10,1,8,35,2048,20,1,0.10665957142857142,1,True,0.0034536935531664747,True,0.10780376069342577
190,8,1,128,False,8,32,32,512,1024,10,0.1294405412480332,64,1,1,DLMT,1,True,True,False,256,64,True,1,30,13,1,32,35,2048,6,1,0.12998845714285714,1,True,0.0016538641392268016,True,0.1305363730376811
191,8,1,2048,False,8,32,32,256,1,30,0.0814875544977281,64,1,512,DLMT,1,True,False,False,1024,2048,False,1,14,18,512,1,35,2048,14,1,0.08149463142857144,1,False,2.1361457567024446e-05,True,0.08150170835941478
192,8,1,512,False,8,32,32,64,2048,28,0.13319840281299156,64,512,64,DLMT,1,True,True,True,512,256,True,1,11,6,256,32,35,2048,22,1,0.1337773142857143,1,True,0.001747423160320502,True,0.13435622575843703
193,8,1,128,False,8,32,32,256,64,24,0.11151457236232173,64,32,128,DLMT,1,True,False,True,512,256,True,1,23,28,2048,32,35,2048,1,1,0.11254577142857142,1,True,0.003112636760834448,True,0.1135769704948211
194,8,1,1,False,8,32,32,512,1,1,0.0920292284429669,64,512,128,DLMT,1,False,True,True,2048,2048,False,1,30,14,128,1,35,2048,29,1,0.09205851142857145,1,False,8.838962373306911e-05,True,0.092087794414176
195,8,1,1,False,8,32,32,1,256,1,0.09429071215514005,64,256,1,DLMT,1,True,True,False,512,1,True,1,13,12,256,8,35,2048,20,1,0.09465529142857142,1,False,0.0011004692361174008,True,0.09501987070200278
196,8,1,1,False,8,32,32,64,512,1,0.09427971544523964,64,16,512,DLMT,1,False,True,True,1024,2048,False,1,1,27,1,32,35,2048,8,1,0.0943076,1,False,8.416851124805811e-05,True,0.09433548455476037
197,8,1,1,False,8,32,32,64,128,20,0.10647056943335126,64,32,1,DLMT,1,False,False,False,1024,128,True,1,3,3,64,1,35,2048,19,1,0.10729794285714286,1,False,0.002497396495127987,True,0.10812531628093447
198,8,1,1024,False,8,32,32,1,512,13,0.08467585278029804,64,128,32,DLMT,1,False,True,False,1,2048,True,1,1,27,1,8,35,2048,18,1,0.08775666857142855,1,True,0.009299330069903545,True,0.09083748436255906
199,8,1,512,False,8,32,32,512,2048,10,0.08313049610651778,64,1,32,DLMT,1,False,False,True,1,64,True,1,25,18,512,8,35,2048,15,1,0.09128997142857143,1,True,0.024629078582191315,True,0.09944944675062507
200,8,1,2048,False,8,32,32,1,128,17,0.10923213423369521,64,1,512,DLMT,1,False,True,True,128,512,True,1,15,21,1,1,35,2048,29,1,0.11006591428571429,1,False,0.0025167346687032903,True,0.11089969433773336
201,8,1,64,False,8,32,32,512,128,29,0.11209089273033819,64,1,512,DLMT,1,False,True,False,1,512,False,1,12,15,1024,32,35,2048,24,1,0.11381937142857143,1,True,0.005217349891526563,True,0.11554785012680467
202,8,1,2048,False,8,32,32,64,1,9,0.09182644346480268,64,512,512,DLMT,1,False,True,True,64,1,False,1,11,29,256,8,35,2048,14,1,0.09239234285714286,1,True,0.001708146670398018,True,0.09295824224948304
203,8,1,256,False,8,32,32,128,2048,24,0.100535124638273,64,128,64,DLMT,1,False,True,False,1,1,False,1,1,19,2048,1,35,2048,23,1,0.10055614285714287,1,False,6.344272686318565e-05,True,0.10057716107601275
204,8,1,2048,False,8,32,32,1,128,2,0.09531363853838355,64,128,1,DLMT,1,True,True,True,256,2048,False,1,24,2,1024,1,35,2048,7,1,0.09623483714285715,1,True,0.0027806043800466637,True,0.09715603574733074
205,8,1,2048,False,8,32,32,64,1024,25,0.10614442930218762,64,1,32,DLMT,1,True,False,False,1,512,False,1,9,11,1024,8,35,2048,2,1,0.10809048571428571,1,True,0.0058741002830655,True,0.11003654212638381
206,8,1,1024,False,8,32,32,1,2048,3,0.11125847896541119,64,512,1,DLMT,1,True,False,False,2048,256,True,1,27,30,1,32,35,2048,29,1,0.11195554285714286,1,True,0.0021040619266125245,True,0.11265260674887453
207,8,1,2048,False,8,32,32,64,1,29,0.12223420399054058,64,128,64,DLMT,1,False,False,True,512,1,True,1,29,6,64,32,35,2048,21,1,0.12318034285714285,1,False,0.002855885651400901,True,0.12412648172374513
208,8,1,128,False,8,32,32,1,128,28,0.09768216065651432,64,1,32,DLMT,1,True,False,False,2048,1,False,1,1,28,128,32,35,2048,4,1,0.09769852571428572,1,False,4.939732984603908e-05,True,0.09771489077205713
209,8,1,1024,False,8,32,32,512,512,15,0.13896497339436348,64,512,32,DLMT,1,False,True,False,256,1,False,1,19,3,1,32,35,2048,5,1,0.14020557142857143,1,True,0.003744699906234824,True,0.14144616946277938
210,8,1,1,False,8,32,32,512,2048,15,0.10971571168794707,64,32,128,DLMT,1,False,False,True,1024,2048,True,1,13,8,2048,32,35,2048,4,1,0.11026362857142859,1,False,0.001653867123453639,True,0.11081154545491011
211,8,1,128,False,8,32,32,512,256,26,0.0929364614244989,64,64,1,DLMT,1,False,False,True,256,2048,False,1,1,2,64,8,35,2048,8,1,0.09356880285714285,1,True,0.0019086995450883334,True,0.09420114428978679
212,8,1,1024,False,8,32,32,256,128,3,0.091846757759186,64,256,512,DLMT,1,True,False,True,64,1,False,1,7,9,1,1,35,2048,25,1,0.09187631428571429,1,False,8.921529703189868e-05,True,0.09190587081224257
213,8,1,256,False,8,32,32,64,64,9,0.08068969619184396,64,16,512,DLMT,1,True,True,False,1,1024,True,1,18,1,64,8,35,2048,3,1,0.08213518,1,False,0.004363140140167728,True,0.08358066380815604
214,8,1,1024,False,8,32,32,128,1,14,0.09234499649423071,64,32,512,DLMT,1,True,True,False,256,1,True,1,30,7,512,8,35,2048,27,1,0.09503204571428571,1,True,0.00811076004067059,True,0.09771909493434071
215,8,1,512,False,8,32,32,128,128,29,0.10458682135783101,64,32,1,DLMT,1,False,True,True,2048,64,True,1,12,6,1024,1,35,2048,5,1,0.10565542857142857,1,True,0.0032255518888641525,True,0.10672403578502612
216,8,1,1024,False,8,32,32,512,1,13,0.08335656434212188,64,16,128,DLMT,1,True,False,True,1024,256,False,1,9,24,128,1,35,2048,4,1,0.08336176285714286,1,False,1.5691527936424286e-05,True,0.08336696137216384
217,8,1,1,False,8,32,32,1,1,10,0.09184678296714147,64,1,1,DLMT,1,True,False,True,1,128,True,1,4,7,2048,32,35,2048,26,1,0.09710745714285715,1,True,0.015879153077258887,True,0.10236813131857284
218,8,1,1,False,8,32,32,64,512,5,0.1257414687662712,64,32,64,DLMT,1,True,False,True,256,1,True,1,6,9,256,32,35,2048,30,1,0.12643805714285714,1,True,0.0021026266014930284,True,0.12713464551944306
219,8,1,1024,False,8,32,32,64,2048,29,0.10849848557590187,64,1,128,DLMT,1,True,True,False,128,1,True,1,20,1,2048,1,35,2048,19,1,0.10968045714285714,1,True,0.003567738053668154,True,0.1108624287098124
220,8,1,64,False,8,32,32,1,256,22,0.10072300297544959,64,16,64,DLMT,1,True,False,True,2048,1,False,1,30,4,2048,32,35,2048,14,1,0.10075034285714285,1,False,8.25244354659859e-05,True,0.10077768273883611
221,8,1,1024,False,8,32,32,1,1024,12,0.08803009568395274,64,1,64,DLMT,1,True,True,True,1,256,True,1,25,30,2048,8,35,2048,18,1,0.08923776285714285,1,False,0.0036452993036500906,True,0.09044543003033297
222,8,1,1,False,8,32,32,128,1024,30,0.08509188801557149,64,1,64,DLMT,1,False,False,False,1,256,True,1,25,30,2048,8,35,2048,29,1,0.08698994,1,False,0.0057292006694626635,True,0.08888799198442851
223,8,1,512,False,8,32,32,512,1024,2,0.09073943920621952,64,1,64,DLMT,1,True,True,True,1,256,False,1,25,30,2048,8,35,2048,17,1,0.09074384000000002,1,False,1.3283635474844873e-05,True,0.09074824079378052
224,8,1,2048,False,8,32,32,1,1024,10,0.08369061762129722,64,1,64,DLMT,1,True,False,False,1,256,True,1,25,30,2048,8,35,2048,15,1,0.08657978857142858,1,False,0.008720857109015682,True,0.08946895952155993
225,8,1,1024,False,8,32,32,1,1024,29,0.08226108516238792,64,1,64,DLMT,1,False,False,False,1,256,False,1,25,30,2048,8,35,2048,14,1,0.08226538857142858,1,False,1.2989683190428425e-05,True,0.08226969198046924
226,8,1,256,False,8,32,32,128,1024,4,0.08663734512010533,64,1,64,DLMT,1,False,False,True,1,256,True,1,25,30,2048,8,35,2048,10,1,0.08900892,1,False,0.007158512254164867,True,0.09138049487989468
227,8,1,128,False,8,32,32,256,1024,1,0.08958485089156025,64,1,64,DLMT,1,False,True,False,1,256,False,1,25,30,2048,8,35,2048,30,1,0.08959204857142856,1,False,2.1725934093725125e-05,True,0.08959924625129688
228,8,1,2048,False,8,32,32,512,1024,22,0.08978633429095532,64,1,64,DLMT,1,False,True,False,1,256,False,1,25,30,2048,8,35,2048,17,1,0.08979241714285713,1,False,1.8360866548400717e-05,True,0.08979849999475893
229,8,1,512,False,8,32,32,64,1024,29,0.08754085763159769,64,1,64,DLMT,1,True,True,False,1,256,True,1,25,30,2048,8,35,2048,3,1,0.08927028,1,False,0.0052201983255045015,True,0.0909997023684023
230,8,1,1024,False,8,32,32,512,1024,17,0.08489214013146522,64,1,64,DLMT,1,False,True,True,1,256,True,1,25,30,2048,8,35,2048,1,1,0.08673784857142856,1,False,0.0055712035901138955,True,0.08858355701139191
231,8,1,64,False,8,32,32,1,1024,28,0.08720532997190873,64,1,64,DLMT,1,True,True,True,1,256,True,1,25,30,2048,8,35,2048,25,1,0.08799235142857142,1,False,0.0023755955544869072,True,0.08877937288523412
232,8,1,256,False,8,32,32,64,1024,16,0.08635885613805049,64,1,64,DLMT,1,True,False,False,1,256,False,1,25,30,2048,8,35,2048,29,1,0.08636568857142857,1,False,2.062345088802108e-05,True,0.08637252100480665
233,8,1,2048,False,8,32,32,64,1024,27,0.08555592356486737,64,1,64,DLMT,1,True,False,True,1,256,False,1,25,30,2048,8,35,2048,1,1,0.08556393142857142,1,False,2.4171444444439015e-05,True,0.08557193929227548
234,8,1,1024,False,8,32,32,1,1024,13,0.09357497642496632,64,1,64,DLMT,1,False,False,True,1,256,True,1,25,30,2048,8,35,2048,30,1,0.09542784,1,False,0.005592801104287035,True,0.09728070357503368
235,8,1,64,False,8,32,32,1,1024,3,0.08374677819885185,64,1,64,DLMT,1,False,True,False,1,256,False,1,25,30,2048,8,35,2048,2,1,0.08375074,1,False,1.1958552229622475e-05,True,0.08375470180114816
236,8,1,1,False,8,32,32,512,1024,11,0.08335804279086974,64,1,64,DLMT,1,True,False,False,1,256,False,1,25,30,2048,8,35,2048,5,1,0.08336236285714285,1,False,1.3039962438908544e-05,True,0.08336668292341597
237,8,1,1,False,8,32,32,64,1024,15,0.08444553872945453,64,1,64,DLMT,1,False,True,False,1,256,True,1,25,30,2048,8,35,2048,8,1,0.08607055428571428,1,False,0.004905050172065688,True,0.08769556984197403
238,8,1,1,False,8,32,32,64,1024,15,0.08441789562147883,64,1,64,DLMT,1,True,True,True,1,256,False,1,25,30,2048,8,35,2048,20,1,0.08442245142857144,1,False,1.3751537502165106e-05,True,0.08442700723566404
239,8,1,2048,False,8,32,32,32,1024,1,0.08747496461188156,64,1,64,DLMT,1,True,True,False,1,256,True,1,25,30,2048,8,35,2048,27,1,0.08865190571428573,1,False,0.0035525537799442116,True,0.0898288468166899
240,8,1,1,False,8,32,32,1,1024,4,0.08236418867702625,64,1,64,DLMT,1,False,False,False,1,256,False,1,25,30,2048,8,35,2048,4,1,0.08236843999999999,1,False,1.2832463297657735e-05,True,0.08237269132297373
241,8,1,2048,False,8,32,32,1,1024,18,0.08270357079703962,64,1,64,DLMT,1,True,False,False,1,256,False,1,25,30,2048,8,35,2048,8,1,0.08270748285714287,1,False,1.1808410700231617e-05,True,0.08271139491724612
242,8,1,256,False,8,32,32,512,1024,9,0.08511183202613806,64,1,64,DLMT,1,False,False,False,1,256,True,1,25,30,2048,8,35,2048,1,1,0.08686,1,False,0.005276781251699347,True,0.08860816797386195
243,8,1,1,False,8,32,32,1,1024,2,0.08502995766620712,64,1,64,DLMT,1,False,False,True,1,256,True,1,25,30,2048,8,35,2048,2,1,0.08690460285714285,1,False,0.005658548117241268,True,0.08877924804807859
244,8,1,2048,False,8,32,32,512,1024,12,0.08900196626707287,64,1,64,DLMT,1,True,True,True,1,256,True,1,25,30,2048,8,35,2048,28,1,0.09129146571428573,1,False,0.006910770554925442,True,0.0935809651614986
245,8,1,1,False,8,32,32,256,1024,3,0.0811751221115949,64,1,64,DLMT,1,False,True,False,1,256,True,1,25,30,2048,8,35,2048,14,1,0.08577156285714285,1,False,0.01387418870114235,True,0.0903680036026908
246,8,1,128,False,8,32,32,128,1024,8,0.09053994427456323,64,1,64,DLMT,1,True,True,False,1,256,False,1,25,30,2048,8,35,2048,10,1,0.09055013714285713,1,False,3.0766801084603935e-05,True,0.09056033001115103
247,8,1,512,False,8,32,32,128,1024,30,0.08767247767595326,64,1,64,DLMT,1,True,False,False,1,256,True,1,25,30,2048,8,35,2048,30,1,0.08812465142857141,1,False,0.0013648699758839263,True,0.08857682518118956
248,8,1,512,False,8,32,32,512,1024,30,0.08955729940904426,64,1,64,DLMT,1,False,True,True,1,256,False,1,25,30,2048,8,35,2048,22,1,0.08956319714285714,1,False,1.780209435053406e-05,True,0.08956909487667002
249,8,1,2048,False,8,32,32,16,1024,3,0.09112210157126391,64,1,64,DLMT,1,True,True,False,1,256,False,1,25,30,2048,8,35,2048,1,1,0.09113310857142858,1,False,3.322422843501474e-05,True,0.09114411557159324
250,8,1,256,False,8,32,32,32,1024,1,0.08649777568992868,64,1,64,DLMT,1,True,False,True,1,256,False,1,25,30,2048,8,35,2048,28,1,0.08650220571428571,1,False,1.3371866903682572e-05,True,0.08650663573864274
251,8,1,2048,False,8,32,32,64,1024,13,0.0894683557259503,64,1,64,DLMT,1,False,True,True,1,256,False,1,25,30,2048,8,35,2048,2,1,0.0894775057142857,1,False,2.7618905976648583e-05,True,0.0894866557026211
252,8,1,1,False,8,32,32,512,1024,21,0.08368572975801812,64,1,64,DLMT,1,True,False,True,1,256,False,1,25,30,2048,8,35,2048,10,1,0.08369150571428571,1,False,1.7434513272851372e-05,True,0.0836972816705533
253,8,1,2048,False,8,32,32,512,1024,1,0.0858858266512549,64,1,64,DLMT,1,False,False,False,1,256,False,1,25,30,2048,8,35,2048,29,1,0.08588972,1,False,1.1751931148294969e-05,True,0.08589361334874511
254,8,1,256,False,8,32,32,1,1024,26,0.0839056214036435,64,1,64,DLMT,1,False,True,False,1,256,True,1,25,30,2048,8,35,2048,12,1,0.08794239142857142,1,False,0.012184843049094618,True,0.09197916145349935
255,8,1,1,False,8,32,32,32,1024,20,0.08263058662419465,64,1,64,DLMT,1,False,False,False,1,256,False,1,25,30,2048,8,35,2048,28,1,0.08263673428571428,1,False,1.855649201542185e-05,True,0.0826428819472339
256,8,1,128,False,8,32,32,1,1024,23,0.08396612721728952,64,1,64,DLMT,1,True,True,True,1,256,True,1,25,30,2048,8,35,2048,29,1,0.08819688285714285,1,False,0.012770381550681713,True,0.09242763849699617
257,8,1,2048,False,8,32,32,32,1024,1,0.08587006844655026,64,1,64,DLMT,1,False,False,True,1,256,True,1,25,30,2048,8,35,2048,14,1,0.08646909142857143,1,False,0.001808129017421273,True,0.08706811441059259
258,8,1,1,False,8,32,32,64,1024,29,0.09437412373608728,64,1,64,DLMT,1,True,True,False,1,256,True,1,25,30,2048,8,35,2048,3,1,0.09608573428571426,1,False,0.005166434000349502,True,0.09779734483534125
259,8,1,256,False,8,32,32,1,1024,19,0.08309444359277389,64,1,64,DLMT,1,False,False,True,1,256,False,1,25,30,2048,8,35,2048,21,1,0.08309945428571429,1,False,1.5124593838364444e-05,True,0.08310446497865469
260,8,1,1,False,8,32,32,1,1024,30,0.08833152137715272,64,1,64,DLMT,1,True,False,True,1,256,True,1,25,30,2048,8,35,2048,2,1,0.0888081,1,False,0.0014385351863217357,True,0.08928467862284728
261,8,1,2048,False,8,32,32,128,1024,1,0.08455971183240034,64,1,64,DLMT,1,False,False,True,1,256,True,1,25,30,2048,8,35,2048,13,1,0.08743153142857142,1,False,0.008668482680106015,True,0.0903033510247425
262,8,1,2048,False,8,32,32,1,1024,21,0.08731756313949274,64,1,64,DLMT,1,True,False,False,1,256,True,1,25,30,2048,8,35,2048,29,1,0.08896109428571426,1,False,0.004960938804871679,True,0.09060462543193579
263,8,1,256,False,8,32,32,512,1024,1,0.08549563905862848,64,1,64,DLMT,1,False,False,False,1,256,True,1,25,30,2048,8,35,2048,22,1,0.08807523428571429,1,False,0.0077864140830750965,True,0.0906548295128001
264,8,1,1,False,8,32,32,1,1024,1,0.08322574736157193,64,1,64,DLMT,1,True,False,False,1,256,True,1,25,30,2048,8,35,2048,19,1,0.08682756857142858,1,False,0.010871965918788465,True,0.09042938978128523
265,8,1,512,False,8,32,32,1,1024,28,0.08206210871607737,64,1,64,DLMT,1,False,False,True,1,256,False,1,25,30,2048,8,35,2048,1,1,0.08207036571428572,1,False,2.4923447856610604e-05,True,0.08207862271249407
266,8,1,128,False,8,32,32,1,1024,2,0.08274804198776375,64,1,64,DLMT,1,True,False,False,1,256,False,1,25,30,2048,8,35,2048,30,1,0.08275510857142857,1,False,2.1330224986136588e-05,True,0.08276217515509338
267,8,1,2048,False,8,32,32,256,1024,7,0.08552510446027595,64,1,64,DLMT,1,True,False,False,1,256,False,1,25,30,2048,8,35,2048,1,1,0.08553410285714286,1,False,2.7161332659439914e-05,True,0.08554310125400977
268,8,1,1,False,8,32,32,512,1024,28,0.08315356989996933,64,1,64,DLMT,1,True,False,True,1,256,False,1,25,30,2048,8,35,2048,20,1,0.08316747714285713,1,False,4.197850528690115e-05,True,0.08318138438574493
269,8,1,256,False,8,32,32,64,1024,16,0.08507918349538246,64,1,64,DLMT,1,False,False,False,1,256,True,1,25,30,2048,8,35,2048,7,1,0.08700942285714286,1,False,0.005826357093665484,True,0.08893966221890326
270,8,1,256,False,8,32,32,32,1024,30,0.0860405402754097,64,1,64,DLMT,1,True,False,False,1,256,False,1,25,30,2048,8,35,2048,11,1,0.08604670285714285,1,False,1.860152813560243e-05,True,0.086052865438876
271,8,1,1,False,8,32,32,512,1024,15,0.08204108809966765,64,1,64,DLMT,1,False,False,False,1,256,False,1,25,30,2048,8,35,2048,3,1,0.08204852285714286,1,False,2.2441544200933355e-05,True,0.08205595761461806
272,8,1,2048,False,8,32,32,1,1024,11,0.08223048767587436,64,1,64,DLMT,1,False,False,True,1,256,False,1,25,30,2048,8,35,2048,15,1,0.08223502857142857,1,False,1.3706527567519839e-05,True,0.08223956946698278
273,8,1,2048,False,8,32,32,256,1024,27,0.08537695223203697,64,1,64,DLMT,1,False,False,False,1,256,False,1,25,30,2048,8,35,2048,30,1,0.0853809857142857,1,False,1.2174919016619558e-05,True,0.08538501919653445
274,8,1,512,False,8,32,32,512,1024,14,0.08670505868315137,64,1,64,DLMT,1,True,False,True,1,256,True,1,25,30,2048,8,35,2048,25,1,0.09016634571428571,1,False,0.010447768627342471,True,0.09362763274542005
275,8,1,64,False,8,32,32,64,1024,3,0.08497804963546564,64,1,64,DLMT,1,True,False,True,1,256,False,1,25,30,2048,8,35,2048,1,1,0.08498486000000001,1,False,2.0556836888420317e-05,True,0.08499167036453438
276,8,1,1,False,8,32,32,64,1024,13,0.08619723526922421,64,1,64,DLMT,1,False,False,True,1,256,True,1,25,30,2048,8,35,2048,30,1,0.08773602,1,False,0.0046447655712517615,True,0.08927480473077579
277,8,1,1,False,8,32,32,1,1024,4,0.0821177674393152,64,1,64,DLMT,1,False,False,True,1,256,False,1,25,30,2048,8,35,2048,25,1,0.08212287999999998,1,False,1.5432077908415512e-05,True,0.08212799256068476
278,8,1,2048,False,8,32,32,256,1024,1,0.08522479126199188,64,1,64,DLMT,1,True,False,True,1,256,False,1,25,30,2048,8,35,2048,1,1,0.08522870285714286,1,False,1.1807007258749066e-05,True,0.08523261445229384
279,8,1,256,False,8,32,32,512,1024,2,0.08653024153334131,64,1,64,DLMT,1,True,False,True,1,256,False,1,25,30,2048,8,35,2048,29,1,0.08653469142857143,1,False,1.3431846409156256e-05,True,0.08653914132380154
280,8,1,512,False,8,32,32,64,1024,17,0.08670783164276277,64,1,64,DLMT,1,True,False,False,1,256,False,1,25,30,2048,8,35,2048,13,1,0.08671186571428571,1,False,1.2176697719288825e-05,True,0.08671589978580865
281,8,1,256,False,8,32,32,512,1024,15,0.08610240994041267,64,1,64,DLMT,1,False,False,True,1,256,False,1,25,30,2048,8,35,2048,11,1,0.08610761428571428,1,False,1.5709126425783008e-05,True,0.0861128186310159
282,8,1,512,False,8,32,32,1,1024,1,0.08290387397732417,64,1,64,DLMT,1,True,False,False,1,256,False,1,25,30,2048,8,35,2048,27,1,0.08290826857142858,1,False,1.326492197874005e-05,True,0.08291266316553299
283,8,1,128,False,8,32,32,512,1024,30,0.08568168536769298,64,1,64,DLMT,1,False,False,False,1,256,False,1,25,30,2048,8,35,2048,14,1,0.08568772285714286,1,False,1.8223941642235233e-05,True,0.08569376034659275
284,8,1,1,False,8,32,32,512,1024,10,0.08292926958695908,64,1,64,DLMT,1,True,False,False,1,256,False,1,25,30,2048,8,35,2048,1,1,0.08293668,1,False,2.2368061414181554e-05,True,0.08294409041304092
285,8,1,1,False,8,32,32,256,1024,2,0.08253335539495031,64,1,64,DLMT,1,False,False,False,1,256,False,1,25,30,2048,8,35,2048,12,1,0.08253782285714287,1,False,1.3484871644377219e-05,True,0.08254229031933542
286,8,1,1,False,8,32,32,64,1024,7,0.08292724636354422,64,1,64,DLMT,1,False,False,True,1,256,False,1,25,30,2048,8,35,2048,13,1,0.08293173142857142,1,False,1.3538005158570533e-05,True,0.08293621649359863
287,8,1,2048,False,8,32,32,256,1024,15,0.08596843803511217,64,1,64,DLMT,1,False,False,False,1,256,False,1,25,30,2048,8,35,2048,30,1,0.08597459428571429,1,False,1.8582417847557457e-05,True,0.0859807505363164
288,8,1,2048,False,8,32,32,512,1024,30,0.08485681379067142,64,1,64,DLMT,1,True,False,True,1,256,False,1,25,30,2048,8,35,2048,4,1,0.08486248000000002,1,False,1.710324614134481e-05,True,0.08486814620932862
289,8,1,1,False,8,32,32,1,1024,19,0.08250405816369986,64,1,64,DLMT,1,True,False,True,1,256,False,1,25,30,2048,8,35,2048,25,1,0.08250906857142858,1,False,1.51237329373138e-05,True,0.08251407897915729
290,8,1,128,False,8,32,32,64,1024,30,0.08683412267676777,64,1,64,DLMT,1,True,False,True,1,256,False,1,25,30,2048,8,35,2048,30,1,0.08683884285714284,1,False,1.4247692258533585e-05,True,0.08684356303751792
291,8,1,64,False,8,32,32,1,1024,30,0.08382435225328645,64,1,64,DLMT,1,False,False,True,1,256,False,1,25,30,2048,8,35,2048,2,1,0.08382854285714286,1,False,1.264918485717685e-05,True,0.08383273346099927
292,8,1,2048,False,8,32,32,1,1024,2,0.08241700004112881,64,1,64,DLMT,1,False,False,True,1,256,False,1,25,30,2048,8,35,2048,21,1,0.08242264857142856,1,False,1.704988263769492e-05,True,0.0824282971017283
293,8,1,256,False,8,32,32,16,1024,11,0.08157710091269048,64,1,64,DLMT,1,False,False,False,1,256,False,1,25,30,2048,8,35,2048,1,1,0.08158192285714286,1,False,1.455486341329264e-05,True,0.08158674480159524
294,8,1,1,False,8,32,32,1,1024,11,0.0821679181203151,64,1,64,DLMT,1,False,False,False,1,256,False,1,25,30,2048,8,35,2048,12,1,0.0821721257142857,1,False,1.2700468897016962e-05,True,0.0821763333082563
