id,runs,baseline,mean_confidence_interval_inf,T1_I,T1_J,cost_mean,U_J,U_I,technique,T2_I,cost_std,correct_result,T2_J,U1_I,OMP,VEC2,mean_confidence_interval_sup,VEC1,RT_I,SCR,RT_J
1,10,False,0.533809343826041,8,32,0.6651088999999999,1,22,RS,2048,0.21184351169410406,True,512,9,True,True,0.7964084561739588,True,8,True,1
2,10,False,9.520505708649019,2,2,9.522154999999998,30,1,RS,2048,0.002661027057359783,True,8,5,False,True,9.523804291350977,False,8,False,4
3,10,False,0.6597626179050418,256,256,0.7198867999999999,1,8,RS,1024,0.09700655694415716,True,1024,21,True,False,0.7800109820949581,True,1,True,16
4,10,False,0.8130329534723129,1,128,0.8387157000000001,16,1,RS,16,0.04143748366648243,True,1024,1,True,False,0.8643984465276873,True,4,False,8
5,10,False,4.391882036450241,64,8,4.392162000000001,1,19,RS,64,0.0004517034425372536,True,128,5,False,True,4.392441963549761,False,4,False,8
6,10,False,0.8371481725002927,8,2,0.8945745,1,15,RS,1024,0.09265373955351185,True,4,6,True,True,0.9520008274997074,True,16,True,1
7,10,False,0.6806371027460459,64,4,0.8083406,1,28,RS,2048,0.20604149855657716,True,128,9,True,False,0.936044097253954,True,2,False,16
8,10,False,0.8303789460891301,1,512,0.8622472,1,21,RS,2,0.0514174077716876,True,1024,7,True,True,0.8941154539108699,False,8,True,4
9,10,False,0.945262420102323,8,512,0.9676094,23,1,RS,128,0.036055435640690844,True,512,6,True,True,0.9899563798976769,True,32,False,2
10,10,False,4.236468299082152,1,32,4.236548000000001,1,6,RS,256,0.00012859237924546242,True,256,23,False,True,4.2366277009178495,True,2,False,8
11,10,False,0.7545692079606282,16,2,0.7844829,6,1,RS,128,0.04826384607850889,True,128,11,True,False,0.8143965920393718,False,8,True,1
12,10,False,4.207399562642423,16,256,4.2074739999999995,12,1,RS,256,0.00012009995836808148,True,2048,16,False,False,4.207548437357576,False,2,False,4
13,10,False,5.609969629801048,16,128,5.610296,1,28,RS,1024,0.0005265776296045903,True,512,20,False,False,5.610622370198952,True,1,False,16
14,10,False,0.9334065548500181,2,2,0.957568,1,29,RS,1,0.03898296031858023,True,4,16,True,True,0.9817294451499818,True,8,True,4
15,10,False,1.1659283377703864,256,2,1.200238,30,1,RS,1024,0.05535646534958676,True,8,27,True,False,1.2345476622296134,False,1,False,2
16,10,False,1.0000264454108123,4,8,1.0146292000000001,20,1,RS,4,0.023560618959611392,True,16,5,True,True,1.029231954589188,True,1,False,32
17,10,False,0.8720444270958728,4,4,0.8941785,1,17,RS,4,0.03571192370133539,True,256,17,True,True,0.9163125729041272,False,16,True,2
18,10,False,1.539306017716701,512,8,1.540558,1,1,RS,1024,0.0020199940593971927,True,1,13,False,True,1.5418099822832991,False,8,True,2
19,10,False,1.0907814623925502,2,1,1.103407,14,1,RS,32,0.020370504682015126,True,2,11,True,False,1.1160325376074498,True,4,False,32
20,10,False,4.890961361572551,1,32,4.891167000000001,1,15,RS,1024,0.0003317845686586925,True,1,21,False,False,4.891372638427451,False,1,False,32
21,10,False,2.1736681068061166,256,32,2.174176,8,1,RS,1,0.0008194534764097818,True,1024,2,False,False,2.1746838931938837,True,1,True,2
22,10,False,0.3944493373928458,2048,8,0.5471709000000001,1,9,RS,2048,0.24640656127767785,True,64,24,True,False,0.6998924626071544,False,1,True,2
23,10,False,0.8295564364547754,1,8,0.8501172999999997,4,1,RS,128,0.03317365011586758,True,64,4,True,False,0.8706781635452241,False,4,False,2
24,10,False,0.5833480837676993,16,8,0.7039525999999999,1,11,RS,2048,0.19458774263462744,True,128,4,True,False,0.8245571162323005,False,1,False,4
25,10,False,0.4993265798813845,32,4,0.6208157,1,17,RS,2048,0.19601499493612726,True,256,30,True,False,0.7423048201186154,False,1,True,16
26,10,False,2.126460434917731,16,512,2.127144,1,19,RS,128,0.0011028889336646263,True,2048,12,False,False,2.127827565082269,False,32,True,4
27,10,False,1.7578681875475497,1,32,1.7579230000000003,25,1,RS,256,8.843641783785572e-05,True,2048,15,False,False,1.757977812452451,True,2,True,8
28,10,False,0.8401993351536023,32,4,0.8669268000000001,22,1,RS,512,0.04312307045607955,True,1024,22,True,True,0.8936542648463979,False,4,False,8
29,10,False,5.958543128877979,128,8,5.958848,15,1,RS,512,0.0004918902316573842,True,8,29,False,True,5.95915287112202,False,32,False,2
30,10,False,0.9687464214691425,2,8,0.9747028000000002,1,30,RS,64,0.009610239224910055,True,1,28,True,True,0.9806591785308579,True,32,False,4
31,10,False,4.520567379453075,64,32,4.520829999999999,21,1,RS,256,0.00042372160671851663,True,512,5,False,False,4.5210926205469235,True,32,True,1
32,10,False,4.312774535966988,16,16,4.312897000000001,1,19,RS,256,0.0001975879550984225,True,32,23,False,True,4.313019464033014,True,4,False,4
33,10,False,0.7586812665691933,256,2,0.8059115,17,1,RS,512,0.07620298803491894,True,512,20,True,True,0.8531417334308067,True,32,True,1
34,10,False,5.612574804270817,2,64,5.612703,23,1,RS,128,0.00020683568357513174,True,64,12,False,False,5.612831195729183,True,16,False,1
35,10,False,0.9535899302273313,8,1,0.9730589000000001,1,20,RS,8,0.03141194872162502,True,8,22,True,True,0.9925278697726688,False,1,False,32
36,10,False,1.6472702546240696,16,256,1.647491,2,1,RS,256,0.00035615867250426465,True,1,29,False,False,1.6477117453759305,False,16,True,2
37,10,False,3.9341860386639707,512,32,3.93424,15,1,RS,512,8.706319543874535e-05,True,64,26,False,False,3.9342939613360293,True,8,False,2
38,10,False,0.9596619702268258,1,2,0.9697638999999999,8,1,RS,16,0.016298823395877373,True,16,5,True,True,0.979865829773174,False,1,True,2
39,10,False,5.38156950615426,1024,4,5.381664,20,1,RS,1024,0.0001524598307751404,True,2048,9,False,True,5.38175849384574,True,2,False,4
40,10,False,0.7943915792315024,2,2,0.8083224,25,1,RS,16,0.02247649632927694,True,16,17,True,True,0.8222532207684976,True,2,True,1
41,10,False,5.7248293978563245,2,32,5.724956000000001,1,14,RS,1,0.00020426453436647455,True,32,1,False,False,5.725082602143677,True,8,False,1
42,10,False,0.833928587450361,8,8,0.863103,4,1,RS,8,0.04707106547976154,True,64,29,True,True,0.8922774125496389,True,1,True,1
43,10,False,1.6855705406955779,1,8,1.685667,1,5,RS,128,0.00015563097378091108,True,16,14,False,True,1.6857634593044222,False,4,True,32
44,10,False,5.726984225887309,2,256,5.7271100000000015,1,29,RS,512,0.00020292855885770556,True,1,2,False,True,5.727235774112694,True,1,False,8
45,10,False,0.7564044855541235,128,4,0.8047065999999999,1,6,RS,1024,0.07793240011343164,True,256,24,True,True,0.8530087144458763,True,1,False,4
46,10,False,0.39647910809300013,1024,32,0.5467725,10,1,RS,2048,0.24248886175832898,True,512,9,True,True,0.6970658919069999,True,8,True,8
47,10,False,0.8973773932459104,4,2,0.9171435000000001,1,27,RS,16,0.0318913604076402,True,64,27,True,False,0.9369096067540899,False,2,False,32
48,10,False,1.575665675668822,1024,16,1.576451,12,1,RS,1024,0.0012670710319473487,True,64,4,False,False,1.577236324331178,False,8,True,8
49,10,False,5.7224971629579375,8,512,5.72394,1,28,RS,1,0.002327926115666038,True,2048,2,False,False,5.725382837042062,True,1,False,4
50,10,False,4.633576565484028,16,8,4.633598,1,4,RS,128,3.4583232931633086e-05,True,64,1,False,True,4.633619434515972,True,1,False,16
51,10,False,0.9478083809643473,32,1024,0.9711759000000001,17,1,RS,256,0.037702010854727644,True,1024,19,True,True,0.9945434190356529,False,1,False,4
52,10,False,0.9420342784567762,4,512,0.9644049000000001,1,9,RS,32,0.03609357993729634,True,512,19,True,True,0.986775521543224,False,8,False,8
53,10,False,3.922999689277099,64,2,3.925551,1,16,RS,512,0.004116378141036174,True,1,27,False,False,3.928102310722901,False,32,True,4
54,10,False,5.600026972035904,2,8,5.600205,1,5,RS,512,0.0002872368360779091,True,128,18,False,False,5.600383027964096,True,1,False,2
55,10,False,0.9436894887705581,4,256,0.969074,1,12,RS,16,0.040956299915885945,True,2048,30,True,True,0.9944585112294418,False,8,False,16
56,10,False,0.8327442785317297,16,4,0.8462356999999999,4,1,RS,1,0.021767553408915747,True,16,19,True,False,0.8597271214682701,False,4,False,2
57,10,False,0.5940403701265538,64,128,0.7286787,15,1,RS,2048,0.21723041143589908,True,256,25,True,True,0.8633170298734463,True,2,False,2
58,10,False,6.8058805191228435,4,8,6.8074650000000005,13,1,RS,2048,0.0025564594657454865,True,16,13,False,True,6.809049480877158,True,1,False,32
59,10,False,0.9353322400128342,512,64,0.9785290999999999,2,1,RS,1,0.06969539563192105,True,1024,10,True,True,1.0217259599871655,True,1,False,8
60,10,False,0.7437541287696108,4,256,0.7773872000000001,23,1,RS,1,0.05426482865687499,True,1024,26,True,True,0.8110202712303893,False,4,True,32
61,10,False,4.329589982162939,4,2048,4.329673,1,28,RS,64,0.00013394401815682705,True,2048,10,False,False,4.32975601783706,True,2,False,4
62,10,False,0.8544881816598042,16,128,0.8808765999999999,8,1,RS,512,0.042576040408192024,True,2048,20,True,False,0.9072650183401956,True,16,False,4
63,10,False,5.738493544757399,32,256,5.739934999999999,21,1,RS,256,0.002325696669817435,True,1024,29,False,True,5.741376455242599,False,1,False,4
64,10,False,0.6241615641480642,64,2,0.7165310999999999,22,1,RS,64,0.14903239141572544,True,8,23,True,True,0.8089006358519355,True,16,True,2
65,10,False,0.8410769512844897,4,2048,0.8520681999999999,28,1,RS,4,0.01773368314141197,True,2048,8,True,True,0.8630594487155102,True,4,False,32
66,10,False,0.8610191601433269,32,16,0.8878176999999999,26,1,RS,128,0.043237745480193567,True,16,26,True,False,0.914616239856673,True,32,False,2
67,10,False,0.9018186990026458,512,2048,0.9366641,24,1,RS,1,0.05622084589447228,True,1,5,True,False,0.9715095009973542,True,1,False,2
68,10,False,4.772665678413367,1,1,4.772705,9,1,RS,16,6.344288770212073e-05,True,2048,29,False,False,4.772744321586633,False,4,False,1
69,10,False,0.8712554115018629,2,16,0.8966664,1,22,RS,16,0.040999019310710365,True,16,10,True,False,0.922077388498137,False,8,True,16
70,10,False,0.9636608697394475,64,2,0.9902293,8,1,RS,256,0.04286647823194716,True,512,29,True,True,1.0167977302605524,True,1,False,1
71,10,False,2.2049840410622745,2,128,2.205037,14,1,RS,2,8.544588931014062e-05,True,2048,12,False,False,2.2050899589377253,True,4,True,8
72,10,False,4.441692332861481,4,1,4.441753,1,27,RS,256,9.788258272034048e-05,True,32,21,False,True,4.441813667138519,True,4,False,8
73,10,False,0.8173779991188604,32,128,0.8369866,1,10,RS,64,0.03163723466486917,True,1024,13,True,False,0.8565952008811396,True,4,False,8
74,10,False,0.8696768246406202,4,8,0.8920905999999998,30,1,RS,4,0.03616320588443453,True,32,27,True,False,0.9145043753593795,True,16,True,1
75,1,False,inf,128,1,inf,9,1,RS,1,inf,False,1,21,False,True,inf,False,2,True,32
76,10,False,0.7652357311005691,8,32,0.7904291999999999,1,27,RS,8,0.040648065225297014,True,1,12,True,False,0.8156226688994308,True,2,True,8
77,10,False,0.49922676912127756,128,1,0.6142391,19,1,RS,512,0.18556510601751075,True,256,4,True,False,0.7292514308787225,False,8,True,2
78,10,False,0.644273507691696,1,2,0.7637137,6,1,RS,2048,0.19270917978189311,True,1024,15,True,True,0.8831538923083041,True,2,True,4
79,10,False,3.5810673516584983,8,1,3.581299,30,1,RS,128,0.0003737499163879309,True,8,19,False,False,3.5815306483415017,False,1,True,32
80,10,False,5.3985609876465475,8,1,5.398735,1,15,RS,1,0.00028075790282733597,True,2,30,False,True,5.398909012353453,False,4,False,16
81,10,False,4.6379296268531025,32,1024,4.638355000000001,1,8,RS,1,0.0006863126109872413,True,2048,19,False,False,4.638780373146899,True,4,False,16
82,10,False,0.8613333799852988,2,8,0.8870458000000001,5,1,RS,16,0.041485359956977594,True,1,19,True,False,0.9127582200147014,False,8,True,2
83,10,False,0.8749770309590833,512,2,0.8993597,18,1,RS,512,0.03933989104471438,True,64,16,True,False,0.9237423690409167,False,4,False,32
84,10,False,0.4321809742000198,64,2,0.57307,1,15,RS,2048,0.2273155131239397,True,1024,15,True,True,0.7139590257999802,True,8,True,16
85,10,False,0.8753102645471459,8,8,0.8922547,1,27,RS,16,0.0273387726097936,True,8,29,True,False,0.909199135452854,False,2,False,1
86,10,False,0.8127870789302825,64,4,0.8303433,1,6,RS,64,0.02832584992564213,True,16,15,True,True,0.8478995210697176,True,16,False,1
87,10,False,0.9550742887218249,4,4,0.9794791,1,18,RS,256,0.03937561614108409,True,4,1,True,True,1.0038839112781752,False,1,False,2
88,10,False,1.0661944805675805,1024,8,1.1198839999999999,15,1,RS,1,0.08662463658798229,True,8,24,True,False,1.1735735194324193,False,1,False,16
89,10,False,1.7662856187605998,64,32,1.76952,6,1,RS,2048,0.0052184691241780375,True,256,21,False,True,1.7727543812394002,False,16,True,1
90,10,False,1.6495111517339707,1024,256,1.649658,20,1,RS,2048,0.0002369303695181521,True,256,14,False,False,1.6498048482660295,True,2,True,8
91,10,False,3.031549394582704,1024,2,3.031703,3,1,RS,1024,0.0002478326047960751,True,64,20,False,False,3.0318566054172957,True,8,True,8
92,10,False,0.9579343304112928,2,2,0.9777259,1,6,RS,2,0.0319324430773782,True,2,18,True,True,0.9975174695887072,False,32,False,1
93,10,False,4.1171676523204095,1,256,4.119536999999999,1,16,RS,2048,0.003822792304062432,True,256,18,False,False,4.121906347679589,True,4,False,8
94,10,False,3.943270591405127,1,16,3.943425,1,21,RS,1,0.00024912848090894536,True,16,10,False,True,3.9435794085948728,False,8,False,2
95,10,False,0.5949926018028115,2048,32,0.7254671,1,11,RS,2048,0.21051233294344066,True,2048,23,True,True,0.8559415981971885,False,2,False,8
96,10,False,1.4511099875139397,8,32,1.451268,1,7,RS,64,0.00025494313091356237,True,256,2,False,False,1.4514260124860603,True,32,True,1
97,10,False,5.279051870621153,64,2,5.2795250000000005,1,27,RS,512,0.0007633642642933252,True,1024,4,False,False,5.279998129378848,True,4,False,8
98,10,False,1.6660096280184291,32,32,1.666246,1,7,RS,256,0.0003813712102401075,True,2048,29,False,False,1.6664823719815707,False,16,True,2
99,10,False,0.9381037634202924,1,16,0.9737981999999998,19,1,RS,512,0.05759071099196467,True,2048,16,True,True,1.0094926365797072,True,1,False,16
100,10,False,0.7779273196668872,2,16,0.8088757,7,1,RS,8,0.049933250058553154,True,16,30,True,True,0.8398240803331127,True,2,True,8
101,10,False,0.6859369442480959,16,256,0.7522308,5,1,RS,1024,0.1069609343356723,True,1,14,True,True,0.818524655751904,True,4,True,4
102,10,False,4.268483856151309,8,1,4.269784,1,13,RS,1024,0.002097699692520328,True,8,8,False,True,4.27108414384869,False,4,False,2
103,10,False,3.885595664684097,64,2,3.8881750000000004,1,8,RS,2048,0.004161594045555038,True,32,18,False,True,3.8907543353159038,True,32,True,1
104,10,False,1.6068401251382474,256,1,1.606973,1,14,RS,1,0.00021438516739739354,True,64,14,False,True,1.6071058748617526,False,8,True,16
105,10,False,5.602863169669826,32,1,5.6030169999999995,29,1,RS,512,0.0002481954874690714,True,256,9,False,False,5.603170830330173,False,1,False,2
106,10,False,0.8690245013939025,1,16,0.8867412,1,26,RS,16,0.028584770259003314,True,32,11,True,False,0.9044578986060975,False,2,False,8
107,10,False,3.3892301674605023,4,2,3.389313,1,27,RS,2048,0.0001336450522839397,True,256,21,False,False,3.3893958325394977,True,16,True,8
108,10,False,0.8243454384927845,8,4,0.8468254,1,22,RS,1,0.03626999303887443,True,16,29,True,True,0.8693053615072154,True,4,False,8
109,10,False,0.7853612363564153,64,1,0.8144946999999998,11,1,RS,64,0.04700499701531744,True,4,15,True,True,0.8436281636435843,False,2,True,1
110,10,False,1.9686883121652017,16,64,1.9688050000000001,1,25,RS,32,0.00018826842539309343,True,64,20,False,False,1.9689216878347986,False,4,True,32
111,10,False,0.8652933206077068,4,16,0.8889692,21,1,RS,1,0.038199530745285336,True,16,2,True,True,0.9126450793922932,True,2,False,1
112,10,False,2.1809785413185176,4,2048,2.182257,1,9,RS,512,0.00206271204970541,True,2048,8,False,False,2.183535458681482,True,32,True,1
113,10,False,4.276141264004005,256,64,4.277162,20,1,RS,2048,0.0016468928319717689,True,128,28,False,False,4.278182735995994,True,4,False,4
114,10,False,2.3626123296850006,32,8,2.362703,5,1,RS,512,0.00014629080627291452,True,2048,12,False,False,2.362793670315,False,2,True,32
115,10,False,3.0681524506358078,16,1,3.068219,24,1,RS,32,0.00010737318100903918,True,2,22,False,True,3.0682855493641923,True,8,True,8
116,10,False,5.752002141136875,4,4,5.75338,1,15,RS,16,0.002223087942479921,True,2048,15,False,False,5.754757858863125,True,16,False,8
117,10,False,6.584387656574745,4,4,6.5844439999999995,21,1,RS,1,9.090654541896627e-05,True,256,25,False,False,6.584500343425254,False,2,False,16
118,10,False,0.8317497404328239,2,16,0.8606592000000001,3,1,RS,128,0.046643580636139007,True,512,15,True,False,0.8895686595671762,True,32,True,4
119,10,False,4.018990333083135,128,2,4.019067,1,27,RS,256,0.00012369721096282176,True,2048,7,False,True,4.0191436669168645,False,2,False,16
120,10,False,5.622342103845405,4,1,5.624562999999999,1,23,RS,256,0.0035832751778227317,True,4,26,False,False,5.626783896154594,False,1,False,16
121,10,False,6.276502402353698,4,2,6.278135000000001,1,27,RS,8,0.0026340928229657483,True,32,9,False,True,6.279767597646304,False,8,False,2
122,10,False,0.8630528088708728,16,64,0.8845107999999999,1,14,RS,128,0.034621108609632946,True,256,14,True,False,0.9059687911291271,True,2,False,4
123,10,False,5.196243314796967,128,2,5.196381,1,13,RS,1,0.00022214634815811372,True,1,11,False,False,5.196518685203032,True,8,False,8
124,10,False,2.13058468273017,2,32,2.1320229999999993,1,21,RS,2048,0.002320633749646844,True,512,6,False,True,2.1334613172698287,True,16,True,4
125,10,False,0.9574230987312797,2,1,0.9739030999999999,1,22,RS,16,0.02658943749104144,True,256,28,True,False,0.9903831012687201,True,1,False,32
126,10,False,4.868260304329726,1,4,4.868416,1,25,RS,1024,0.000251205095489643,True,1,5,False,True,4.868571695670274,True,2,False,4
127,10,False,0.9464157684029191,2,512,0.9713015,24,1,RS,1,0.04015155059334568,True,2048,11,True,False,0.996187231597081,True,4,False,1
128,10,False,5.122883278667657,1,8,5.122964999999999,30,1,RS,16,0.00013185218997037885,True,16,3,False,True,5.123046721332341,False,2,False,8
129,10,False,4.269488333520726,2048,512,4.2699300000000004,1,21,RS,1,0.0007126008700526682,True,1024,16,False,False,4.270371666479275,False,1,False,2
130,10,False,0.8185685381526516,8,1,0.83808,1,7,RS,8,0.03148050699083483,True,1,24,True,False,0.8575914618473485,True,4,False,1
131,10,False,5.600887033429295,16,128,5.600947,26,1,RS,16,9.67522609553755e-05,True,512,15,False,False,5.601006966570704,True,32,False,1
132,10,False,2.127420006786748,4,512,2.1286590000000003,12,1,RS,32,0.0019990370181665524,True,1024,8,False,False,2.1298979932132527,True,1,True,16
133,10,False,0.7588180465687177,16,2,0.7938888000000001,1,19,RS,64,0.05658443776304575,True,8,26,True,False,0.8289595534312825,True,4,True,32
134,10,False,0.8212724411248244,256,16,0.8552064000000001,1,5,RS,512,0.05475029180050097,True,1,13,True,True,0.8891403588751758,True,2,False,4
135,10,False,4.790336007170698,8,512,4.790495,6,1,RS,256,0.0002565248525972314,True,1,9,False,True,4.790653992829302,False,2,False,16
136,10,False,0.7443443353258543,8,4,0.7705667,18,1,RS,64,0.04230812334304135,True,16,10,True,True,0.7967890646741458,False,8,True,1
137,10,False,0.7277243230472108,1,2,0.7983583,1,27,RS,32,0.11396344480231368,True,256,5,True,False,0.8689922769527891,True,2,True,16
138,10,False,0.7993225811899767,8,32,0.8236694,1,6,RS,1,0.03928204896947204,True,32,3,True,True,0.8480162188100233,True,2,True,4
139,10,False,5.5846011646754965,2048,8,5.5847549999999995,18,1,RS,1,0.0002482035455024378,True,64,13,False,False,5.584908835324502,True,2,False,32
140,10,False,2.0177637077481942,16,128,2.017943,1,30,RS,256,0.00028927668416235675,True,1,28,False,True,2.0181222922518054,True,4,True,32
141,10,False,1.4363435454792906,4,32,1.4376250000000002,1,25,RS,16,0.0020675456464126782,True,2048,2,False,True,1.4389064545207098,False,4,True,2
142,10,False,1.559070167460502,4,2048,1.5591529999999998,1,25,RS,2048,0.00013364505228405553,True,2048,24,False,False,1.5592358325394975,True,2,True,1
143,10,False,0.6798573440688233,512,1024,0.7375250999999999,1,4,RS,1,0.09304326902516914,True,1,17,True,False,0.7951928559311766,False,4,True,4
144,10,False,5.59871206979199,8,256,5.599644,5,1,RS,16,0.0015036103218588413,True,1024,7,False,False,5.600575930208009,True,1,False,16
145,10,False,1.8058723418368676,32,1,1.80618,6,1,RS,64,0.0004963869458396502,True,16,21,False,True,1.8064876581631322,True,4,True,32
146,10,False,2.1213141522187393,16,256,2.122556,3,1,RS,512,0.002003642682715668,True,2048,14,False,False,2.1237978477812605,False,1,True,1
147,10,False,1.3212343130434259,1,64,1.321311,23,1,RS,512,0.00012372954376384102,True,64,29,False,False,1.321387686956574,True,8,True,4
148,10,False,4.276029703077672,32,4,4.2763469999999995,1,23,RS,32,0.0005119384728655198,True,2048,8,False,True,4.276664296922327,True,8,False,2
149,10,False,1.87902904722041,32,32,1.879819,1,19,RS,512,0.0012745387400938167,True,32,10,False,False,1.8806089527795897,True,2,True,1
150,10,False,3.934636442354952,4,1,3.9347149999999997,6,1,RS,256,0.00012674778104561306,True,512,6,False,False,3.9347935576450475,True,4,False,2
151,10,False,0.7363397542344128,4,8,0.7889145999999999,4,1,RS,1024,0.08482618127818795,True,32,30,True,True,0.841489445765587,True,2,True,1
152,10,False,0.8020225824797935,8,1024,0.8265331999999999,14,1,RS,64,0.0395463278062578,True,1,11,True,True,0.8510438175202062,True,8,False,1
153,10,False,0.7293803351235557,32,256,0.7512579,1,27,RS,1,0.035298064256981565,True,1,1,True,False,0.7731354648764444,True,8,True,1
154,10,False,0.8711464410195642,16,16,0.8785285999999999,1,10,RS,1,0.011910645609705629,True,128,14,True,True,0.8859107589804356,True,2,False,4
155,10,False,1.8734089718288853,256,2048,1.8738519999999999,1,17,RS,256,0.0007147978735278887,True,2048,19,False,True,1.8742950281711144,True,1,True,1
156,10,False,0.877604041521185,1,8,0.9026558,1,6,RS,8,0.04041942444370031,True,16,6,True,False,0.927707558478815,False,2,False,16
157,10,False,2.235223573573568,8,1,2.2362430000000004,1,13,RS,256,0.0016447799244883737,True,8,15,False,True,2.2372624264264327,True,1,True,8
158,10,False,1.5929942102131416,64,256,1.5946529999999999,1,15,RS,64,0.0026763521816083745,True,1,10,False,False,1.5963117897868582,True,1,True,8
159,10,False,4.442615401721228,1024,16,4.44267,14,1,RS,1024,8.809086218228419e-05,True,1024,29,False,False,4.4427245982787715,False,4,False,2
160,10,False,1.5021946480151172,1,64,1.5022860000000002,1,29,RS,8,0.00014739063742313523,True,512,16,False,True,1.5023773519848833,False,2,True,4
161,10,False,0.6763626199655266,64,2,0.7188861,29,1,RS,512,0.0686089397592617,True,256,25,True,True,0.7614095800344733,False,8,True,8
162,10,False,0.8455438056206461,32,1,0.8743871999999999,1,30,RS,32,0.046536988643013866,True,1024,28,True,True,0.9032305943793537,False,32,False,2
163,10,False,0.689769670613176,512,8,0.7388909,24,1,RS,512,0.0792539901524838,True,1,30,True,True,0.7880121293868241,True,16,True,1
164,10,False,0.7803731743920997,4,64,0.8295448000000001,1,13,RS,1024,0.07933530126091409,True,2048,23,True,True,0.8787164256079004,True,1,True,2
165,10,False,0.949664216918751,4,64,0.9621459,1,12,RS,4,0.02013840452195756,True,1024,11,True,False,0.974627583081249,True,16,False,1
166,10,False,4.807039914112185,1,2,4.807078,1,4,RS,4,6.144916598286289e-05,True,2048,16,False,False,4.807116085887815,True,32,False,2
167,10,False,2.3220350954487667,512,2,2.3221119999999997,1,17,RS,1024,0.0001240806189539492,True,8,8,False,True,2.3221889045512327,True,4,True,2
168,10,False,1.01139294955925,4,2,1.024962,21,1,RS,32,0.021892802835635283,True,512,6,True,False,1.03853105044075,False,8,False,1
169,10,False,4.051596185244548,256,8,4.053093,1,12,RS,1,0.002415015734938391,True,1,8,False,True,4.0545898147554515,False,16,False,2
170,10,False,4.299895627588155,1,32,4.301431,1,9,RS,512,0.0024772260696190596,True,64,2,False,False,4.302966372411845,False,2,False,4
171,10,False,0.42703935932758974,1,16,0.5863219,1,12,RS,2048,0.2569922835298562,True,64,11,True,False,0.7456044406724102,False,16,True,1
172,10,False,2.2131500423262755,2,16,2.213526,1,26,RS,4,0.0006065838771348865,True,1024,29,False,True,2.213901957673724,True,8,True,8
173,10,False,2.393261896381545,8,4,2.3975049999999998,1,15,RS,16,0.006845978746680379,True,2048,15,False,False,2.4017481036184547,True,16,True,4
174,10,False,1.723995328202363,16,16,1.724046,1,25,RS,1,8.175573374390432e-05,True,512,5,False,False,1.724096671797637,True,4,True,16
175,10,False,0.8624960950926943,32,2,0.8795284999999999,1,27,RS,32,0.027480705748761266,True,16,30,True,True,0.8965609049073056,False,32,False,4
176,10,False,2.249266806804775,2,8,2.250228,1,4,RS,256,0.0015508242969465888,True,256,15,False,False,2.251189193195225,False,1,True,32
177,10,False,3.87368699747114,128,2,3.8741030000000003,29,1,RS,1,0.0006711937127237966,True,512,12,False,False,3.8745190025288605,True,1,True,1
178,10,False,4.199420902021491,2,2,4.200095,29,1,RS,64,0.0010876143618030072,True,64,5,False,False,4.200769097978509,False,32,True,1
179,10,False,0.974873049643021,2,4,0.99448,1,10,RS,64,0.03163457164875164,True,8,11,True,False,1.014086950356979,True,32,False,2
180,10,False,0.743468210262733,64,1,0.7731052,1,11,RS,1,0.04781740445235395,True,256,12,True,False,0.8027421897372671,True,1,True,2
181,10,False,2.222554013906455,1,16,2.2238160000000002,1,25,RS,128,0.0020361345731557214,True,512,2,False,True,2.2250779860935457,False,1,True,16
182,10,False,1.9098169258024997,1,8,1.909894,28,1,RS,2,0.0001243543324536636,True,256,12,False,True,1.9099710741975002,False,2,True,2
183,10,False,0.5848129064231302,16,1,0.7036358,1,4,RS,2048,0.19171320740512374,True,512,14,True,True,0.8224586935768698,True,32,False,4
184,10,False,0.9300139980374164,2,2,0.9491927,20,1,RS,128,0.030943620008169692,True,1,30,True,False,0.9683714019625836,False,2,False,2
185,10,False,0.8114465283308964,128,256,0.8383135999999999,1,24,RS,512,0.0433483172157813,True,1,27,True,False,0.8651806716691034,False,32,False,1
186,10,False,5.509685092746951,16,2,5.509891,1,30,RS,32,0.0003322183017233874,True,8,10,False,False,5.510096907253049,False,4,False,16
187,10,False,0.6013199338396427,2,4,0.7351218,1,26,RS,2048,0.21588083025261878,True,2048,20,True,False,0.8689236661603574,True,16,True,8
188,10,False,1.63861028420265,2,8,1.638753,1,13,RS,512,0.00023026289323296796,True,128,27,False,True,1.6388957157973498,True,2,True,32
189,10,False,0.7878251407983022,4,8,0.8421963,1,20,RS,32,0.08772441915116908,True,256,18,True,True,0.8965674592016978,True,1,True,2
190,10,False,0.761143439594393,128,4,0.7835839,13,1,RS,1,0.03620626051513744,True,256,21,True,False,0.806024360405607,True,16,True,8
191,10,False,0.6359744406823827,2048,64,0.7559326000000001,1,1,RS,1,0.19354488672098782,True,128,2,True,False,0.8758907593176174,True,2,False,4
192,10,False,2.0013203206740275,64,2,2.001425,1,18,RS,1,0.00016889345754050934,True,512,6,False,True,2.001529679325972,False,2,True,8
193,10,False,2.186410265919838,16,16,2.187051,3,1,RS,1,0.0010337838265324203,True,64,9,False,True,2.1876917340801616,True,32,True,4
194,10,False,0.8928929950456141,4,8,0.9124372,25,1,RS,64,0.03153333591867503,True,64,14,True,False,0.9319814049543858,True,2,False,32
195,10,False,0.8699442113515272,2,4,0.8910321,1,18,RS,1,0.034023971715395014,True,1024,10,True,True,0.9121199886484728,False,4,True,16
196,10,False,4.095236546366949,512,1,4.096265000000001,1,11,RS,1,0.0016593447501949566,True,64,16,False,False,4.0972934536330525,True,4,False,2
197,10,False,4.497487299878009,1,32,4.498658,1,9,RS,2,0.0018888504440531812,True,1,17,False,False,4.4998287001219905,False,2,False,2
198,10,False,4.497200154848379,4,8,4.497401000000001,1,7,RS,16,0.0003240509219242159,True,32,22,False,True,4.497601845151623,True,2,False,4
199,10,False,5.604795298918504,4,64,5.606184000000001,1,5,RS,2048,0.002240581174606406,True,1024,23,False,False,5.607572701081497,False,16,False,2
200,10,False,5.592518043862318,2048,1,5.592737,15,1,RS,1,0.00035327184999649636,True,4,14,False,True,5.592955956137681,False,4,False,16
201,10,False,5.5931328053222416,4,1,5.5951070000000005,1,25,RS,2048,0.0031852379816898063,True,2048,8,False,True,5.597081194677759,True,1,False,2
202,10,False,3.9832868544708275,16,256,3.983498,1,6,RS,64,0.0003406699282296443,True,256,15,False,True,3.9837091455291724,False,16,False,8
203,10,False,0.7383761455695855,4,4,0.8047437000000001,1,4,RS,512,0.10707984248218709,True,128,9,True,False,0.8711112544304146,True,8,False,1
204,10,False,0.8471059147371324,4,1,0.8714855,25,1,RS,8,0.039334915564292236,True,64,4,True,True,0.8958650852628677,False,8,True,2
205,10,False,0.6603689007819109,512,4,0.7154934000000001,1,23,RS,1024,0.08893988551847816,True,4,23,True,False,0.7706178992180892,True,8,True,8
206,10,False,0.6053625257012105,2048,32,0.7291467,1,29,RS,2048,0.19971791938784555,True,512,2,True,False,0.8529308742987896,False,2,False,4
207,10,False,0.9908295819319006,4,8,1.0090074999999998,24,1,RS,8,0.029328918627354806,True,128,11,True,True,1.027185418068099,False,1,False,4
208,10,False,1.7018032182180203,32,1,1.701909,1,18,RS,2048,0.00017067220043111522,True,16,7,False,True,1.7020147817819795,True,16,True,2
209,10,False,4.370062799918264,16,16,4.370372000000001,4,1,RS,2048,0.0004988747337758187,True,128,27,False,True,4.370681200081737,False,16,False,1
210,10,False,0.9414689192332549,1024,1,0.9747294000000002,1,28,RS,1,0.053663677559779674,True,1024,21,True,True,1.0079898807667453,False,32,False,4
211,10,False,0.5331917094841606,512,32,0.6379024999999999,1,11,RS,2048,0.1689442235871058,True,32,24,True,True,0.7426132905158392,True,1,False,8
212,10,False,0.7587211456415393,4,256,0.7803514,26,1,RS,1,0.03489904441155946,True,2048,5,True,False,0.8019816543584608,False,4,True,16
213,10,False,0.7647646922438291,8,16,0.7873753,6,1,RS,16,0.03648078248078022,True,128,9,True,True,0.8099859077561709,False,4,True,1
214,10,False,0.7340141772312028,1,2,0.7611958999999999,30,1,RS,32,0.04385598682152757,True,128,5,True,True,0.7883776227687971,False,8,True,16
215,10,False,5.862539857735305,2,16,5.862686999999999,1,22,RS,4,0.00023740471772884048,True,256,26,False,False,5.862834142264694,False,32,False,4
216,10,False,0.8775985988218714,16,64,0.8904392,1,12,RS,64,0.02071749612187729,True,1024,26,True,False,0.9032798011781286,False,2,False,32
217,10,False,0.6537952539932135,128,64,0.6943623999999999,1,7,RS,512,0.06545251880439745,True,128,20,True,True,0.7349295460067864,True,8,True,16
218,10,False,0.9827092253770963,4,2,0.9984743999999999,1,15,RS,256,0.025436110006052403,True,2048,1,True,True,1.0142395746229036,True,16,False,8
219,10,False,0.8277131339336056,16,64,0.8516667,12,1,RS,256,0.038647560593263845,True,1024,27,True,True,0.8756202660663944,False,4,False,1
220,10,False,4.489076431033656,32,2,4.489160000000001,1,4,RS,1024,0.00013483323032539355,True,32,7,False,True,4.489243568966346,False,1,False,16
221,10,False,0.6297566342965958,1024,64,0.7565017,1,25,RS,2048,0.20449512999827163,True,64,29,True,True,0.8832467657034043,True,1,False,4
222,10,False,0.8070971477808117,1,2,0.8216924999999999,1,23,RS,32,0.023548675704803443,True,512,9,True,True,0.8362878522191882,False,8,False,8
223,10,False,5.0189202954130225,2,2,5.019205,21,1,RS,32,0.00045935280558625797,True,1,2,False,True,5.019489704586978,False,1,True,32
224,10,False,0.8436646799626545,4,1,0.8744056,4,1,RS,16,0.04959852602084056,True,1,3,True,False,0.9051465200373455,True,8,True,1
225,10,False,6.34540854547406,2,2,6.34553,1,17,RS,1024,0.00019595917942270065,True,32,26,False,True,6.345651454525941,False,32,False,2
226,10,False,0.7886437832247382,2,128,0.8183406,29,1,RS,128,0.0479139315861264,True,1024,4,True,True,0.8480374167752618,True,2,True,1
227,10,False,2.194291430089144,16,2048,2.1945319999999997,3,1,RS,512,0.0003881443030626715,True,1,15,False,True,2.1947725699108553,True,2,True,32
228,10,False,2.726722209963602,2,512,2.7290219999999996,1,12,RS,1,0.0037105654555605605,True,1024,4,False,True,2.731321790036397,True,1,True,32
229,10,False,2.0096913043863798,1,32,2.009842,1,13,RS,2048,0.00024313782099866915,True,512,14,False,False,2.00999269561362,True,1,True,32
230,10,False,0.9534891412232711,64,64,0.9684704,19,1,RS,64,0.024171311475383372,True,512,12,True,True,0.9834516587767288,True,1,False,2
231,10,False,0.8258771148115216,4,32,0.8618033,1,17,RS,8,0.05796462268323671,True,128,1,True,True,0.8977294851884785,True,4,False,4
232,10,False,1.510553176807351,16,1,1.510604,1,6,RS,128,8.199999999999888e-05,True,32,25,False,False,1.510654823192649,True,1,True,4
233,10,False,0.9522374004771592,1,64,0.9715752,28,1,RS,8,0.031200313837524148,True,2048,21,True,True,0.9909129995228407,False,16,False,4
234,10,False,5.60080685573711,2,1,5.600878,1,1,RS,128,0.00011478675881823063,True,1024,21,False,False,5.60094914426289,False,4,False,4
235,10,False,0.8517766104816517,1,1024,0.8775776000000001,26,1,RS,8,0.04162826123728926,True,1024,1,True,False,0.9033785895183485,True,2,False,8
236,10,False,2.554022503379445,1,4,2.5540789999999998,1,25,RS,2,9.115371632576055e-05,True,4,29,False,False,2.5541354966205545,False,16,True,8
237,10,False,4.527259812298304,256,4,4.528643,20,1,RS,256,0.002231685685754092,True,64,15,False,True,4.530026187701695,True,8,False,1
238,10,False,1.460278748520609,1,128,1.461341,1,7,RS,128,0.0017138754330464174,True,512,19,False,True,1.462403251479391,False,4,True,8
239,10,False,1.3619843992857812,2048,16,1.3620620000000003,1,25,RS,1,0.00012520383380710902,True,1024,17,False,False,1.3621396007142195,False,4,True,1
240,10,False,1.3121497065779433,64,1,1.312201,1,20,RS,64,8.275868534481567e-05,True,256,26,False,False,1.3122522934220566,True,4,True,4
241,10,False,0.7955481851323893,32,4,0.8113343000000001,1,29,RS,1,0.02546989576362653,True,256,5,True,True,0.8271204148676108,True,8,False,2
242,10,False,0.7744591685240831,1,1,0.8875495000000001,14,1,RS,2048,0.18246408180365253,True,1024,21,True,True,1.000639831475917,True,1,False,4
243,10,False,5.5962514555668745,4,128,5.596352,2,1,RS,1,0.00016222207001518384,True,1,21,False,True,5.596452544433126,True,8,False,2
244,10,False,2.1425086241850986,4,1,2.143165,15,1,RS,512,0.0010590207741116905,True,512,23,False,True,2.143821375814902,True,32,True,1
245,10,False,0.9970180505692163,4,2,1.0124442999999999,1,23,RS,1,0.02488927569074683,True,128,8,True,False,1.0278705494307834,False,16,False,8
246,1,False,inf,1,4,inf,1,13,RS,1,inf,False,128,1,True,True,inf,True,4,True,8
247,10,False,0.5448972764572769,128,1024,0.6377318000000001,1,11,RS,512,0.1497826195823801,True,2048,2,True,True,0.7305663235427232,True,4,True,16
248,10,False,10.75938232750732,2,2,10.76014,25,1,RS,128,0.0012224565431948804,True,8,22,False,False,10.76089767249268,False,1,False,4
249,10,False,0.8541633870860497,64,32,0.8806398,15,1,RS,1,0.042718014075563006,True,128,23,True,True,0.9071162129139503,False,1,True,2
250,10,False,1.68532735278112,2048,1,1.6859709999999999,1,2,RS,2048,0.0010384839912102439,True,4,5,False,True,1.6866146472188799,False,4,True,8
251,10,False,0.9714222295930008,16,1,0.9925943,8,1,RS,64,0.03415979364706409,True,256,30,True,True,1.0137663704069992,True,1,False,32
252,10,False,4.406294093005773,1,8,4.40765,1,11,RS,16,0.0021876699933949337,True,1024,9,False,False,4.409005906994228,False,2,False,32
253,10,False,2.1861988156138485,128,2,2.186251,1,7,RS,1,8.419619943921073e-05,True,256,26,False,True,2.1863031843861513,False,4,True,16
254,10,False,4.711417001718148,4,8,4.712477,1,11,RS,128,0.0017102400416316719,True,128,17,False,True,4.713536998281851,True,4,False,16
255,10,False,0.760814983768062,8,2,0.7880364999999999,19,1,RS,128,0.04392019105206624,True,64,6,True,False,0.8152580162319378,False,8,True,8
256,10,False,6.081511187775951,64,64,6.081772,1,4,RS,1,0.0004208039923765441,True,512,8,False,False,6.082032812224049,False,32,False,2
257,10,False,1.5187153287243016,1,1,1.518808,2,1,RS,64,0.0001495192295324885,True,128,20,False,False,1.5189006712756983,True,4,True,8
258,10,False,0.9418677631078151,2,32,0.9648342,16,1,RS,8,0.03705489023813188,True,2048,22,True,False,0.9878006368921849,True,32,False,1
259,10,False,2.235914043492831,512,1,2.238017,1,25,RS,512,0.0033929870321001616,True,64,6,False,True,2.2401199565071694,True,2,True,32
260,10,False,1.6199526598410312,16,1,1.620028,1,12,RS,64,0.00012155657119216288,True,16,3,False,False,1.6201033401589688,True,1,True,2
261,10,False,7.42286886296804,16,2,7.422915999999999,6,1,RS,1,7.605261336733859e-05,True,512,20,False,True,7.4229631370319575,False,2,False,4
262,10,False,4.924828995620474,1,16,4.925048,1,2,RS,1,0.0003533496851560814,True,128,1,False,True,4.925267004379527,False,4,False,16
263,10,False,1.6426862451512358,64,32,1.6437540000000002,1,14,RS,64,0.0017227547707088255,True,1,15,False,True,1.6448217548487645,True,2,True,8
264,10,False,4.377051865697481,16,4,4.377295000000001,5,1,RS,256,0.00039228178647496596,True,16,15,False,True,4.3775381343025215,False,16,False,1
265,10,False,0.84464976896893,2,512,0.866066,8,1,RS,4,0.034553731338308455,True,1024,24,True,True,0.88748223103107,False,1,True,2
266,10,False,0.8622594366809417,128,1024,0.8786894999999999,1,27,RS,128,0.026508865774491373,True,1024,13,True,True,0.8951195633190581,False,16,False,4
267,10,False,3.115631951828345,1,2,3.116753,21,1,RS,8,0.0018087401692891802,True,1,1,False,True,3.117874048171655,False,8,True,16
268,10,False,4.118489836478959,8,32,4.118605,1,7,RS,32,0.00018580904176046466,True,1,7,False,False,4.11872016352104,True,32,False,2
269,10,False,4.407297468350764,1,16,4.407385,14,1,RS,1,0.00014122676800104218,True,128,22,False,False,4.407472531649235,True,16,False,1
270,10,False,0.8398781489816245,2,2048,0.8650691,1,4,RS,8,0.04064400278380565,True,1,25,True,True,0.8902600510183756,True,4,True,2
271,10,False,0.9685254643495561,2,4,0.9840337,1,24,RS,256,0.02502155525961567,True,1024,12,True,False,0.9995419356504439,False,1,False,8
272,10,False,0.858169897956948,2,1,0.8930571,8,1,RS,8,0.056288289232219554,True,512,22,True,True,0.9279443020430521,True,2,False,4
273,10,False,0.8131012236903427,8,32,0.8697532000000001,1,7,RS,512,0.09140437298926132,True,1,29,True,False,0.9264051763096576,False,2,False,32
274,10,False,0.8030692657703119,1,256,0.8271378,2,1,RS,512,0.03883305443768234,True,1024,2,True,False,0.8512063342296882,False,1,True,16
275,10,False,0.9007260216223534,256,16,0.9153205,13,1,RS,256,0.023547265816862905,True,32,12,True,False,0.9299149783776466,False,16,False,8
276,10,False,0.8444286698453787,256,4,0.8926168000000001,16,1,RS,1024,0.07774849368418658,True,128,14,True,True,0.9408049301546215,False,1,True,4
277,10,False,0.5479958083018588,512,64,0.6830179,1,13,RS,2048,0.21784958681597263,True,256,10,True,True,0.8180399916981411,True,32,True,4
278,10,False,5.6085846123127725,8,64,5.609114,17,1,RS,32,0.0008541334790299723,True,256,5,False,False,5.609643387687227,True,16,False,2
279,10,False,0.8141388567503542,8,256,0.8324987,1,19,RS,128,0.029622443376770922,True,2048,9,True,False,0.8508585432496458,False,8,False,16
280,10,False,0.8328993321755985,256,4,0.8517104,1,9,RS,256,0.030350465628059146,True,1,17,True,False,0.8705214678244014,True,16,False,2
281,10,False,0.9520187765365444,8,2048,0.9737536,23,1,RS,128,0.035067760034538834,True,2048,18,True,False,0.9954884234634556,False,16,False,4
282,10,False,4.374081166871574,256,512,4.374341,19,1,RS,1024,0.0004192242836478528,True,1024,7,False,False,4.374600833128427,False,8,False,1
283,10,False,0.7559312924990603,2,64,0.8154653999999999,9,1,RS,1024,0.09605450898755352,True,1024,12,True,True,0.8749995075009395,False,1,True,4
284,10,False,0.8587510227170942,16,64,0.8796789,1,6,RS,256,0.03376580351909311,True,128,14,True,False,0.9006067772829058,False,2,False,4
285,10,False,0.6610945448389672,512,1024,0.7157178999999999,1,23,RS,1,0.08813132134655646,True,1,15,True,False,0.7703412551610326,True,4,True,16
286,10,False,5.1042534451260035,4,32,5.104439,17,1,RS,1024,0.0002993810281231212,True,128,1,False,True,5.104624554873997,True,2,False,32
287,10,False,2.275590688818175,2,4,2.2767880000000003,1,28,RS,2,0.001931785702400766,True,256,22,False,True,2.2779853111818253,False,32,True,1
288,10,False,9.439265231471111,4,2,9.439507,7,1,RS,4,0.0003900781972885256,True,1024,24,False,True,9.43974876852889,True,1,False,32
289,10,False,0.9375383688587674,1,2,0.9543980000000001,5,1,RS,128,0.027201946228165352,True,256,21,True,False,0.9712576311412328,True,2,False,16
290,10,False,0.7893718364973609,1,512,0.8203046,14,1,RS,512,0.049908053292429665,True,512,25,True,False,0.8512373635026392,False,8,False,8
291,10,False,0.7933746659558739,4,16,0.8528058,1,14,RS,4,0.09588836784177734,True,512,11,True,False,0.912236934044126,True,1,True,32
292,10,False,6.938859099391455,2,4,6.938943999999999,16,1,RS,2048,0.00013698175060920987,True,8,5,False,False,6.939028900608544,False,32,False,4
293,10,False,0.8323857157593317,8,2048,0.8760724999999999,1,28,RS,1,0.07048585736195595,True,1,23,True,False,0.9197592842406681,False,1,True,4
294,10,False,4.675926822976135,1,8,4.677535000000001,1,28,RS,32,0.0025946916965219067,True,2048,8,False,False,4.6791431770238665,True,4,False,16
295,10,False,0.7665798601544047,256,4,0.7908628999999999,1,5,RS,256,0.0391791456528853,True,8,13,True,False,0.8151459398455951,True,16,True,4
296,10,False,0.8050530412784326,1,64,0.8321080000000001,1,27,RS,16,0.043651461066039926,True,1,3,True,False,0.8591629587215676,False,2,True,16
297,10,False,2.0707843963837314,128,32,2.0709530000000003,21,1,RS,1024,0.000272031248205064,True,512,18,False,False,2.071121603616269,False,4,True,32
298,10,False,4.0665487787813115,1,16,4.066724,29,1,RS,256,0.00028270833026287657,True,1024,1,False,False,4.066899221218688,True,16,False,8
299,10,False,3.92467678603691,128,16,3.924732,1,23,RS,512,8.908422980527175e-05,True,64,15,False,False,3.92478721396309,True,16,False,4
300,10,False,1.804090098847492,512,128,1.8041550000000002,16,1,RS,2048,0.00010471389592600404,True,1024,3,False,True,1.8042199011525084,False,2,True,1
301,10,True,5.783101666836836,1,1,5.783347000000001,1,1,RS,1,0.0003958295087534393,True,1,1,False,False,5.783592333163166,False,1,False,1
