id,T2_K,T2_J,T2_I,mean_confidence_interval_inf,RT_K,baseline,T1_J,T1_K,technique,VEC2,VEC1,SCR,ACOPY_x,ACOPY_y,U1_I,RT_J,T1_I,runs,RT_I,U_K,U_J,U_I,cost_std,correct_result,cost_mean,mean_confidence_interval_sup
1,16,64,1,inf,1,False,32,8,DLMT,False,True,False,True,True,16,64,2048,1,1,12,1,9,inf,False,inf,inf
2,2048,128,2048,0.3214703091656811,1,False,32,2,DLMT,False,False,True,False,True,28,1,1,35,32,19,28,1,0.00016525477176722295,True,0.3215250571428572,0.32157980512003326
3,1,64,32,0.16400703397032101,1,False,16,1,DLMT,True,False,True,False,False,14,16,16,35,1,10,1,22,4.18109838122325e-05,True,0.1640208857142857,0.16403473745825037
4,2048,1024,2048,0.14433410461540153,1,False,8,2048,DLMT,True,True,False,False,False,16,1,16,35,1,1,19,11,4.573735132386495e-05,True,0.14434925714285715,0.14436440967031278
5,512,1,1,0.3694357535909583,16,False,2048,8,DLMT,False,False,True,True,False,22,2,32,35,1,29,12,1,7.542918830916591e-05,True,0.36946074285714287,0.3694857321233274
6,1,1,1024,inf,4,False,4,2048,DLMT,False,False,True,True,False,7,16,2,1,2,1,10,30,inf,False,inf,inf
7,1,1024,2048,0.25564738719496266,1,False,16,2048,DLMT,False,False,False,False,True,29,16,16,35,1,18,7,1,4.652298970862434e-05,True,0.25566279999999997,0.2556782128050373
8,1,64,64,0.14766517378733837,1,False,1,2,DLMT,False,False,False,True,False,5,2,1,35,4,1,13,19,6.450175760934001e-05,True,0.14768654285714283,0.1477079119269473
9,2048,128,256,0.21404457714615768,8,False,32,16,DLMT,True,False,False,True,False,29,2,32,35,1,12,18,1,5.310769958397657e-05,True,0.21406217142857148,0.21407976571098528
10,1024,512,1,0.21277167071652633,8,False,1,8,DLMT,False,False,False,True,True,30,8,1,35,1,5,1,9,5.0841699099726856e-05,True,0.21278851428571433,0.21280535785490232
11,2048,2048,256,0.20429255960047332,1,False,512,2048,DLMT,True,False,True,True,True,18,1,8,35,64,1,18,8,3.849955207796819e-05,True,0.20430531428571427,0.20431806897095522
12,16,128,1,0.1411042049103862,16,False,64,16,DLMT,True,False,False,False,False,28,1,1,35,4,1,23,17,9.209143637201874e-05,True,0.1411347142857143,0.14116522366104242
13,1024,2048,2048,0.16643666059380288,4,False,8,1,DLMT,False,True,True,False,False,20,4,8,35,1,26,1,1,2.4654742475445297e-05,True,0.16644482857142853,0.16645299654905418
14,32,32,1,0.13033765333761171,4,False,4,16,DLMT,False,True,True,False,True,14,1,8,35,4,1,8,7,3.675049909420796e-05,True,0.1303498285714286,0.13036200380524549
15,64,1,256,0.36878327247400366,1,False,16,8,DLMT,False,True,True,False,True,30,1,4,35,64,11,1,18,3.100077681712415e-05,True,0.36879354285714283,0.368803813240282
16,256,32,16,0.26723373928194816,8,False,4,128,DLMT,True,False,False,False,True,13,4,1,35,1,29,12,1,5.874146746549806e-05,True,0.2672532,0.2672726607180519
17,2048,16,256,inf,1,False,2,2048,DLMT,False,True,True,True,True,30,4,64,1,8,1,27,16,inf,False,inf,inf
18,1024,1,1,inf,32,False,32,64,DLMT,False,True,False,False,True,2,1,1,1,1,26,1,16,inf,False,inf,inf
19,2048,1,1,0.10013092045773295,1,False,64,1,DLMT,True,False,False,False,False,25,4,2048,35,4,1,1,4,4.888047897156578e-05,True,0.10014711428571428,0.10016330811369561
20,1,2,1024,0.27233489715971726,4,False,1,8,DLMT,True,False,True,False,True,28,1,8,35,16,30,1,30,6.585419888058474e-05,True,0.27235671428571434,0.2723785314117114
21,512,2048,2048,0.3007217524211368,4,False,32,8,DLMT,True,True,True,True,True,1,8,2,35,8,30,14,1,0.00025472945231666875,True,0.30080614285714286,0.3008905332931489
22,2048,8,2048,0.32922729681016427,1,False,2,128,DLMT,True,True,False,False,True,4,1,2,35,32,1,1,3,5.895590881051653e-05,True,0.3292468285714286,0.32926636033269296
23,128,1,2048,0.10674369524381011,16,False,1,16,DLMT,True,True,True,True,False,2,2,1024,35,1,14,1,16,0.000226614724740885,True,0.10681877142857141,0.1068938476133327
24,2048,2048,1024,0.38035930873556084,1,False,1024,8,DLMT,False,False,False,False,True,20,64,2,35,1,16,1,21,5.719507614029392e-05,True,0.3803782571428572,0.3803972055501536
25,256,16,1024,0.4515880087130189,1,False,4,2,DLMT,True,True,True,False,False,30,32,1024,35,1,30,20,1,4.128352935394367e-05,True,0.45160168571428577,0.45161536271555264
26,256,1,64,0.15983475570870323,1,False,256,1,DLMT,True,False,True,False,True,2,1,1,35,1,1,16,24,0.00017261732123931376,True,0.15989194285714287,0.1599491300055825
27,64,2048,1024,0.192948941934349,4,False,2048,1,DLMT,False,True,True,False,True,1,16,32,35,1,13,21,1,2.8290100669993678e-05,True,0.19295831428571428,0.19296768663707956
28,32,1024,128,inf,64,False,256,1,DLMT,False,False,False,True,True,5,1,2,1,1,1,2,2,inf,False,inf,inf
29,256,2048,1,0.1735122253913747,1,False,1,1,DLMT,True,False,False,False,False,30,64,16,35,1,8,16,1,4.157815360429976e-05,True,0.17352599999999999,0.17353977460862527
30,16,2048,1,0.2646765271452257,2,False,32,2,DLMT,True,False,True,False,True,16,1,2048,35,32,1,30,1,0.00021591068826281725,True,0.26474805714285715,0.2648195871404886
31,1,1,1024,0.16841808042541806,1,False,1,256,DLMT,True,True,True,True,False,19,1,2,35,1,3,30,1,2.6492201393881037e-05,True,0.16842685714285713,0.1684356338602962
32,1,128,2048,0.12218444393848507,4,False,2,2048,DLMT,True,False,True,False,False,3,1,2048,35,2,1,2,15,2.6084884981341793e-05,True,0.12219308571428572,0.12220172749008637
33,2048,1024,1,inf,1,False,2,4,DLMT,True,False,True,True,True,3,16,64,1,4,26,1,18,inf,False,inf,inf
34,1024,2048,1,0.2032240822741973,4,False,2048,16,DLMT,True,True,True,True,True,15,1,2048,35,2,23,13,1,0.0003073762116856215,True,0.2033259142857143,0.20342774629723132
35,2048,64,16,0.3012793932500513,2,False,4,64,DLMT,False,True,True,False,False,4,32,16,35,1,1,30,30,0.00022959608543914476,True,0.3013554571428571,0.3014315210356629
36,64,2048,2048,0.1525725800285046,1,False,1,64,DLMT,False,False,False,True,True,15,16,1024,35,2,1,14,30,0.000297249576989452,True,0.15267105714285714,0.15276953425720968
37,1,512,2048,0.1869234262051802,4,False,512,1,DLMT,True,True,True,True,True,27,4,16,35,1,1,30,17,2.734579772215931e-05,True,0.18693248571428572,0.18694154522339124
38,1,2048,128,inf,64,False,2,64,DLMT,False,True,False,False,True,9,1,4,1,1,1,21,12,inf,False,inf,inf
39,256,1024,2,0.18277139500636927,1,False,32,128,DLMT,True,False,False,False,False,4,4,1,35,16,13,30,1,4.054872604254496e-05,True,0.18278482857142858,0.1827982621364879
40,1,2048,1,0.34814829415699855,1,False,16,8,DLMT,False,True,False,True,False,1,1,2048,35,64,23,1,29,0.002824566433913676,True,0.34908405714285723,0.3500198201287159
41,512,512,256,0.14031565227914752,2,False,32,2,DLMT,False,True,False,True,True,9,1,64,35,8,29,1,30,0.00020837490545766302,True,0.14038468571428572,0.14045371914942392
42,1,512,1,0.19637958109545453,8,False,512,2048,DLMT,True,True,False,True,True,12,1,1,35,1,10,1,29,9.086969365244985e-05,True,0.1964096857142857,0.19643979033311684
43,1,1024,256,inf,8,False,1,2,DLMT,False,True,False,False,True,21,1,256,1,8,19,18,1,inf,False,inf,inf
44,4,1,2048,0.13690763050592203,4,False,1,1,DLMT,True,True,False,True,False,12,8,1,35,8,11,16,1,0.00025000918187220256,True,0.13699045714285712,0.13707328377979222
45,8,2048,64,0.14098240416534677,2,False,2048,8,DLMT,True,True,False,False,False,30,8,1,35,4,28,1,10,7.199934240062708e-05,True,0.14100625714285714,0.1410301101203675
46,64,2,8,0.16040663661675703,4,False,1,1,DLMT,True,False,False,False,False,18,1,8,35,4,28,29,1,0.00031036000689127523,True,0.16050945714285714,0.16061227766895725
47,512,512,1,inf,64,False,2,512,DLMT,True,True,True,False,True,21,1,512,1,1,14,1,30,inf,False,inf,inf
48,1,1,128,inf,1,False,8,4,DLMT,True,False,True,True,False,2,64,16,1,1,13,4,1,inf,False,inf,inf
49,128,1,2048,0.11389071777978625,1,False,2048,32,DLMT,False,False,False,True,True,10,4,512,35,8,19,1,15,3.224389200187465e-05,True,0.11390139999999999,0.11391208222021372
50,1,1,1,0.177263104397705,1,True,1,1,DLMT,False,False,False,False,False,1,1,1,35,1,1,1,1,0.0002944594022812585,True,0.17736065714285715,0.17745820988800928
51,2048,512,256,0.15379184733372792,1,False,2,2048,DLMT,True,False,False,False,False,26,2,64,35,4,5,1,28,4.177064685608253e-05,True,0.1538056857142857,0.1538195240948435
52,1024,32,256,0.11614790807916107,8,False,1,1,DLMT,False,True,False,False,True,1,4,64,35,4,12,1,30,4.995274501660507e-05,True,0.11616445714285713,0.11618100620655318
53,2048,32,512,0.12683362105003923,4,False,1,16,DLMT,True,True,False,True,False,1,4,256,35,1,1,30,9,4.7024492098721576e-05,True,0.1268492,0.12686477894996076
54,64,128,64,0.1904389801006257,1,False,2,32,DLMT,False,True,False,False,False,16,64,64,35,1,29,1,10,6.43102175523657e-05,True,0.19046028571428572,0.19048159132794573
55,1024,1,1,0.2865456591164475,8,False,1024,64,DLMT,False,False,True,True,False,1,8,2048,35,1,1,17,30,0.0002766577846291666,True,0.2866373142857143,0.2867289694549811
56,1,1,1024,0.09454842594263078,2,False,1,1,DLMT,True,False,True,True,False,19,2,32,35,4,1,21,25,1.998153923510546e-05,True,0.09455504571428572,0.09456166548594065
57,1024,512,1,inf,1,False,4,64,DLMT,False,False,True,True,False,30,1,1,1,64,18,1,29,inf,False,inf,inf
58,64,1,2048,inf,64,False,32,16,DLMT,False,True,True,True,True,15,1,256,1,1,30,30,1,inf,False,inf,inf
59,512,1,64,0.27307146960969875,1,False,2048,256,DLMT,True,True,True,True,True,3,1,64,35,64,4,15,1,0.00013622443665824952,True,0.2731166,0.2731617303903012
60,2048,512,1,inf,1,False,64,2048,DLMT,True,False,False,True,True,23,64,128,1,1,1,25,27,inf,False,inf,inf
61,2048,2048,1,0.08710797290871163,4,False,2048,1024,DLMT,True,True,True,True,False,12,4,1,35,16,25,1,22,0.00032216045557251937,True,0.08721470285714283,0.08732143280557404
62,2048,2048,32,0.3044560982294707,1,False,1,1,DLMT,False,False,False,False,False,22,2,32,35,1,10,7,1,0.00013035984733006947,True,0.3044992857142857,0.3045424731991007
63,4,512,1,0.10863079596719284,1,False,1,1,DLMT,True,True,True,False,False,2,8,1,35,1,1,12,12,3.0369291686685663e-05,True,0.10864085714285716,0.10865091831852149
64,16,1,128,0.22741410102377232,1,False,1,8,DLMT,True,False,True,True,True,24,8,128,35,2,30,1,18,6.549756811189031e-05,True,0.22743579999999997,0.2274574989762276
65,1,64,2048,0.10369411738087898,1,False,16,2048,DLMT,True,True,False,True,True,28,8,256,35,8,11,4,1,3.879947401284586e-05,True,0.10370697142857142,0.10371982547626386
66,2048,1,512,inf,64,False,64,2,DLMT,True,True,False,False,True,19,1,2,1,1,19,23,1,inf,False,inf,inf
67,1,1,32,0.3544978893133848,8,False,16,2,DLMT,True,True,False,True,False,29,1,1,35,1,3,1,10,5.9064779380484e-05,True,0.35451745714285715,0.35453702497232953
68,32,8,64,0.1528196699504794,1,False,8,16,DLMT,True,True,False,True,False,24,4,1,35,4,15,15,1,0.00027110560635279735,True,0.15290948571428575,0.1529993014780921
69,1,512,8,0.24671367807684086,1,False,512,8,DLMT,True,False,False,False,False,2,1,8,35,64,29,29,1,6.66017343648649e-05,True,0.24673574285714284,0.24675780763744481
70,1,2,256,0.3062461945246989,64,False,1,2048,DLMT,False,False,False,True,False,26,1,4,35,1,1,14,1,0.0002084629933389555,True,0.3063152571428571,0.3063843197610153
71,1024,16,2048,0.08756104087289027,1,False,1,64,DLMT,True,False,True,False,False,25,64,1,35,1,10,1,13,3.555486544965159e-05,True,0.08757282000000001,0.08758459912710975
72,1024,2048,32,0.24609869093375977,2,False,2048,128,DLMT,True,True,True,True,True,12,2,1,35,1,3,3,1,0.00021912469658406944,True,0.2461712857142857,0.24624388049481163
73,1,128,1,inf,1,False,1,256,DLMT,True,False,False,False,True,26,2,1,1,32,1,2,2,inf,False,inf,inf
74,128,256,32,inf,32,False,64,16,DLMT,False,False,False,True,True,11,2,32,1,1,8,1,13,inf,False,inf,inf
75,4,512,1,0.3107084876014227,4,False,128,4,DLMT,False,False,False,True,True,18,1,8,35,1,17,22,1,6.941896464987938e-05,True,0.31073148571428566,0.3107544838271486
76,2048,32,1,0.23144935417572093,1,False,8,8,DLMT,False,True,False,False,True,21,1,2048,35,1,1,28,18,0.00027421480631067193,True,0.23154020000000003,0.23163104582427912
77,32,256,1,inf,32,False,8,2,DLMT,True,True,True,True,True,30,1,128,1,2,24,1,30,inf,False,inf,inf
78,4,2048,2048,0.1472078972812345,1,False,1,1,DLMT,False,False,False,True,True,2,2,2048,35,8,11,1,3,5.619474882867973e-05,True,0.14722651428571426,0.147245131290194
79,2048,32,2048,inf,16,False,32,4,DLMT,True,False,True,False,True,27,4,32,1,1,1,13,18,inf,False,inf,inf
80,256,2048,1024,0.481244929341395,1,False,8,128,DLMT,False,True,False,False,True,26,1,4,35,64,1,20,30,0.00014932537818947172,True,0.48129439999999996,0.4813438706586049
81,64,2048,1,0.09645777326771668,2,False,16,8,DLMT,True,True,True,False,False,16,1,64,35,8,3,1,2,4.27100194716108e-05,True,0.09647192285714286,0.09648607244656904
82,1,128,256,0.11150195225379192,2,False,1,2048,DLMT,True,True,True,False,False,11,1,16,35,2,19,1,30,2.6792840956693358e-05,True,0.11151082857142858,0.11151970488906524
83,1,1024,64,0.13728443573099688,16,False,2,2048,DLMT,False,True,True,False,True,30,1,64,35,4,1,5,4,2.628214261448192e-05,True,0.13729314285714284,0.1373018499832888
84,512,1,2048,0.265418896737478,16,False,4,128,DLMT,True,True,False,True,False,1,1,64,35,1,30,7,1,4.2656425216427186e-05,True,0.2654330285714286,0.2654471604053792
85,2048,2,2,0.3729564149788437,1,False,1,2048,DLMT,False,False,False,True,True,12,1,2,35,64,5,1,17,4.031595622741177e-05,True,0.3729697714285714,0.3729831278782991
86,2048,1,1,0.10887991532825812,1,False,256,16,DLMT,False,True,True,False,False,4,2,64,35,4,12,1,16,3.2510017294516756e-05,True,0.10889068571428571,0.1089014561003133
87,1024,1,1,0.12755955951972367,4,False,2048,1,DLMT,False,False,False,True,False,28,16,8,35,4,20,29,1,7.523880891765202e-05,True,0.12758448571428574,0.1276094119088478
88,2048,128,256,0.1687574516773669,4,False,16,2048,DLMT,True,False,True,False,False,14,4,2,35,4,10,27,1,2.6406492708099046e-05,True,0.1687662,0.16877494832263312
89,1,2048,2,0.26262583211541896,4,False,16,8,DLMT,False,True,True,True,True,12,16,1,35,4,5,23,1,3.8453151989914055e-05,True,0.2626385714285715,0.26265131074172404
90,1,2048,2048,0.25448174878835117,64,False,1024,32,DLMT,False,False,False,False,False,30,1,1024,35,1,15,9,1,4.396542240610103e-05,True,0.25449631428571434,0.2545108797830775
91,64,32,2048,inf,16,False,1,2,DLMT,False,False,True,False,True,20,1,2048,1,4,29,17,1,inf,False,inf,inf
92,8,2048,2048,inf,1,False,1,4,DLMT,True,True,True,True,False,1,64,1,1,1,17,14,1,inf,False,inf,inf
93,32,1024,2048,0.11419012524897056,4,False,1024,1,DLMT,True,True,False,False,False,15,4,64,35,1,1,4,9,3.084147750503847e-05,True,0.11420034285714287,0.11421056046531518
94,2048,256,1024,0.270470458223209,1,False,128,1,DLMT,False,True,True,True,True,27,1,2,35,4,13,1,23,4.8464638908072256e-05,True,0.27048651428571424,0.2705025703482195
95,2048,2048,2048,0.17900963595221456,4,False,1,8,DLMT,False,False,False,True,True,15,2,32,35,4,1,1,29,0.00041316225601562256,True,0.17914651428571426,0.17928339261921397
96,2048,512,1,0.3429427218367063,1,False,512,1,DLMT,True,False,False,True,False,15,1,2048,35,64,1,15,15,0.0004329973596563697,True,0.3430861714285715,0.3432296210204367
97,16,1,2048,0.26064516261429327,1,False,128,2,DLMT,False,False,False,False,False,10,32,1,35,1,30,1,29,0.0010366532193278807,True,0.2609886,0.26133203738570676
98,256,512,128,0.12978682589559964,1,False,512,256,DLMT,False,False,False,False,True,5,1,1,35,4,1,30,19,4.61474478034877e-05,True,0.12980211428571428,0.12981740267582892
99,2048,512,1,0.26988080645701423,1,False,64,64,DLMT,False,False,False,False,True,1,1,64,35,1,30,8,1,2.930272676591992e-05,True,0.26989051428571426,0.2699002221144143
100,1024,1,512,0.13635271952746433,4,False,4,512,DLMT,True,True,True,False,True,29,16,256,35,1,14,1,22,0.00021972832204839892,True,0.1364255142857143,0.1364983090439643
101,256,64,64,0.1249619561096019,2,False,32,16,DLMT,False,False,True,False,True,17,16,16,35,4,7,1,11,3.695773647985222e-05,True,0.1249742,0.12498644389039809
102,16,32,2048,inf,8,False,16,2,DLMT,True,False,False,False,True,29,1,1,1,4,16,1,30,inf,False,inf,inf
103,32,32,64,0.20731404050538627,8,False,1,1,DLMT,True,True,False,True,False,13,8,2,35,4,17,28,1,7.51668402791493e-05,True,0.20733894285714285,0.20736384520889944
104,1024,1,512,inf,1,False,8,1024,DLMT,False,True,True,True,False,14,16,512,1,4,27,1,24,inf,False,inf,inf
105,1,32,1,0.16280360378655992,1,False,8,16,DLMT,False,False,False,False,False,4,16,2048,35,4,19,1,28,0.0003390913861531534,True,0.16291594285714286,0.1630282819277258
106,2,1,512,inf,16,False,2048,1,DLMT,False,True,True,True,True,25,1,256,1,4,22,1,20,inf,False,inf,inf
107,1024,2048,64,0.09555934667965825,2,False,2048,256,DLMT,False,False,True,False,False,18,4,8,35,4,15,1,12,3.0794038118983905e-05,True,0.09556954857142858,0.0955797504631989
108,1,8,256,0.22051995698553373,2,False,4,2048,DLMT,False,True,True,False,True,30,4,2,35,4,2,1,7,5.998165706008307e-05,True,0.2205398285714286,0.22055970015732346
109,2048,512,2048,0.13885153415315887,16,False,2,32,DLMT,True,True,True,False,False,29,2,128,35,4,1,29,17,0.00029971657904611,True,0.13895082857142857,0.13905012298969827
110,2048,2048,64,0.18668278167327695,16,False,2,2048,DLMT,False,False,False,True,False,23,1,4,35,4,21,14,1,6.18044579331317e-05,True,0.18670325714285715,0.18672373261243735
111,1,1,128,0.17381683378386723,1,False,64,4,DLMT,True,True,False,True,True,30,16,4,35,4,29,24,1,3.732697224719533e-05,True,0.1738292,0.17384156621613275
112,1024,1,1,0.10444338359359452,4,False,16,32,DLMT,True,True,True,False,True,20,16,128,35,4,1,12,23,3.928954786490437e-05,True,0.1044564,0.10446941640640549
113,256,1,64,0.2382440805812566,8,False,2,8,DLMT,True,False,False,False,True,20,8,64,35,4,2,2,1,5.469280443662577e-05,True,0.23826219999999998,0.23828031941874336
114,2048,2048,2048,0.12180670405357973,1,False,1,1,DLMT,True,False,False,True,True,3,1,16,35,4,5,14,1,3.694238205417602e-05,True,0.12181894285714288,0.12183118166070604
115,2048,256,32,0.14544312397419143,16,False,32,1024,DLMT,False,False,False,False,True,2,1,32,35,4,2,1,30,0.0001689184708547834,True,0.14549908571428571,0.14555504745438
116,2048,1,16,inf,8,False,4,2,DLMT,True,True,False,False,True,4,1,1,1,4,8,1,13,inf,False,inf,inf
117,1,1,256,0.09507991384193967,1,False,32,1024,DLMT,True,True,True,False,False,11,2,256,35,4,13,29,1,3.235926842592745e-05,True,0.09509063428571429,0.09510135472948891
118,2048,128,1,0.09832796585032134,4,False,128,16,DLMT,False,False,True,True,False,11,4,2048,35,4,1,30,11,3.069305126438833e-05,True,0.09833813428571427,0.09834830272110719
119,1,64,2048,0.10302075200545482,1,False,1,128,DLMT,True,False,False,True,True,3,4,128,35,4,22,1,12,5.456345491485014e-05,True,0.10303882857142857,0.10305690513740232
120,8,1,1,0.14209714082110445,2,False,1,2,DLMT,False,False,False,False,True,2,8,1,35,4,1,29,22,6.718851942748087e-05,True,0.1421194,0.14214165917889557
121,2048,1024,128,0.14640356370159083,4,False,4,1,DLMT,False,False,False,False,False,26,16,16,35,4,17,1,2,2.6585802563760394e-05,True,0.14641237142857144,0.14642117915555206
122,512,64,2048,0.11127284852840216,1,False,32,1,DLMT,True,False,True,True,True,16,2,16,35,4,1,7,4,4.116334807191711e-05,True,0.11128648571428572,0.11130012290016927
123,1024,1024,1,0.12123530441797054,4,False,1024,256,DLMT,True,True,False,True,True,27,16,1,35,4,1,27,29,0.00017915403473900684,True,0.12129465714285713,0.12135400986774372
124,2048,2048,2,0.17492298957956243,1,False,1024,2048,DLMT,True,False,True,False,False,22,4,2,35,4,30,1,29,0.0015518666690045747,True,0.1754371142857143,0.17595123899186615
125,128,2048,1,0.14991977082433194,16,False,2048,128,DLMT,False,True,False,False,False,4,1,128,35,4,10,1,2,5.140194548847155e-05,True,0.1499368,0.14995382917566807
126,1024,2048,64,0.15464431076316484,1,False,16,4,DLMT,False,False,False,False,True,30,2,16,35,4,1,22,14,6.633058825892859e-05,True,0.15466628571428573,0.1546882606654066
127,8,256,16,0.19793392846147873,1,False,1,4,DLMT,True,True,False,True,False,7,1,4,35,4,30,1,17,3.8766027626768055e-05,True,0.19794677142857142,0.19795961439566412
128,128,32,1,0.10293350440177533,4,False,32,32,DLMT,True,False,True,False,True,29,1,2048,35,4,30,28,1,3.228427303989116e-05,True,0.10294420000000001,0.1029548955982247
129,128,1,256,0.10565156695511073,4,False,2048,128,DLMT,True,False,True,True,False,30,1,16,35,4,3,13,1,3.407901981919044e-05,True,0.10566285714285716,0.10567414733060358
130,128,32,1024,0.30468009172337823,2,False,1,64,DLMT,False,True,False,False,True,17,4,2,35,4,1,6,28,4.26715600935364e-05,True,0.3046942285714286,0.30470836541947893
131,64,1,1,0.1468803177880818,1,False,64,32,DLMT,False,False,False,True,False,29,1,4,35,4,6,29,1,7.829699605883174e-05,True,0.14690625714285713,0.14693219649763245
132,1,256,1,0.09840300590001748,4,False,32,2048,DLMT,False,False,True,True,False,16,16,8,35,4,1,27,15,3.9429197096485086e-05,True,0.09841606857142857,0.09842913124283965
133,1,4,1,0.13030483138427765,2,False,4,1024,DLMT,True,True,False,False,False,19,1,2048,35,4,1,13,6,3.742045713570196e-05,True,0.13031722857142858,0.1303296257585795
134,512,1,256,0.1315943828100903,4,False,64,4,DLMT,True,True,True,True,False,1,1,8,35,4,12,1,30,3.7135867474197844e-05,True,0.13160668571428574,0.13161898861848118
135,1,32,128,0.09483117612724203,16,False,1,1,DLMT,False,True,True,False,False,17,1,16,35,4,1,27,3,3.285257284988783e-05,True,0.09484205999999999,0.09485294387275796
136,128,2048,256,0.11529667905604533,4,False,128,1,DLMT,False,True,False,True,True,3,4,128,35,4,1,1,30,7.755148915003427e-05,True,0.11532237142857144,0.11534806380109754
137,16,2048,2,0.1741350509400837,16,False,8,16,DLMT,False,False,True,True,False,2,4,1,35,4,1,9,1,3.106577616895609e-05,True,0.17414534285714284,0.17415563477420198
138,1024,1,1,0.4204977098183654,4,False,2,2,DLMT,False,True,False,False,False,29,2,128,35,4,27,21,1,0.0002539956290801848,True,0.4205818571428572,0.420666004467349
139,256,512,2048,0.12341343700610734,2,False,512,1,DLMT,True,True,False,False,False,1,16,256,35,4,1,14,5,4.4216591216143084e-05,True,0.12342808571428573,0.12344273442246413
140,2048,32,256,0.3004401031074477,16,False,32,2048,DLMT,False,False,False,False,False,3,2,2,35,4,28,18,1,3.539288525298204e-05,True,0.30045182857142855,0.3004635540354094
141,32,1024,2048,0.11659662448983762,4,False,1,32,DLMT,False,False,True,False,True,8,16,2048,35,4,21,30,1,3.709630049215225e-05,True,0.11660891428571428,0.11662120408159093
142,1,2048,1,0.10146537772274032,8,False,32,32,DLMT,True,False,True,True,True,24,2,64,35,4,16,26,1,4.370560137827484e-05,True,0.10147985714285714,0.10149433656297395
143,4,2048,16,0.12022645922923095,1,False,1024,1,DLMT,False,False,True,True,False,24,4,1,35,4,1,19,30,0.00022060026458437055,True,0.12029954285714288,0.12037262648505481
144,1024,2048,2048,0.09634495790959446,16,False,128,64,DLMT,False,True,True,False,False,18,1,1,35,4,28,1,3,2.8750706681641472e-05,True,0.09635448285714285,0.09636400780469123
145,2048,16,2,0.2161549696082516,1,False,1,64,DLMT,False,True,True,True,True,3,16,2,35,4,16,21,1,3.976297118615482e-05,True,0.21616814285714284,0.21618131610603408
146,2048,1,1024,inf,8,False,2048,4,DLMT,True,False,False,True,True,19,4,1024,1,4,30,1,28,inf,False,inf,inf
147,64,64,1,0.11125086216847291,16,False,4,1,DLMT,True,False,True,True,True,27,4,2048,35,4,11,1,28,0.0003155436306711684,True,0.1113554,0.11145993783152708
148,128,2048,32,0.24659126002575216,2,False,2048,2,DLMT,False,True,False,True,False,30,1,4,35,4,9,1,26,5.2426321477606785e-05,True,0.24660862857142857,0.24662599711710498
149,1,1,1,0.1336507834505161,16,False,2048,1024,DLMT,True,False,False,True,False,18,1,16,35,4,19,13,1,4.998396477565522e-05,True,0.13366734285714288,0.13368390226376967
150,4,1,1024,0.1549553465470286,16,False,2048,1,DLMT,True,True,False,True,False,3,1,32,35,4,2,1,1,0.0001055488435149668,True,0.1549903142857143,0.1550252820244
151,64,1,1,0.2482340578490302,1,False,2048,64,DLMT,False,True,True,True,True,27,1,2,35,4,1,14,15,4.6913415687078905e-05,True,0.24824960000000001,0.24826514215096984
152,2048,1,32,0.10474711720614444,16,False,2048,2048,DLMT,True,False,True,True,False,4,1,1,35,4,1,8,3,0.000110466949531412,True,0.10478371428571427,0.10482031136528411
153,16,1,64,0.34010677094055874,16,False,2048,2,DLMT,True,False,False,True,False,30,1,4,35,4,10,1,24,0.00022750738045889226,True,0.3401821428571428,0.3402575147737269
154,32,1,2048,0.11181686627046153,4,False,2048,1,DLMT,True,False,True,True,True,25,1,2048,35,4,1,22,30,7.54340365985475e-05,True,0.11184185714285713,0.11186684801525273
155,1024,1,512,0.09523075313317426,8,False,2048,1024,DLMT,True,True,True,False,False,7,1,1,35,4,13,30,1,3.3404933767334445e-05,True,0.09524181999999999,0.09525288686682572
156,2048,1,32,0.1276757894616741,16,False,2048,1,DLMT,False,True,True,False,True,30,1,8,35,4,16,19,1,2.9181542950632534e-05,True,0.12768545714285714,0.1276951248240402
157,256,1,512,inf,16,False,2048,8,DLMT,False,True,True,True,True,1,1,256,1,4,30,30,1,inf,False,inf,inf
158,2048,1,1,0.12335358166737156,4,False,2048,32,DLMT,True,True,False,False,False,20,1,1024,35,4,30,15,1,6.266689390608754e-05,True,0.12337434285714284,0.12339510404691412
159,1024,2048,2048,0.11675195889465512,4,False,2048,512,DLMT,False,False,False,False,True,1,1,2048,35,4,1,16,22,9.507631306546594e-05,True,0.11678345714285716,0.11681495539105921
160,1,2048,1,0.11868932328862979,8,False,2048,2048,DLMT,True,True,False,False,False,24,1,64,35,4,1,1,15,4.5077294162134324e-05,True,0.11870425714285715,0.11871919099708451
161,2048,2048,1,0.12635609881712945,1,False,2048,1,DLMT,False,False,False,True,True,2,1,1,35,4,1,28,9,6.84364504858464e-05,True,0.12637877142857143,0.1264014440400134
162,1,2048,2048,0.12123319575265883,16,False,2048,2048,DLMT,False,True,True,True,False,30,1,2048,35,4,8,26,1,3.649310809968801e-05,True,0.12124528571428572,0.12125737567591262
163,1,1,16,0.340919074689253,2,False,2048,2,DLMT,False,True,False,False,False,2,1,2,35,4,1,23,20,0.0003493988703648685,True,0.3410348285714285,0.3411505824536041
164,4,2048,1,0.17956424100400178,1,False,2048,1,DLMT,True,True,True,False,False,1,1,512,35,4,17,10,1,3.057831698095535e-05,True,0.1795743714285714,0.17958450185314104
165,2048,1,1,0.1219333065883412,4,False,2048,1,DLMT,True,True,True,True,True,18,1,4,35,4,26,1,30,4.797368326191257e-05,True,0.1219492,0.12196509341165879
166,2048,2048,16,0.11806606024447946,1,False,2048,1,DLMT,True,False,False,False,True,14,1,16,35,4,1,28,10,8.364519821049824e-05,True,0.11809377142857144,0.11812148261266342
167,2048,1,2048,0.13204545440569782,4,False,2048,2048,DLMT,False,True,False,True,True,5,1,32,35,4,29,1,14,4.174930037297203e-05,True,0.13205928571428574,0.13207311702287367
168,2048,1,2048,0.1163056404071161,2,False,2048,1,DLMT,False,False,True,True,False,27,1,2048,35,4,14,1,14,4.0842894618480546e-05,True,0.11631917142857144,0.11633270245002678
169,1,1,16,0.12226981958592276,2,False,2048,2048,DLMT,False,False,True,False,True,4,1,4,35,4,6,1,1,2.684832682051595e-05,True,0.12227871428571428,0.12228760898550581
170,1,2048,2048,0.13081406383503671,8,False,2048,16,DLMT,True,False,False,False,True,10,1,1,35,4,9,1,12,4.542923629342614e-05,True,0.1308291142857143,0.1308441647363919
171,1,1,2,0.16987229376120386,16,False,2048,32,DLMT,True,False,True,False,False,29,1,1,35,4,30,1,15,2.619322236684956e-05,True,0.16988097142857148,0.1698896490959391
172,1,1,1,0.12920141121870427,2,False,2048,32,DLMT,True,False,False,True,True,22,1,2048,35,4,29,27,1,6.231896884216673e-05,True,0.12922205714285714,0.12924270306701002
173,256,2048,1,0.14535521044034888,16,False,2048,1,DLMT,False,True,False,False,True,12,1,1024,35,4,27,1,29,2.7479625105125783e-05,True,0.14536431428571428,0.14537341813107968
174,1,2048,1,0.20977914970305633,4,False,2048,256,DLMT,False,True,True,True,False,22,1,2,35,4,10,22,1,3.533847992295807e-05,True,0.20979085714285714,0.20980256458265795
175,1,2048,128,0.11228659083450515,2,False,2048,32,DLMT,True,True,True,True,True,20,1,32,35,4,1,12,27,4.58220693641861e-05,True,0.11230177142857142,0.1123169520226377
176,32,2048,64,0.13561882948143597,1,False,2048,1,DLMT,False,True,False,True,False,23,1,1,35,4,25,1,10,5.2001067492969003e-05,True,0.13563605714285715,0.13565328480427832
177,128,2048,8,0.09575656506004845,4,False,2048,64,DLMT,False,False,True,False,False,9,1,8,35,4,30,1,28,3.518863522473735e-05,True,0.09576822285714284,0.09577988065423723
178,1024,2048,1,0.14684987622262052,1,False,2048,16,DLMT,True,True,False,True,True,30,1,512,35,4,3,1,2,0.00024978494587079127,True,0.14693262857142853,0.14701538092023653
179,2048,2048,256,0.1284471952254172,4,False,2048,2048,DLMT,True,True,False,True,False,30,1,4,35,4,30,1,27,0.00018094973932909045,True,0.12850714285714288,0.12856709048886855
180,1,1,2048,0.35258649044277157,1,False,2048,4,DLMT,True,True,True,False,True,5,1,2,35,4,16,1,10,3.1032780561653315e-05,True,0.35259677142857143,0.3526070524143713
181,256,2048,1,0.11247022175395047,8,False,2048,256,DLMT,True,False,True,True,True,3,1,256,35,4,14,1,9,3.356864426143866e-05,True,0.11248134285714285,0.11249246396033524
182,256,1,1,0.1319014277126679,1,False,2048,64,DLMT,False,True,False,True,False,17,1,2048,35,4,11,1,30,6.209669878504209e-05,True,0.131922,0.1319425722873321
183,2048,2048,1024,0.1075437321281568,16,False,2048,32,DLMT,False,False,True,True,False,19,1,512,35,4,5,1,2,3.582273818998977e-05,True,0.1075556,0.10756746787184321
184,64,1,32,0.10923344956516551,4,False,2048,16,DLMT,True,True,True,True,False,14,1,16,35,4,1,30,18,4.969815830365745e-05,True,0.1092499142857143,0.1092663790062631
185,32,2048,2048,0.1296101766677149,1,False,2048,1,DLMT,True,False,False,False,False,23,1,16,35,4,28,16,1,6.302695244650498e-05,True,0.12963105714285714,0.12965193761799937
186,512,1,1,0.22424813534311458,8,False,2048,4,DLMT,False,False,False,False,False,29,1,16,35,4,15,30,1,2.649891796019546e-05,True,0.22425691428571431,0.22426569322831405
187,2048,1,1024,0.10565240363073862,1,False,2048,2048,DLMT,False,False,True,False,False,26,1,32,35,4,1,23,29,4.75082806960412e-05,True,0.10566814285714285,0.10568388208354708
188,64,1,2048,0.14163148405566292,4,False,2048,1,DLMT,False,True,False,False,True,12,1,1,35,4,3,1,3,4.381584840475524e-05,True,0.14164600000000002,0.14166051594433712
189,2048,2048,32,0.1271792499891647,4,False,2048,2048,DLMT,True,True,False,True,False,15,1,16,35,4,7,18,1,5.090426388459661e-05,True,0.12719611428571428,0.12721297858226388
190,2048,2048,1,0.1277361417764184,16,False,2048,2048,DLMT,False,False,True,False,True,1,1,1,35,4,11,1,14,3.4758713486912e-05,True,0.12774765714285716,0.12775917250929592
191,2048,2048,2048,0.20829602044676995,2,False,2048,2048,DLMT,False,True,False,False,False,11,1,2,35,4,1,14,16,3.805716430716133e-05,True,0.2083086285714286,0.20832123669608724
192,2048,1,256,0.14895042642630626,16,False,2048,2048,DLMT,False,False,False,False,True,18,1,32,35,4,13,1,30,3.6831729887838354e-05,True,0.14896262857142856,0.14897483071655085
193,2048,2048,64,0.1219904126820959,4,False,2048,2048,DLMT,True,True,True,True,True,24,1,32,35,4,18,1,17,5.4811513761401404e-05,True,0.12200857142857145,0.122026730175047
194,2048,2048,2048,0.09475024957450905,4,False,2048,2048,DLMT,False,True,True,False,False,30,1,2048,35,4,2,1,30,2.8422274392325518e-05,True,0.09475966571428573,0.09476908185406242
195,2048,2048,1,0.11334549707443632,1,False,2048,2048,DLMT,True,True,True,False,True,26,1,2048,35,4,22,15,1,3.23063903452995e-05,True,0.11335619999999999,0.11336690292556366
196,2048,1,512,0.12242975931446644,8,False,2048,2048,DLMT,True,False,True,True,True,21,1,1,35,4,28,1,30,6.946122688821609e-05,True,0.12245277142857142,0.1224757835426764
197,2048,2048,32,0.12049640331366959,1,False,2048,2048,DLMT,True,False,False,False,False,19,1,16,35,4,30,1,26,3.1985711095514584e-05,True,0.12050699999999999,0.12051759668633039
198,2048,2048,2048,0.1309617943830205,16,False,2048,2048,DLMT,True,False,False,False,False,18,1,32,35,4,12,29,1,0.00013351928393933702,True,0.13100602857142854,0.13105026275983658
199,2048,2048,1,0.1341973043081235,16,False,2048,2048,DLMT,True,True,False,True,True,17,1,1,35,4,2,1,10,5.1516480422307154e-05,True,0.13421437142857146,0.13423143854901942
200,2048,2048,1,0.13098420039928074,16,False,2048,2048,DLMT,False,True,False,True,False,22,1,64,35,4,19,17,1,5.803953613789211e-05,True,0.13100342857142858,0.1310226567435764
201,2048,1,1024,0.1576286391134044,1,False,2048,2048,DLMT,False,True,False,True,True,28,1,1,35,4,18,1,29,4.438271404637723e-05,True,0.15764334285714288,0.15765804660088134
202,2048,2048,1,0.13802543674958778,2,False,2048,2048,DLMT,False,False,False,True,True,20,1,2048,35,4,1,30,15,0.00010501784493647891,True,0.13806022857142858,0.13809502039326937
203,2048,2048,32,0.10089517966313707,1,False,2048,2048,DLMT,True,True,False,False,False,5,1,1,35,4,1,17,30,3.7231608252415255e-05,True,0.10090751428571429,0.1009198489082915
204,2048,2048,2048,0.12377343866928985,8,False,2048,2048,DLMT,False,True,False,False,True,29,1,4,35,4,29,18,1,7.836332961641766e-05,True,0.12379940000000002,0.12382536133071019
205,2048,2048,1,0.10668600909274405,2,False,2048,2048,DLMT,False,False,True,False,False,19,1,1,35,4,29,1,1,2.8087385504703535e-05,True,0.1066953142857143,0.10670461947868455
206,2048,2048,2048,0.11972367568279489,1,False,2048,2048,DLMT,True,False,False,False,False,3,1,1,35,4,15,1,10,3.866661271401344e-05,True,0.1197364857142857,0.11974929574577652
207,2048,1,64,0.18995636732248203,16,False,2048,2048,DLMT,True,False,False,False,False,30,1,2,35,4,1,18,4,3.1835623737812826e-05,True,0.1899669142857143,0.18997746124894657
208,2048,1,2048,0.1053217784662728,16,False,2048,2048,DLMT,True,True,True,True,False,20,1,2048,35,4,30,1,9,4.818793142161003e-05,True,0.10533774285714285,0.1053537072480129
209,2048,2048,128,0.15905944714326145,16,False,2048,2048,DLMT,False,False,False,True,False,30,1,128,35,4,30,1,18,4.789439062209067e-05,True,0.15907531428571428,0.1590911814281671
210,2048,1,16,0.14521581689026308,1,False,2048,2048,DLMT,False,False,False,False,False,11,1,1,35,4,3,1,1,3.4273259642620936e-05,True,0.14522717142857142,0.14523852596687975
211,2048,1,16,0.10512547874539163,4,False,2048,2048,DLMT,False,True,True,True,False,1,1,1,35,4,14,30,1,3.744998297048823e-05,True,0.10513788571428571,0.1051502926831798
212,2048,2048,512,0.12584958241801392,1,False,2048,2048,DLMT,True,False,False,True,True,2,1,512,35,4,1,6,4,5.6196492010497104e-05,True,0.1258682,0.1258868175819861
213,2048,2048,128,0.13237114650893825,4,False,2048,2048,DLMT,False,False,True,True,True,14,1,1,35,4,11,16,1,3.629678121446406e-05,True,0.1323831714285714,0.13239519634820454
214,2048,1,1,0.11479400092082453,1,False,2048,2048,DLMT,False,False,True,True,False,24,1,64,35,4,1,9,15,3.104427384841714e-05,True,0.11480428571428572,0.1148145705077469
215,2048,2048,2048,0.12107340798907716,16,False,2048,2048,DLMT,False,True,True,True,False,5,1,8,35,4,1,29,28,5.128976506087741e-05,True,0.1210904,0.12110739201092284
216,2048,2048,1,0.12750619349438944,8,False,2048,2048,DLMT,False,False,False,True,False,3,1,2048,35,4,1,16,30,3.434387923366194e-05,True,0.1275175714285714,0.12752894936275336
217,2048,1,1,0.12396493117956826,4,False,2048,2048,DLMT,True,True,False,False,True,4,1,8,35,4,1,29,14,3.522190876631959e-05,True,0.12397659999999999,0.12398826882043172
218,2048,2048,1,0.11198630575190435,4,False,2048,2048,DLMT,True,True,True,False,True,30,1,16,35,4,1,3,1,2.71056888373444e-05,True,0.11199528571428571,0.11200426567666708
219,2048,1,128,0.12878284569875145,16,False,2048,2048,DLMT,False,True,True,False,True,8,1,16,35,4,30,6,1,2.616581349620609e-05,True,0.12879151428571428,0.1288001828726771
220,2048,2048,8,0.12013006708475756,1,False,2048,2048,DLMT,False,True,True,False,True,29,1,1,35,4,1,30,8,3.45529584663238e-05,True,0.1201415142857143,0.12015296148667105
221,2048,1,2048,0.12163222821883057,1,False,2048,2048,DLMT,True,False,True,True,True,29,1,32,35,4,28,21,1,5.433340762066599e-05,True,0.1216502285714286,0.12166822892402662
222,2048,1,512,0.09573714301069236,8,False,2048,2048,DLMT,True,True,True,False,False,10,1,128,35,4,17,1,24,2.4837179175337042e-05,True,0.09574537142857142,0.09575359984645049
223,2048,2048,2048,0.11235148043734867,16,False,2048,2048,DLMT,False,True,True,False,False,1,1,1,35,4,5,5,1,2.821700167759707e-05,True,0.11236082857142857,0.11237017670550846
224,2048,2048,1,0.10488940782330942,4,False,2048,2048,DLMT,False,False,True,True,False,22,1,2048,35,4,19,1,18,4.542582201922624e-05,True,0.10490445714285716,0.1049195064624049
225,2048,1,16,0.1291542772743981,16,False,2048,2048,DLMT,False,False,True,False,True,27,1,8,35,4,17,16,1,0.00019958903491209908,True,0.12922039999999999,0.12928652272560187
226,2048,2048,2048,0.12009601066315204,1,False,2048,2048,DLMT,False,True,True,True,True,2,1,64,35,4,16,15,1,3.756924491209925e-05,True,0.12010845714285713,0.12012090362256223
227,2048,1,2048,0.12186586343235974,4,False,2048,2048,DLMT,False,True,True,False,True,29,1,32,35,4,1,2,1,3.89623156500776e-05,True,0.12187877142857145,0.12189167942478317
228,2048,2048,64,0.18615540662302843,1,False,2048,2048,DLMT,True,False,True,True,False,1,1,2,35,4,1,30,2,0.0002589641784384214,True,0.1862412,0.18632699337697156
229,2048,2048,2048,0.12268880326832354,8,False,2048,2048,DLMT,True,False,True,True,True,2,1,64,35,4,9,1,29,0.00011288067024201135,True,0.1227262,0.12276359673167644
230,2048,2048,128,0.09556124611177373,16,False,2048,2048,DLMT,True,True,True,False,False,6,1,128,35,4,1,17,17,3.1856526579560875e-05,True,0.0955718,0.09558235388822627
231,2048,2048,1,0.12351328908758874,8,False,2048,2048,DLMT,True,False,True,True,True,27,1,2048,35,4,1,1,28,3.716003998152502e-05,True,0.12352560000000001,0.12353791091241129
232,2048,1,16,0.10543028488445758,16,False,2048,2048,DLMT,True,True,True,True,False,29,1,16,35,4,9,1,29,4.450328123651521e-05,True,0.10544502857142857,0.10545977225839956
233,2048,1,1,0.11158307104453262,4,False,2048,2048,DLMT,True,True,True,False,True,1,1,16,35,4,27,1,29,3.3592346067010483e-05,True,0.11159419999999999,0.11160532895546736
234,2048,2048,2,0.23478498233643746,4,False,2048,2048,DLMT,True,True,True,False,True,16,1,1,35,4,5,16,1,5.1453438432536495e-05,True,0.2348020285714285,0.23481907480641956
235,2048,1,32,0.11421501157977597,2,False,2048,2048,DLMT,False,False,True,True,False,1,1,1,35,4,1,16,18,4.8777914038622044e-05,True,0.11423117142857142,0.11424733127736687
236,2048,1,1,0.13625468076176378,16,False,2048,2048,DLMT,False,False,True,True,True,10,1,16,35,4,28,1,16,4.399827454872931e-05,True,0.13626925714285718,0.13628383352395057
237,2048,1,512,0.09473329663956125,4,False,2048,2048,DLMT,True,False,True,False,False,17,1,512,35,4,13,1,11,2.6969334664483282e-05,True,0.09474223142857142,0.0947511662175816
238,2048,1,2048,0.1112765957903104,1,False,2048,2048,DLMT,False,False,True,False,True,30,1,2048,35,4,22,30,1,3.05423092293502e-05,True,0.11128671428571428,0.11129683278111815
239,2048,2048,64,0.12562108469643066,4,False,2048,2048,DLMT,True,False,True,True,True,30,1,16,35,4,30,4,1,3.320617105175275e-05,True,0.12563208571428572,0.12564308673214078
240,2048,2048,1,0.09477024403006379,1,False,2048,2048,DLMT,True,False,True,False,False,30,1,64,35,4,1,3,13,3.115562726385263e-05,True,0.09478056571428572,0.09479088739850766
241,2048,1,2048,0.10442276491987282,16,False,2048,2048,DLMT,True,False,True,True,False,18,1,1,35,4,1,15,4,4.167444281179268e-05,True,0.1044365714285714,0.10445037793727
242,2048,1,2048,0.1110228005741062,16,False,2048,2048,DLMT,True,False,True,False,True,1,1,2048,35,4,30,1,8,3.6737280181065175e-05,True,0.11103497142857144,0.11104714228303668
243,2048,2048,1024,0.09529006218354313,1,False,2048,2048,DLMT,False,True,True,False,False,30,1,512,35,4,28,1,22,3.462812187355466e-05,True,0.09530153428571429,0.09531300638788545
244,2048,1,1,0.1056836892740858,1,False,2048,2048,DLMT,False,False,True,False,False,10,1,128,35,4,1,28,30,3.58658498250561e-05,True,0.10569557142857143,0.10570745358305705
245,2048,2048,1,0.10535363344852551,16,False,2048,2048,DLMT,True,False,True,True,False,18,1,2048,35,4,28,16,1,7.630928474815771e-05,True,0.10537891428571429,0.10540419512290307
246,2048,2048,1,0.11220629507302506,16,False,2048,2048,DLMT,False,True,True,False,False,30,1,8,35,4,1,30,2,2.7396648089330388e-05,True,0.11221537142857144,0.11222444778411782
247,2048,2048,2048,0.13647434956073845,16,False,2048,2048,DLMT,False,True,True,True,True,8,1,256,35,4,1,29,17,4.43943000570011e-05,True,0.13648905714285714,0.13650376472497583
248,2048,2048,2048,0.09491146547795613,4,False,2048,2048,DLMT,False,False,True,False,False,26,1,8,35,4,1,21,29,5.732564764179351e-05,True,0.09493045714285715,0.09494944880775817
249,2048,2048,64,0.13536490693799677,1,False,2048,2048,DLMT,False,True,True,True,True,16,1,1,35,4,29,1,30,4.25393935076643e-05,True,0.135379,0.13539309306200323
250,2048,2048,1,0.11139703204075244,1,False,2048,2048,DLMT,True,False,True,False,True,26,1,1,35,4,11,1,16,3.164027399969099e-05,True,0.1114075142857143,0.11141799653067616
251,2048,1,2048,0.1146789898134999,1,False,2048,2048,DLMT,False,True,True,True,False,9,1,2048,35,4,1,5,2,3.099155908781994e-05,True,0.11468925714285716,0.11469952447221442
252,2048,1,2048,0.10816613479063963,2,False,2048,2048,DLMT,True,True,True,True,False,30,1,1,35,4,1,23,22,4.909594106004606e-05,True,0.10818240000000001,0.10819866520936039
253,2048,2048,2048,0.10591759054362992,8,False,2048,2048,DLMT,True,True,True,True,False,15,1,8,35,4,26,30,1,5.815552687511678e-05,True,0.10593685714285714,0.10595612374208435
254,2048,1,2048,0.09537204185485301,8,False,2048,2048,DLMT,False,True,True,False,False,30,1,2048,35,4,1,23,21,2.8169602085096183e-05,True,0.09538137428571429,0.09539070671657557
255,2048,2048,2048,0.09464415859282557,4,False,2048,2048,DLMT,True,True,True,False,False,30,1,2048,35,4,1,1,21,2.650635718895617e-05,True,0.09465293999999999,0.09466172140717441
256,2048,2048,2048,0.11139608450412411,16,False,2048,2048,DLMT,True,False,True,False,False,30,1,2048,35,4,30,1,21,3.312050970720758e-05,True,0.11140705714285715,0.11141802978159018
257,2048,1,1,0.09506120404419961,4,False,2048,2048,DLMT,True,True,True,False,False,30,1,2048,35,4,1,30,21,3.856375648566513e-05,True,0.09507398,0.09508675595580039
258,2048,1,2048,0.09544382828591388,4,False,2048,2048,DLMT,False,False,True,False,False,30,1,2048,35,4,1,15,21,2.4536658122832114e-05,True,0.09545195714285715,0.09546008599980041
259,2048,2048,2048,0.09483924196620613,1,False,2048,2048,DLMT,True,True,True,False,False,30,1,2048,35,4,1,30,21,3.831130338877796e-05,True,0.09485193428571428,0.09486462660522244
260,2048,1,2048,0.0951397965226394,16,False,2048,2048,DLMT,False,True,True,False,False,30,1,2048,35,4,2,1,21,3.163536976879101e-05,True,0.09515027714285713,0.09516075776307487
261,2048,1,2048,0.09551639492926194,1,False,2048,2048,DLMT,True,False,True,False,False,30,1,2048,35,4,1,13,21,3.206276421301817e-05,True,0.09552701714285713,0.09553763935645233
262,2048,1,2048,0.0951413423592969,4,False,2048,2048,DLMT,True,False,True,False,False,30,1,2048,35,4,17,1,21,6.215597864753442e-05,True,0.09516193428571429,0.09518252621213168
263,2048,2048,2048,0.09481143389480506,1,False,2048,2048,DLMT,False,True,True,False,False,30,1,2048,35,4,12,1,21,3.145356979837585e-05,True,0.09482185428571428,0.0948322746766235
264,2048,2048,1,0.09509192894853151,4,False,2048,2048,DLMT,False,False,True,False,False,30,1,2048,35,4,1,1,21,3.02611145376583e-05,True,0.0951019542857143,0.0951119796228971
265,2048,1,1,0.09508687287661269,16,False,2048,2048,DLMT,True,True,True,False,False,30,1,2048,35,4,15,1,21,2.3255046588573057e-05,True,0.09509457714285714,0.0951022814091016
266,2048,1,2048,0.09515605780762997,4,False,2048,2048,DLMT,False,True,True,False,False,30,1,2048,35,4,30,1,21,3.610744125918757e-05,True,0.09516801999999999,0.09517998219237002
267,2048,1,1,0.09485585888085846,1,False,2048,2048,DLMT,True,False,True,False,False,30,1,2048,35,4,1,1,21,2.5185988005967303e-05,True,0.09486420285714285,0.09487254683342725
268,2048,2048,1,0.09547652650891272,4,False,2048,2048,DLMT,False,True,True,False,False,30,1,2048,35,4,1,15,21,0.0001615543930895435,True,0.09553004857142856,0.0955835706339444
269,2048,1,2048,0.11141706364759378,16,False,2048,2048,DLMT,False,False,True,False,False,30,1,2048,35,4,1,29,21,5.3795258117405666e-05,True,0.11143488571428571,0.11145270778097764
270,2048,2048,1,0.09526584554736824,16,False,2048,2048,DLMT,True,True,True,False,False,30,1,2048,35,4,1,14,21,3.2332560198344596e-05,True,0.09527655714285715,0.09528726873834607
271,2048,2048,1,0.11137505932953386,16,False,2048,2048,DLMT,False,False,True,False,False,30,1,2048,35,4,1,30,21,3.8457248991575237e-05,True,0.11138780000000001,0.11140054067046616
272,2048,2048,1,0.1081563928877123,1,False,2048,2048,DLMT,False,False,True,False,False,30,1,2048,35,4,19,1,21,3.883028483552759e-05,True,0.10816925714285715,0.108182121398002
273,2048,1,1,0.09534600127962592,1,False,2048,2048,DLMT,False,True,True,False,False,30,1,2048,35,4,30,1,21,3.041362557157819e-05,True,0.09535607714285715,0.09536615300608839
274,2048,2048,2048,0.09498976000880124,4,False,2048,2048,DLMT,True,True,True,False,False,30,1,2048,35,4,1,25,21,2.9839641350365103e-05,True,0.09499964571428571,0.09500953141977017
275,2048,1,2048,0.09543183062189935,4,False,2048,2048,DLMT,True,True,True,False,False,30,1,2048,35,4,1,16,21,2.7073740572212563e-05,True,0.0954408,0.09544976937810067
276,2048,2048,1,0.11131588942426764,16,False,2048,2048,DLMT,False,True,True,False,False,30,1,2048,35,4,1,30,21,3.526170380316257e-05,True,0.11132757142857143,0.11133925343287522
277,2048,2048,1,0.09589792548409101,1,False,2048,2048,DLMT,True,True,True,False,False,30,1,2048,35,4,30,1,21,3.0357813639648573e-05,True,0.09590798285714286,0.0959180402301947
278,2048,2048,2048,0.09531375959562687,1,False,2048,2048,DLMT,True,True,True,False,False,30,1,2048,35,4,15,1,21,6.426862096557173e-05,True,0.09533505142857145,0.09535634326151603
279,2048,1,1,0.09455405728332292,4,False,2048,2048,DLMT,False,True,True,False,False,30,1,2048,35,4,14,1,21,3.127085805131279e-05,True,0.09456441714285715,0.09457477700239139
280,2048,2048,2048,0.1060826764319495,1,False,2048,2048,DLMT,False,True,True,False,False,30,1,2048,35,4,1,30,21,4.0044220454851726e-05,True,0.10609594285714287,0.10610920928233623
281,2048,1,2048,0.11176779582546821,16,False,2048,2048,DLMT,False,True,True,False,False,30,1,2048,35,4,30,1,21,2.8989850440654188e-05,True,0.1117774,0.11178700417453179
282,2048,2048,1,0.1113923231580664,16,False,2048,2048,DLMT,False,True,True,False,False,30,1,2048,35,4,1,15,21,2.5500796306093584e-05,True,0.11140077142857144,0.11140921969907648
283,2048,2048,1,0.09467727558825531,4,False,2048,2048,DLMT,True,True,True,False,False,30,1,2048,35,4,30,1,21,3.676957815301885e-05,True,0.09468945714285715,0.09470163869745898
284,2048,1,1,0.1063828018508066,1,False,2048,2048,DLMT,False,True,True,False,False,30,1,2048,35,4,1,15,21,0.00018575928246095292,True,0.10644434285714285,0.1065058838634791
285,2048,1,1,0.1057623567865947,1,False,2048,2048,DLMT,False,True,True,False,False,30,1,2048,35,4,1,1,21,3.074628233707355e-05,True,0.10577254285714285,0.10578272892769101
286,2048,2048,2048,0.09495715862773933,4,False,2048,2048,DLMT,False,True,True,False,False,30,1,2048,35,4,17,1,21,3.475959347828401e-05,True,0.09496867428571429,0.09498018994368924
287,2048,2048,2048,0.09484476027418323,16,False,2048,2048,DLMT,True,True,True,False,False,30,1,2048,35,4,1,1,21,7.983322033707322e-05,True,0.09487120857142857,0.09489765686867391
288,2048,1,1,0.09517664467427994,16,False,2048,2048,DLMT,True,True,True,False,False,30,1,2048,35,4,17,1,21,3.10329441801737e-05,True,0.09518692571428572,0.0951972067542915
289,2048,2048,1,0.09496702879213216,4,False,2048,2048,DLMT,False,True,True,False,False,30,1,2048,35,4,1,1,21,2.8786851590436127e-05,True,0.0949765657142857,0.09498610263643924
290,2048,1,1,0.09547293687709743,1,False,2048,2048,DLMT,True,True,True,False,False,30,1,2048,35,4,1,17,21,2.853821869932678e-05,True,0.09548239142857143,0.09549184598004543
291,2048,1,1,0.09525997165072879,1,False,2048,2048,DLMT,True,True,True,False,False,30,1,2048,35,4,15,1,21,2.563902096255592e-05,True,0.09526846571428571,0.09527695977784263
292,2048,1,1,0.09536752529736393,1,False,2048,2048,DLMT,True,True,True,False,False,30,1,2048,35,4,1,15,21,8.11893029045229e-05,True,0.09539442285714285,0.09542132041692176
293,2048,2048,1,0.09538455095128408,1,False,2048,2048,DLMT,True,True,True,False,False,30,1,2048,35,4,1,16,21,2.799553375458384e-05,True,0.0953938257142857,0.09540310047728733
294,2048,1,2048,0.0947072222873938,1,False,2048,2048,DLMT,True,True,True,False,False,30,1,2048,35,4,1,1,21,3.06606849238572e-05,True,0.09471738,0.09472753771260621
295,2048,1,2048,0.09541603086892045,1,False,2048,2048,DLMT,True,True,True,False,False,30,1,2048,35,4,30,1,21,3.49123759122275e-05,True,0.09542759714285715,0.09543916341679384
296,2048,1,1,0.0947092855727701,1,False,2048,2048,DLMT,True,True,True,False,False,30,1,2048,35,4,1,30,21,2.888281093222787e-05,True,0.09471885428571429,0.09472842299865848
297,2048,2048,2048,0.09525384690476839,1,False,2048,2048,DLMT,True,True,True,False,False,30,1,2048,35,4,1,15,21,2.6351905170639874e-05,True,0.09526257714285713,0.09527130738094587
298,2048,2048,1,0.09471018137056102,1,False,2048,2048,DLMT,True,True,True,False,False,30,1,2048,35,4,1,1,21,3.0128753098416267e-05,True,0.09472016285714284,0.09473014434372466
299,2048,2048,2048,0.09612156818234985,1,False,2048,2048,DLMT,True,True,True,False,False,30,1,2048,35,4,1,13,21,3.914633415214104e-05,True,0.09613453714285713,0.09614750610336442
300,2048,2048,2048,0.0947163265049149,1,False,2048,2048,DLMT,True,True,True,False,False,30,1,2048,35,4,1,1,21,2.4740390177247703e-05,True,0.09472452285714285,0.09473271920937079
301,2048,1,2048,0.09522643583046814,1,False,2048,2048,DLMT,True,True,True,False,False,30,1,2048,35,4,1,16,21,2.8558626274629124e-05,True,0.09523589714285714,0.09524535845524615
302,2048,1,1,0.0947397097240031,1,False,2048,2048,DLMT,True,True,True,False,False,30,1,2048,35,4,1,1,21,2.3557784795896446e-05,True,0.09474751428571429,0.09475531884742548
303,2048,1,2048,0.09540285308433087,1,False,2048,2048,DLMT,True,True,True,False,False,30,1,2048,35,4,1,15,21,4.980827437201935e-05,True,0.09541935428571428,0.0954358554870977
