id,RT1_J,T1_Ja,baseline,RT1_I,T2_K,T2_J,T2_I,T2_Ja,U2_I,mean_confidence_interval_inf,T1_I,T1_J,technique,VEC2,VEC1,U2_J,SCREP,T1_Ia,OMP1,U1_J,U1_I,T2_Ka,RT2_I,runs,T2_Ia,RT2_J,RT2_K,cost_mean,U2_K,OMP2,cost_std,correct_result,mean_confidence_interval_sup
1,1,1024,False,8,4,32,1024,128,6,1.1203704306898956,2,64,RS,True,True,1,False,2048,True,14,1,256,32,10,1024,8,2,1.125401,6,False,0.008116504728021763,True,1.1304315693101046
2,4,8,False,1,2,128,256,1,1,1.4361831179129487,1,2,RS,False,False,24,False,4,False,1,21,16,4,10,2048,8,8,1.436518,1,False,0.0005403110215422349,True,1.4368528820870512
3,4,1024,False,16,4,512,1,2048,14,0.9024633272559537,1,8,RS,False,True,6,False,32,True,1,15,1024,4,10,2,32,4,0.9102529,1,False,0.012567981894083084,True,0.9180424727440464
4,32,1,False,4,4,16,1024,16,9,1.0622512454480344,32,1024,RS,False,True,7,False,32,False,5,1,1,16,10,1,8,1,1.062328,1,False,0.00012383860464331193,True,1.0624047545519655
5,4,1024,False,8,1,4,1024,16,13,0.6471522227821923,2,1024,RS,True,True,1,True,64,True,1,15,64,16,10,1,8,4,0.6530148,1,False,0.009458896751735897,True,0.6588773772178077
6,4,16,False,1,16,2,2,16,26,1.0904391662545332,64,1,RS,False,False,1,True,512,True,3,1,256,8,10,32,4,4,1.0924109999999998,2,False,0.003181428767079364,True,1.0943828337454664
7,32,1024,False,16,16,256,2,1024,6,0.8549192254669593,16,1024,RS,False,False,1,False,16,True,23,1,128,1,10,32,8,8,0.863063,14,False,0.013139464030165008,True,0.8712067745330407
8,32,1,False,1,64,8,32,32,1,inf,8,128,RS,False,False,27,True,2048,True,8,1,128,32,1,256,4,1,inf,3,False,inf,False,inf
9,16,256,False,8,16,2,128,1024,22,1.1331525412892092,32,16,RS,False,True,1,False,1,True,1,27,512,16,10,1,32,8,1.136859,3,False,0.005980136202462307,True,1.140565458710791
10,2,32,False,1,64,8,64,2048,14,0.5718633691677201,16,2,RS,False,True,3,False,256,True,1,2,64,4,10,128,2,2,0.5870384,1,True,0.02448395040511233,True,0.6022134308322799
11,2,32,False,16,4,128,2,512,10,1.6991978891541417,1,8,RS,False,True,3,False,1,False,1,30,2048,32,10,1024,32,4,1.699268,1,False,0.00011311940593906388,True,1.6993381108458583
12,2,2048,False,4,1,4,1,4,3,1.3314241108093923,512,1,RS,True,False,1,False,1,True,2,1,256,1,10,1024,4,1,1.333258,9,False,0.002958863971188948,True,1.3350918891906078
13,2,4,False,4,128,1,1,4,1,0.5155407679050955,2048,2,RS,True,False,17,True,2048,True,11,1,512,16,10,8,2,32,0.5198615999999999,3,True,0.006971388716747916,True,0.5241824320949043
14,1,8,False,1,8,4,8,1024,6,1.109743134697938,4,4,RS,True,True,7,True,128,False,1,22,128,4,10,256,2,32,1.10997,1,False,0.0003660327854168142,True,1.1101968653020617
15,8,512,False,2,128,4,8,8,2,0.15722459902232783,4,512,RS,False,True,1,True,64,True,1,6,2048,32,10,8,2,16,0.1772174,30,True,0.03225711716877378,True,0.19721020097767217
16,32,1,False,2,32,512,1,512,5,0.7674883566410792,16,256,RS,False,False,11,False,2048,True,7,1,2048,4,10,128,4,4,0.7691198,1,True,0.0026322304534367666,True,0.7707512433589209
17,8,64,False,32,16,512,256,512,1,0.4248983868127371,4,4,RS,False,True,9,True,8,True,29,1,1,1,10,256,32,32,0.43564279999999994,8,True,0.01733542966182263,True,0.44638721318726277
18,32,512,False,2,2,2,1,16,3,1.0745834156803677,4,512,RS,False,False,24,True,1,True,19,1,128,16,10,2048,8,4,1.082983,1,False,0.013552196906774922,True,1.0913825843196323
19,16,1,False,32,256,2,128,1,4,0.5325409867146972,128,32,RS,False,False,23,False,256,True,13,1,512,32,10,128,8,2,0.5418431,1,True,0.015008370187665267,True,0.5511452132853029
20,8,1,False,32,512,2,4,16,1,0.7845589639196705,2,2,RS,True,True,10,True,2,True,1,12,512,4,10,8,4,16,0.7947583,8,False,0.016455982298544208,True,0.8049576360803296
21,16,512,False,32,64,2,2,64,2,0.6261222198616526,2048,1,RS,True,False,10,True,2048,True,1,19,512,16,10,1,4,16,0.6459158,1,True,0.03193568697178755,True,0.6657093801383475
22,1,128,False,2,64,128,2,1,1,0.9590835725094828,1,1,RS,False,False,1,True,8,False,13,1,64,4,10,64,2,8,0.9592240999999999,17,False,0.000226732198860241,True,0.959364627490517
23,2,16,False,32,2,4,64,512,30,1.9897116519050322,32,2,RS,False,True,3,False,1,False,11,1,64,16,10,2048,2,1,1.9918900000000002,1,True,0.0035146265804491712,True,1.9940683480949681
24,8,2048,False,4,1,128,32,256,1,0.12914365640710887,8,2048,RS,True,False,15,True,8,True,1,13,512,32,10,32,1,32,0.1352005,5,True,0.009772333234698866,True,0.14125734359289113
25,32,1024,False,32,1,4,32,2048,5,inf,4,1,RS,False,False,1,False,128,True,1,9,1,8,1,512,16,32,inf,11,True,inf,False,inf
26,4,512,False,1,64,8,16,512,13,inf,4,256,RS,False,True,6,True,64,False,1,20,128,2,1,2048,8,16,inf,1,True,inf,False,inf
27,2,256,False,8,2048,512,2,2048,17,0.6490995189897794,8,128,RS,True,False,1,False,8,True,1,28,2048,16,10,64,8,2,0.6628773,2,False,0.022229576379454455,True,0.6766550810102206
28,8,64,False,16,4,2,1,2048,6,2.2519862631829626,256,2,RS,False,False,1,True,2048,False,9,1,128,2,10,32,8,1,2.252148,18,False,0.00026095210288478777,True,2.2523097368170375
29,32,256,False,32,2,16,8,2048,4,2.4819688798981923,16,256,RS,True,True,1,False,512,True,1,19,512,8,10,1,1,32,2.4837480000000003,15,False,0.0028704975178529464,True,2.4855271201018083
30,4,1024,False,32,4,8,4,1,1,1.31161550715321,4,2,RS,False,False,5,True,64,True,1,19,64,1,10,1024,16,1,1.3234680000000003,17,True,0.019123245958780122,True,1.3353204928467906
31,16,256,False,2,1,4,64,1024,4,0.42940780685862817,512,1,RS,False,False,1,True,1024,True,1,24,2048,32,10,64,4,16,0.43976309999999996,13,True,0.016707609131470604,True,0.45011839314137175
32,16,256,False,2,16,1,2,2,3,1.543057279745409,1,8,RS,True,True,1,True,32,False,1,20,32,4,10,8,2,16,1.543237,1,False,0.00028996723952889544,True,1.543416720254591
33,2,1024,False,8,2,2,16,512,1,2.4292386137592397,64,512,RS,True,False,17,False,256,False,1,5,2,16,10,2048,1,2,2.436346,2,True,0.011467317210228352,True,2.44345338624076
34,16,4,False,1,16,4,1,2048,1,0.8322108978914189,2,4,RS,True,False,3,False,1,False,5,1,128,4,10,4,8,32,0.8511809000000001,29,True,0.030606896021811804,True,0.8701509021085814
35,32,128,False,2,16,8,1,64,5,0.40822540317181555,4,8,RS,True,False,1,True,128,True,1,25,1,32,10,128,1,8,0.41680220000000007,5,True,0.01383811805701917,True,0.4253789968281846
36,16,256,False,1,64,64,16,1,2,0.7236558714266319,16,256,RS,True,True,9,True,256,True,16,1,512,4,10,32,16,32,0.7286538000000001,1,False,0.008063840968173907,True,0.7336517285733684
37,1,2,False,1,4,32,64,128,3,0.8053792179247455,1,1,RS,False,False,12,True,1,False,13,1,8,1,10,128,8,16,0.8094482,1,True,0.006565044673115333,True,0.8135171820752544
38,1,2048,False,1,2,32,256,1,1,1.3120952879841208,1,512,RS,False,False,3,True,128,False,1,10,1024,32,10,256,16,1,1.312173,16,False,0.0001253834119810108,True,1.3122507120158793
39,8,8,False,2,4,32,1,1024,1,1.3831436116574223,512,4,RS,True,True,13,False,2048,False,1,4,4,16,10,256,4,32,1.383331,2,False,0.00030233921346726626,True,1.383518388342578
40,8,512,False,1,1,1,16,1,1,inf,4,16,RS,False,False,8,True,4,False,1,26,64,2,1,128,16,2,inf,13,False,inf,False,inf
41,2,8,False,1,8,1,16,1,30,0.8876900449033971,64,8,RS,True,True,1,False,128,True,1,19,128,32,10,256,32,1,0.8933548,2,False,0.009139723297780946,True,0.8990195550966029
42,32,16,False,1,4,4,16,8,12,0.9717329937185054,16,4,RS,True,True,1,False,64,False,1,10,1024,2,10,128,16,4,0.9789161,2,True,0.011589486696571132,True,0.9860992062814945
43,4,1,False,4,4,4,8,4,11,1.4992129891576311,2048,2,RS,True,False,7,True,1,False,1,3,256,1,10,64,32,4,1.500245,1,False,0.0016650840819610263,True,1.501277010842369
44,1,256,False,1,32,4,32,1,19,1.8143027875246434,8,32,RS,False,True,5,True,1024,False,1,5,512,4,10,2048,1,32,1.816854,1,True,0.004116219624849992,True,1.8194052124753566
45,16,512,False,1,2,16,8,32,1,0.8180828356604435,2,4,RS,True,True,10,True,256,False,24,1,1,16,10,128,4,4,0.8252749000000001,6,True,0.01160393995546341,True,0.8324669643395568
46,8,1024,False,2,16,4,1,8,2,0.505714179852142,128,1024,RS,True,False,1,False,128,False,29,1,64,32,10,16,4,2,0.5128214000000001,30,True,0.011467049229858571,True,0.5199286201478582
47,4,32,False,2,32,8,128,8,16,1.4654738042962943,16,4,RS,True,True,1,False,1,False,12,1,256,16,10,512,4,32,1.465702,1,False,0.00036817930414404377,True,1.4659301957037059
48,2,4,False,1,32,64,4,1,4,0.6108937670456658,2,1,RS,True,True,16,True,4,True,2,1,64,4,10,2048,32,1,0.6191383,1,True,0.013302031356525964,True,0.6273828329543343
49,32,8,False,1,16,32,64,1,29,1.4594773673363732,8,2,RS,False,True,1,False,64,False,1,1,64,1,10,512,16,32,1.459701,3,False,0.00036081712819658235,True,1.4599246326636266
50,32,128,False,1,512,256,4,1,1,0.8618409111500513,1024,8,RS,True,False,8,False,2048,True,1,2,1024,16,10,128,32,1,0.869796,3,True,0.012835031640007755,True,0.8777510888499487
51,16,8,False,8,1,1024,256,1,3,0.7092067767336855,4,1,RS,False,True,14,False,16,True,1,18,1024,1,10,256,2,16,0.7169300000000001,1,False,0.012460931217208445,True,0.7246532232663146
52,4,32,False,2,128,1,256,64,8,0.4944931945705408,32,4,RS,False,False,1,True,128,True,1,6,1,32,10,512,2,1,0.5022256,1,False,0.012475746055446948,True,0.5099580054294593
53,2,256,False,32,1024,1,4,1,2,0.4877351862214852,64,32,RS,True,True,15,True,256,False,12,1,1024,4,10,1,2,1,0.5015906,1,True,0.02235483193047982,True,0.5154460137785147
54,4,64,False,8,1,1,1,128,19,0.4026429402676258,64,64,RS,False,False,3,True,64,True,1,21,32,8,10,32,8,2,0.4125479,1,False,0.01598102471964798,True,0.42245285973237423
55,1,64,False,32,2048,2,32,16,24,1.2023037472431517,128,32,RS,False,True,1,True,1024,True,29,1,2048,2,10,1,1,2,1.205835,5,False,0.005697452500898984,True,1.2093662527568483
56,32,2,False,16,8,32,8,512,18,1.4831620297875976,32,2,RS,False,False,3,False,1024,False,2,1,64,8,10,128,4,4,1.4832579999999997,1,False,0.0001548418548067859,True,1.483353970212402
57,1,256,False,8,2,64,128,128,1,2.6485718534065863,2,8,RS,False,True,9,False,1,True,1,1,4,8,10,256,1,32,2.6585449999999997,10,False,0.01609103989803022,True,2.668518146593413
58,2,1024,False,2,1,4,32,128,8,1.6210887701505785,16,2,RS,True,False,1,False,16,False,1,6,16,16,10,512,1,2,1.621294,3,False,0.00033112535390694453,True,1.6214992298494215
59,1,8,False,4,1,16,256,512,3,1.1077219266573655,2048,2,RS,True,False,1,True,1,True,13,1,2048,4,10,2048,2,1,1.110144,9,True,0.003907861819460863,True,1.1125660733426346
60,4,1024,False,4,32,64,128,1024,1,0.6211019201456006,256,32,RS,False,True,1,True,256,False,28,1,512,2,10,128,2,16,0.6275857,27,True,0.010461167832034813,True,0.6340694798543994
61,8,1,False,16,32,1,1,1,1,0.3991434757626839,2048,512,RS,False,False,14,True,1,False,27,1,1024,8,10,4,4,8,0.40432750000000006,7,True,0.008364094526605964,True,0.40951152423731624
62,8,1,False,16,2,8,2,8,26,0.8790266524269037,1,1,RS,True,False,3,False,16,True,19,1,1,8,10,2,1,16,0.8825015,1,False,0.005606446312059004,True,0.8859763475730964
63,16,512,False,1,4,4,16,128,1,0.4554633818987268,1,8,RS,False,True,10,True,4,False,8,1,512,1,10,16,4,8,0.4670441,8,True,0.018684754632855086,True,0.4786248181012732
64,32,32,False,16,128,32,2,256,13,0.7846650604749478,2,8,RS,False,False,1,False,1,False,1,21,1024,8,10,16,8,16,0.7899236999999999,7,True,0.008484481564008507,True,0.795182339525052
65,4,32,False,32,2,8,8,256,8,0.639540604663108,512,1,RS,False,True,7,False,1024,True,1,1,2048,32,10,16,8,4,0.6435615,1,True,0.006487459768661376,True,0.647582395336892
66,4,2,False,2,8,64,128,1024,1,1.073550419738474,8,1,RS,True,False,26,True,64,False,27,1,1,8,10,2048,4,1,1.080081,3,True,0.01053667732257185,True,1.0866115802615262
67,16,128,False,8,4,64,16,2048,3,1.9014428680621493,128,4,RS,True,False,1,False,512,True,19,1,256,8,10,1,1,2,1.9028109999999998,9,False,0.0022073941650733726,True,1.9041791319378503
68,16,32,False,1,16,128,64,2048,12,1.239984359207973,128,8,RS,True,False,1,True,512,False,1,3,64,8,10,1024,2,2,1.246756,7,True,0.010925613209335227,True,1.253527640792027
69,2,1024,False,4,64,16,4,512,4,1.0343725442798888,16,32,RS,True,True,23,True,2048,False,1,19,256,2,10,64,2,16,1.034525,1,False,0.0002459776412603007,True,1.034677455720111
70,8,32,False,8,256,32,1024,1,2,0.6400190432568527,1,8,RS,True,True,19,True,512,True,20,1,256,2,10,1024,4,4,0.6419718999999999,1,True,0.0031508105766611966,True,0.6439247567431472
71,4,1,False,32,32,2,8,2048,8,0.5974717504131379,256,256,RS,False,False,14,False,512,True,1,5,64,1,10,64,8,32,0.6205229999999999,1,True,0.03719173014528903,True,0.6435742495868619
72,1,1,False,16,4,8,128,2048,1,0.7932624768159878,4,1,RS,True,True,6,False,64,False,28,1,1024,1,10,1,8,8,0.7958484,10,True,0.004172223153188222,True,0.7984343231840122
73,16,512,False,8,2,32,32,512,4,1.1021283678034166,8,128,RS,True,True,2,False,512,True,1,21,2,8,10,1,4,4,1.103869,1,False,0.0028083997222617505,True,1.1056096321965834
74,16,1,False,4,2,1,8,512,1,0.7527697490866114,128,64,RS,False,False,22,True,1,True,10,1,64,1,10,32,1,32,0.7547213,1,False,0.003148703703113396,True,0.7566728509133887
75,8,256,False,1,1,1,8,32,27,1.0436492564601152,8,4,RS,False,False,1,False,32,True,1,17,16,1,10,128,4,16,1.057896,4,False,0.022986217696698213,True,1.0721427435398847
76,4,64,False,1,2,2,16,4,1,6.35661308531429,4,2,RS,False,False,4,False,1,True,1,23,128,4,10,32,4,32,6.364937,21,False,0.013430108748628935,True,6.37326091468571
77,32,2048,False,4,1,256,4,256,2,inf,2,64,RS,True,False,19,True,256,False,1,16,1,8,1,64,2,4,inf,1,False,inf,False,inf
78,8,128,False,8,4,128,2,1024,17,1.495264823632877,16,1,RS,False,True,1,False,2048,True,10,1,128,1,10,8,4,8,1.498653,4,False,0.005466607814723868,True,1.502041176367123
79,32,512,False,16,2,4,128,4,13,3.449522214354948,16,512,RS,False,True,1,True,512,True,1,20,1,1,10,256,16,4,3.454354,2,False,0.0077957798840141215,True,3.459185785645052
80,32,1024,False,2,16,8,256,8,20,1.4996505275434289,2,32,RS,False,True,6,True,1024,True,1,18,32,8,10,2048,2,32,1.505312,1,True,0.0091344269661539,True,1.510973472456571
81,4,128,False,1,1,2,256,4,1,9.884778238772705,1,64,RS,False,False,1,True,16,False,1,6,2,32,10,512,16,8,9.887306,23,True,0.004078382522520557,True,9.889833761227296
82,32,256,False,1,16,2048,1,1,1,1.3621925873369216,2048,16,RS,False,True,6,False,1,True,19,1,1024,32,10,32,16,1,1.3644450000000001,17,False,0.0036341250666425853,True,1.3666974126630786
83,8,256,False,16,4,8,16,16,19,1.1072532740290701,1,8,RS,True,False,4,True,1024,False,1,7,1024,2,10,128,16,1,1.1073049999999998,1,False,8.345657553482795e-05,True,1.1073567259709294
84,16,64,False,32,64,8,2,512,1,0.5130955343730277,4,32,RS,True,False,6,True,32,True,26,1,1024,2,10,1,4,8,0.5165595,14,False,0.005588888981720794,True,0.5200234656269722
85,1,64,False,1,1024,32,8,2048,1,0.7130708920593243,4,32,RS,False,True,26,True,64,False,1,7,1024,2,10,64,2,2,0.7284511,2,True,0.02481499066471717,True,0.7438313079406758
86,1,64,False,8,8,32,64,1,7,0.7344551778199034,32,4,RS,True,True,17,True,256,True,1,17,128,4,10,1,32,8,0.7434048000000001,1,False,0.014439648131446983,True,0.7523544221800967
87,32,1,False,1,2,32,128,64,20,1.068895954258702,4,4,RS,False,True,3,False,8,True,2,1,512,4,10,1,32,2,1.07477,1,False,0.009477400487475455,True,1.080644045741298
88,32,4,False,1,2,1024,256,2048,12,1.1902207387192931,2,2,RS,False,True,1,True,64,True,1,23,4,2,10,2048,16,32,1.2035620000000002,2,True,0.021525279463923314,True,1.2169032612807074
89,1,64,False,2,256,64,1,256,1,1.2690293943893716,16,2,RS,False,False,4,False,1024,True,1,25,512,4,10,2048,8,32,1.270927,9,False,0.00306166637633822,True,1.2728246056106283
90,2,32,False,32,4,64,1,64,8,3.063658409990696,512,2,RS,False,False,1,False,512,True,1,9,16,32,10,16,1,8,3.066963,1,False,0.005331746524357713,True,3.070267590009304
91,1,64,False,2,2048,4,1,256,22,0.9038213809376767,8,8,RS,False,True,3,True,512,True,15,1,1,16,10,2048,8,2,0.908751,1,False,0.007953627901781671,True,0.9136806190623232
92,2,2,False,32,4,8,2,8,12,0.21156532236929196,8,2,RS,True,True,1,True,32,True,1,26,64,2,10,4,2,2,0.23273069999999998,3,True,0.03414899527672813,True,0.25389607763070804
93,16,256,False,2,256,2,1,128,1,0.8550728814293836,16,8,RS,False,False,12,False,16,True,11,1,1024,32,10,1024,4,8,0.8625897,1,False,0.012127910323299717,True,0.8701065185706164
94,4,2048,False,16,64,512,1,512,8,0.5130272022301011,1,1024,RS,False,False,1,False,4,True,29,1,2048,4,10,256,8,16,0.5214236999999999,2,False,0.013547216954415409,True,0.5298201977698987
95,32,256,False,4,256,256,32,256,14,1.039148007603085,1,32,RS,False,False,1,False,16,False,4,1,512,8,10,512,16,1,1.0448080000000002,7,True,0.00913203898371001,True,1.0504679923969154
96,16,64,False,16,8,16,4,256,1,1.331652006964024,32,1,RS,True,True,10,True,512,False,6,1,128,2,10,8,1,1,1.33181,6,False,0.0002549117494349762,True,1.3319679930359758
97,4,1,False,32,2,64,128,512,1,0.5470518508641027,8,128,RS,True,False,8,True,512,False,1,15,32,2,10,1,32,2,0.5512914,9,True,0.006840243814368019,True,0.5555309491358973
98,4,2048,False,32,64,4,256,128,17,0.5680100927039013,2,128,RS,False,True,5,False,16,True,10,1,1,16,10,512,4,16,0.5746236,1,False,0.010670474836669644,True,0.5812371072960987
99,16,2048,False,2,512,512,1,512,1,0.9566002277397363,4,64,RS,True,False,8,True,64,False,20,1,1024,16,10,512,8,32,0.9568061,5,False,0.00033216184308255145,True,0.9570119722602637
100,8,8,False,2,256,16,16,1024,1,1.1588388800503509,32,2,RS,False,False,29,False,2048,True,1,30,2048,2,10,2048,4,8,1.163669,3,True,0.007793092390059306,True,1.1684991199496493
101,1,128,False,32,32,1,512,512,6,0.5974892642457185,128,32,RS,False,True,6,True,128,True,1,6,64,4,10,1024,32,8,0.5998569,1,False,0.0038200302210846452,True,0.6022245357542816
102,8,8,False,4,16,2048,32,1,1,0.5781490963493892,128,1,RS,False,False,6,True,256,False,1,20,256,4,10,128,4,32,0.5818195000000002,17,True,0.005921963648149156,True,0.5854899036506112
103,4,1,False,16,16,1,8,2,21,inf,2,1,RS,True,False,1,True,16,False,1,7,1024,1,1,128,8,1,inf,5,False,inf,False,inf
104,2,8,False,8,256,8,4,16,7,0.17177801624465375,2,2,RS,True,False,10,True,4,True,26,1,256,16,10,1,2,8,0.18931520000000002,1,True,0.02829513442555098,True,0.2068523837553463
105,32,512,False,32,8,4,16,128,28,0.764887602083971,2,256,RS,False,True,2,False,16,False,4,1,256,1,10,1,4,32,0.7732903,1,True,0.013557220497211076,True,0.781692997916029
106,4,1024,False,1,2,8,2,128,1,1.6176231482675878,256,128,RS,True,True,5,False,512,True,1,18,1,32,10,256,16,32,1.61907,16,False,0.002334403564082288,True,1.6205168517324122
107,16,2048,False,4,128,32,32,1024,8,0.807670273674953,8,128,RS,False,False,1,True,256,True,18,1,1024,16,10,2048,16,32,0.8122617999999999,13,True,0.007408136699602662,True,0.8168533263250468
108,4,2048,False,16,4,1,16,2,1,1.9953513161299559,64,64,RS,False,False,2,True,2048,True,1,24,8,2,10,256,2,16,1.99759,14,True,0.003611974529256858,True,1.999828683870044
109,2,2048,False,1,1024,1,256,4,6,1.2467974580789263,8,2,RS,False,False,10,False,128,False,14,1,1,16,10,256,8,16,1.247834,1,True,0.0016723946902570872,True,1.248870541921074
110,2,512,False,1,2048,1024,1,2048,24,0.609909274782343,4,8,RS,False,False,3,False,8,True,23,1,2048,1,10,512,4,8,0.6183042999999999,1,False,0.013544841084708223,True,0.6266993252176568
111,1,2048,False,16,64,16,1,2048,1,1.0642347059461932,2,4,RS,False,False,1,False,8,False,29,1,64,2,10,256,2,4,1.0697189999999999,28,True,0.008848560843436642,True,1.0752032940538065
112,2,512,False,32,512,1,4,2048,7,0.941183201388824,16,4,RS,False,True,4,False,2048,False,1,4,1024,16,10,128,4,4,0.9460399,1,True,0.007835975375790822,True,0.950896598611176
113,2,2048,False,32,64,8,512,2048,2,inf,2,256,RS,False,False,1,False,16,False,1,5,512,16,1,1024,2,2,inf,20,True,inf,False,inf
114,16,1,False,4,8,2,8,64,4,1.0037073250100157,16,32,RS,True,True,6,True,2048,True,18,1,64,8,10,1024,32,4,1.006682,1,False,0.0047994495517715615,True,1.0096566749899845
115,4,64,False,1,2,256,64,512,1,1.4784764635185723,16,32,RS,True,False,5,False,256,True,1,26,8,16,10,64,4,2,1.480549,12,False,0.0033439062486857714,True,1.4826215364814275
116,2,1,False,8,1,128,512,2048,27,0.48245356205096535,4,2048,RS,True,False,2,True,1,True,8,1,512,1,10,1,1,1,0.488631,1,False,0.009966904584674226,True,0.4948084379490346
117,1,1024,False,1,2,16,1,32,1,1.4797231147103627,512,2,RS,True,True,3,False,2048,False,7,1,128,8,10,4,4,32,1.4799790000000002,1,False,0.00041285469598877886,True,1.4802348852896376
118,16,32,False,32,32,128,8,1024,28,0.5137626719976371,8,1,RS,True,False,1,True,16,False,30,1,256,32,10,128,2,2,0.5199965999999999,2,True,0.010058047705196064,True,0.5262305280023627
119,8,2048,False,2,64,2048,16,1,1,0.4381320976256397,1,64,RS,True,False,6,True,16,False,1,8,1,4,10,64,1,8,0.4459365,20,True,0.012591908562644496,True,0.4537409023743603
120,1,512,False,1,2,64,1,1,1,3.988182252011971,2048,128,RS,False,True,11,False,1,True,1,18,16,32,10,16,1,2,3.990369,7,False,0.0035281792754903903,True,3.9925557479880287
121,1,32,False,8,8,16,4,1024,16,0.8611858976311685,1,1,RS,True,True,7,True,32,False,1,8,32,2,10,256,2,4,0.863687,1,True,0.004035370144113185,True,0.8661881023688315
122,4,4,False,4,4,32,1,32,7,0.7723886698951694,2048,2,RS,True,False,10,False,1,True,4,1,64,16,10,16,4,16,0.7846098,1,True,0.01971801880920089,True,0.7968309301048306
123,32,16,False,16,1,2,1024,64,3,1.0992717024447207,128,4,RS,True,True,26,True,1024,False,1,7,4,2,10,1024,2,1,1.1023299999999998,1,True,0.004934369260604632,True,1.105388297555279
124,4,256,False,32,4,16,128,1024,7,1.2047318289750972,16,2,RS,True,True,1,True,512,False,1,18,512,2,10,2048,8,32,1.204971,2,False,0.00038588728924389187,True,1.2052101710249028
125,16,1,False,2,4,1,1024,8,1,3.173968806879803,8,16,RS,False,True,4,False,32,False,12,1,32,8,10,2048,32,4,3.174345,16,False,0.0006069637550957588,True,3.1747211931201975
126,16,32,False,8,256,8,2,2048,9,0.43799431438427217,16,1,RS,True,False,11,True,256,False,3,1,1,2,10,8,1,4,0.44884889999999994,1,True,0.017513185892064295,True,0.4597034856157277
127,8,1024,False,16,16,8,32,1,19,0.7654867552609347,4,1024,RS,False,False,1,False,512,True,1,16,128,2,10,256,16,1,0.7681855,4,True,0.004354253581269697,True,0.7708842447390652
128,8,8,False,16,2048,2,2,1024,1,0.8216235991622151,1,1,RS,False,True,4,True,4,True,30,1,1,16,10,4,8,16,0.8279872000000001,17,False,0.010267266606064142,True,0.8343508008377852
129,1,1024,False,16,2,128,8,2048,1,1.586539390131502,512,2,RS,True,True,21,False,512,False,6,1,2048,4,10,64,4,4,1.5869440000000001,5,False,0.0006528123773336072,True,1.5873486098684984
130,16,2048,False,8,128,8,16,128,6,1.2666281493651002,256,16,RS,True,True,1,False,1,False,1,24,512,4,10,2048,2,32,1.2678530000000001,10,True,0.0019762188643973927,True,1.2690778506349
131,4,32,False,32,16,512,128,1024,19,0.7269385551722056,1,4,RS,False,False,2,True,256,True,1,28,16,4,10,512,16,16,0.7285039,1,False,0.002525584663003789,True,0.7300692448277943
132,4,16,False,4,4,512,4,2048,1,0.824555188547488,1,8,RS,False,False,29,False,8,True,29,1,1024,2,10,128,8,32,0.8317222000000001,2,False,0.011563518710150473,True,0.8388892114525122
133,16,256,False,2,128,4,32,1,3,1.0400891005351842,8,16,RS,True,False,1,True,1,False,1,6,128,32,10,128,4,1,1.04023,22,False,0.00022733235581411318,True,1.0403708994648158
134,2,512,False,8,4,128,64,1,1,1.6903026285059712,64,4,RS,False,True,7,False,1024,True,1,1,128,2,10,128,32,8,1.6942329999999999,14,False,0.006341405285896792,True,1.6981633714940285
135,8,2048,False,32,1024,1,2,1024,1,0.5534565070786062,128,16,RS,False,True,3,False,1024,True,8,1,1024,4,10,8,1,8,0.5611573,18,True,0.012424741277386834,True,0.5688580929213938
136,4,64,False,2,4,8,16,1,3,1.1776919499514795,4,32,RS,True,True,1,True,512,True,15,1,32,16,10,256,32,4,1.184874,1,False,0.011587782531614896,True,1.1920560500485204
137,4,256,False,4,8,2,8,2,3,1.0846977650376395,16,1,RS,True,True,1,True,1024,True,1,26,1024,4,10,64,32,1,1.0881500000000002,18,False,0.005569962297897539,True,1.0916022349623609
138,32,512,False,16,2,64,32,64,1,6.47715066120772,32,8,RS,False,False,1,False,32,True,1,2,8,1,10,512,2,32,6.488933,17,False,0.019010056838421108,True,6.500715338792281
139,2,256,False,2,4,1,128,2048,3,3.2417650623150287,16,8,RS,False,False,1,False,64,True,1,3,256,4,10,256,1,16,3.25364,7,False,0.019159459282557988,True,3.265514937684971
140,2,1024,False,1,2,16,2,16,20,inf,64,256,RS,False,False,2,True,64,False,5,1,1,8,1,2,16,1,inf,1,False,inf,False,inf
141,1,16,False,16,2,1024,2,2048,1,0.6493441805216085,32,1,RS,True,False,12,False,1,True,11,1,4,32,10,512,8,1,0.655464,5,False,0.00987394083433762,True,0.6615838194783916
142,32,128,False,4,256,8,4,16,1,0.5238635544349601,16,8,RS,True,False,1,False,32,True,1,18,2048,16,10,256,16,32,0.5341511000000001,27,True,0.016598302711120807,True,0.5444386455650401
143,1,1024,False,16,8,32,2,512,9,1.5697435912725857,2,1,RS,True,True,4,False,4,False,1,23,32,1,10,2048,4,8,1.570022,1,False,0.000449194835233014,True,1.5703004087274144
144,32,256,False,1,4,64,1,64,8,0.9654303722140639,8,4,RS,False,True,1,True,1024,False,24,1,4,16,10,64,2,4,0.9806374,10,True,0.024535575461765755,True,0.9958444277859361
145,4,4,False,32,128,2,4,64,1,1.5397604458290013,4,2,RS,False,False,24,False,32,False,1,21,256,16,10,16,1,8,1.5401909999999999,2,False,0.0006946718649837466,True,1.5406215541709984
146,8,128,False,32,1,64,8,2048,1,inf,16,1,RS,False,False,15,True,1,False,1,4,16,16,1,16,16,8,inf,3,False,inf,False,inf
147,2,256,False,4,2,32,1,256,3,1.7285058042137977,1,16,RS,True,False,1,False,128,False,30,1,1024,1,10,512,8,8,1.7286249999999999,24,False,0.00019231484602078692,True,1.728744195786202
148,1,1024,False,8,256,2,2,1,1,1.3708788830759364,8,8,RS,True,False,21,False,16,False,12,1,512,8,10,1024,4,4,1.371006,4,False,0.00020509509989272915,True,1.3711331169240635
149,2,1024,False,2,8,16,2,512,21,0.7218595932469307,16,256,RS,True,True,3,True,64,False,11,1,64,2,10,256,2,8,0.7295487,1,True,0.012405886385502645,True,0.7372378067530694
150,4,16,False,2,4,1,512,1,26,0.753084962167547,4,1,RS,True,False,4,False,16,True,21,1,1,32,10,1024,16,16,0.766942,1,True,0.022357452238571364,True,0.7807990378324531
151,4,128,False,8,2,256,256,2048,1,0.5048928146033472,32,1,RS,True,False,4,False,32,True,15,1,128,1,10,1,32,32,0.5116520000000001,26,True,0.010905517218362455,True,0.518411185396653
152,16,256,False,2,64,2,1,64,1,0.8877415717773671,32,32,RS,False,True,5,True,512,True,29,1,512,8,10,1024,1,1,0.8895344999999999,22,False,0.0028927760456004966,True,0.8913274282226327
153,16,64,False,8,2048,1,1,4,1,0.9373772998593267,32,64,RS,False,True,25,True,256,False,12,1,2048,8,10,16,16,4,0.9374052,2,False,4.50151085747731e-05,True,0.9374331001406734
154,2,512,False,8,8,64,4,128,1,1.7462469960665408,2048,32,RS,False,True,2,False,1,False,1,3,16,8,10,16,16,4,1.746371,7,False,0.00020007248686415054,True,1.746495003933459
155,16,64,False,1,8,1,4,256,12,1.1476858350554562,2,8,RS,False,False,1,True,4,False,25,1,16,2,10,8,8,1,1.147969,10,False,0.0004568686901069019,True,1.1482521649445439
156,2,128,False,8,1,4,256,64,17,1.7077758059892165,128,2,RS,True,False,3,False,2048,False,3,1,128,32,10,1024,2,32,1.7079799999999998,1,False,0.00032945409391900237,True,1.7081841940107831
157,4,256,False,4,2048,1,64,128,4,1.006438170159498,4,1,RS,True,True,8,False,512,False,1,13,2048,8,10,1024,1,2,1.006527,1,False,0.0001433213173258086,True,1.006615829840502
158,8,256,False,8,256,256,128,512,1,0.9737344305423548,256,8,RS,False,True,1,False,512,False,19,1,512,8,10,128,8,2,0.9737952999999999,21,False,9.820901180645349e-05,True,0.9738561694576451
159,2,4,False,1,512,32,64,32,1,0.7374009055005754,2,2,RS,True,True,6,False,8,True,1,2,2048,8,10,2048,1,32,0.7623190999999999,2,True,0.04020392742867293,True,0.7872372944994245
160,1,8,False,2,8,16,1,128,1,1.5688028254129065,4,8,RS,False,False,18,False,2048,True,1,22,256,2,10,4,16,32,1.571579,4,False,0.0044791817333080025,True,1.5743551745870936
161,1,2048,False,2,8,32,32,32,1,1.999190651080587,1,256,RS,True,True,1,False,32,False,1,9,2048,32,10,1024,1,8,1.999425,19,False,0.0003781071276767863,True,1.999659348919413
162,1,2048,False,1,8,2,16,1,2,0.8230376378445152,4,64,RS,False,False,18,True,16,True,5,1,256,32,10,32,32,4,0.8286106999999999,1,False,0.008991782549083364,True,0.8341837621554846
163,32,1,False,2,64,1,1,64,3,0.5664979426560828,128,2,RS,True,True,1,True,512,True,17,1,1,16,10,4,2,8,0.5754579000000001,20,True,0.014456323263195228,True,0.5844178573439174
164,8,1,False,8,4,1024,128,1,27,0.5206700546580088,256,512,RS,True,True,4,True,512,True,27,1,1,1,10,256,16,16,0.5264343,1,True,0.009300244502699926,True,0.5321985453419913
165,32,8,False,1,16,8,2,1,23,0.6593347874048657,2,2,RS,False,True,1,False,128,False,2,1,2048,4,10,2,8,4,0.6694441999999999,2,True,0.016310896454824284,True,0.6795536125951341
166,4,1024,False,8,32,256,128,512,5,0.7667279908406107,8,16,RS,False,False,10,False,1024,True,16,1,2048,32,10,128,2,1,0.7715363,1,True,0.007757902062413518,True,0.7763446091593892
167,32,256,False,4,8,1,2,128,1,0.6647628521603457,16,4,RS,True,False,4,True,256,False,28,1,64,8,10,32,16,1,0.6699080000000001,24,True,0.00830136992309101,True,0.6750531478396544
168,4,1024,False,4,16,8,16,64,7,0.8982103790185315,128,256,RS,False,False,1,False,2048,False,23,1,1024,4,10,256,4,8,0.8995204999999998,10,True,0.0021137971638735755,True,0.9008306209814682
169,1,4,False,32,16,32,2,1,11,1.1047908157699284,1,2,RS,False,True,6,True,512,False,30,1,256,1,10,16,32,16,1.10486,1,False,0.00011162437009898397,True,1.1049291842300715
170,2,256,False,16,2048,16,4,64,1,inf,8,16,RS,False,False,5,True,32,False,1,19,2048,1,1,1024,2,1,inf,5,False,inf,False,inf
171,16,2048,False,32,16,128,512,128,5,0.7720410545087348,1,256,RS,False,False,8,True,2,False,28,1,256,2,10,512,16,16,0.7758688,1,True,0.00617582473520743,True,0.7796965454912652
172,1,256,False,32,1,8,64,32,4,inf,256,16,RS,True,False,1,False,1,False,13,1,1,8,1,256,1,32,inf,19,True,inf,False,inf
173,2,16,False,16,2048,2,4,4,1,1.0817015003164507,128,16,RS,True,False,4,False,256,True,1,16,2048,8,10,1024,32,4,1.085111,26,True,0.0055010116342360605,True,1.0885204996835491
174,4,1024,False,1,1,16,2,1024,19,inf,64,64,RS,True,True,5,True,1024,False,1,4,2048,2,1,2,4,1,inf,1,False,inf,False,inf
175,2,1024,False,2,2048,8,64,128,5,1.451116853967465,4,8,RS,False,False,1,False,4,False,9,1,1,4,10,64,8,32,1.451321,11,False,0.00032937668405642043,True,1.4515251460325351
176,2,1,False,16,512,2048,64,1,1,0.973115819363532,128,2048,RS,False,False,3,False,1024,False,14,1,1024,32,10,64,4,1,0.9733159,16,False,0.00032281742518023405,True,0.973515980636468
177,1,512,False,8,128,512,2048,2048,2,1.0106752412124846,8,4,RS,True,True,6,True,2048,False,1,24,512,4,10,2048,32,2,1.0125119999999999,1,True,0.0029634938839147003,True,1.014348758787515
178,1,1024,False,16,8,32,2,256,8,0.7971526443146489,16,128,RS,True,True,9,False,64,True,1,6,1024,4,10,512,1,1,0.8138086,1,False,0.02687332878971267,True,0.830464555685351
179,1,32,False,2,4,128,8,1024,14,0.8157709975613149,512,8,RS,True,True,6,False,2048,True,18,1,1,1,10,64,4,1,0.8273533000000001,1,True,0.018687310860848863,True,0.8389356024386853
180,32,1,False,32,512,2,8,64,23,1.4787417061902453,4,16,RS,False,True,1,False,1024,True,28,1,512,4,10,128,32,8,1.48067,4,False,0.0031111798405106983,True,1.4825982938097546
181,2,512,False,16,32,32,256,256,1,0.5157335223796554,32,2,RS,True,False,3,True,128,True,1,12,2048,32,10,512,32,8,0.5190924,29,False,0.005419336143846404,True,0.5224512776203446
182,16,2048,False,4,512,16,8,256,18,0.7261067495113804,2,32,RS,True,False,1,False,2,False,1,30,1,32,10,16,8,4,0.7352684,4,True,0.014781742368205453,True,0.7444300504886197
183,1,1024,False,2,8,2,32,1,19,1.0962564743530907,64,1,RS,True,False,1,True,1,False,26,1,8,8,10,2048,16,1,1.102971,3,True,0.01083346154283107,True,1.1096855256469091
184,32,128,False,32,1,2,1,256,1,0.9665975423783685,8,4,RS,True,True,3,True,1,True,1,4,64,4,10,1024,32,1,0.976928,26,False,0.01666753859452557,True,0.9872584576216316
185,4,1,False,2,16,128,2,1,6,0.4142909777999463,16,1024,RS,True,True,1,True,1024,False,17,1,64,1,10,4,32,16,0.4197752,16,True,0.008848444911960525,True,0.42525942220005375
186,1,8,False,16,1024,4,128,8,24,0.959350983436542,32,1,RS,False,True,3,True,1024,True,13,1,1,1,10,2048,4,4,0.9620049999999999,1,False,0.004282087504944281,True,0.9646590165634578
187,8,1,False,16,512,16,128,128,4,inf,1,1,RS,True,False,1,False,8,False,10,1,1024,16,1,1024,16,8,inf,5,False,inf,False,inf
188,32,1,False,8,64,64,32,128,9,0.15426149986910576,16,1,RS,False,False,1,False,16,True,3,1,128,2,10,1,2,8,0.17322149999999997,13,True,0.030590758464771686,True,0.1921815001308942
189,32,512,False,32,16,128,2,512,1,0.6145657263723124,512,512,RS,False,True,1,True,2048,False,1,9,1024,2,10,16,2,16,0.6296836,13,True,0.02439173087831201,True,0.6448014736276876
190,2,64,False,1,512,16,4,2048,3,inf,2,2,RS,False,False,9,False,256,False,4,1,2048,32,1,1,16,1,inf,1,False,inf,False,inf
191,4,512,False,32,64,64,2,512,10,inf,2,8,RS,False,False,3,False,2048,True,8,1,256,16,1,2,2,4,inf,1,False,inf,False,inf
192,32,4,False,2,32,1024,256,1,3,1.4364343478681703,1,2,RS,True,True,1,False,16,False,1,13,64,4,10,1024,2,16,1.436587,24,False,0.00024629453911933927,True,1.4367396521318299
193,1,64,False,16,4,64,1,1,4,0.7393906253479078,256,1,RS,True,True,1,False,256,False,1,20,8,8,10,1,8,1,0.7444994999999999,27,True,0.0082428454340719,True,0.749608374652092
194,8,64,False,32,512,8,1,64,1,1.1164288375078224,2048,16,RS,True,True,14,False,2048,True,5,1,2048,32,10,2048,32,4,1.1197560000000002,1,False,0.0053681657947571085,True,1.123083162492178
195,4,1,False,1,64,8,16,1,1,0.5225069529414663,8,128,RS,True,True,3,True,64,True,30,1,1024,8,10,32,1,4,0.5315526,20,False,0.01459457818643623,True,0.5405982470585338
196,16,64,False,8,1024,32,64,1,1,0.7577348669027066,8,32,RS,False,False,22,False,32,False,1,13,2048,16,10,256,32,8,0.7586635,2,True,0.0014982906426992157,True,0.7595921330972935
197,16,1024,False,8,1,128,1,256,2,0.6149072438104227,1,512,RS,False,True,1,False,1,False,19,1,256,2,10,8,2,16,0.6274174,9,True,0.020184344077527012,True,0.6399275561895773
198,4,256,False,16,32,8,32,8,15,0.6363230818787146,1,64,RS,True,True,6,False,4,True,1,2,32,32,10,1024,8,8,0.6434369,1,False,0.011477694641782395,True,0.6505507181212854
199,8,32,False,2,1,4,64,4,18,inf,8,2,RS,False,False,6,False,32,False,1,4,1,4,1,1024,2,16,inf,1,True,inf,False,inf
200,4,64,False,32,8,16,2,1024,3,0.7074106710763223,4,32,RS,True,False,23,True,128,False,22,1,2048,1,10,512,16,32,0.7105721,1,True,0.005100765186714634,True,0.7137335289236778
201,4,2048,False,32,1024,128,1024,128,9,0.8862246710303178,16,2,RS,True,True,1,True,256,True,6,1,2048,16,10,1024,2,8,0.8887739,5,False,0.00411301936416543,True,0.8913231289696822
202,2,2048,False,1,4,8,1,8,1,1.0723710058330143,64,256,RS,False,True,1,True,512,True,1,8,8,16,10,64,4,4,1.074155,2,False,0.002878361513083417,True,1.0759389941669857
203,1,1024,False,8,2,2,128,8,1,1.5465813229956558,128,8,RS,False,False,18,False,1,False,1,5,16,8,10,1,1,2,1.556791,3,True,0.016472666724000714,True,1.5670006770043443
204,32,16,False,16,4,1024,8,1,3,0.9180098572387732,16,1,RS,True,True,1,False,32,True,20,1,512,16,10,8,4,4,0.928875,17,False,0.017530219177180877,True,0.9397401427612269
205,2,1024,False,4,16,128,16,1,1,0.7900784342603635,16,128,RS,False,True,16,True,256,False,1,12,1,1,10,32,8,2,0.790211,1,False,0.00021388641845615844,True,0.7903435657396365
206,16,1024,False,32,256,8,1,256,6,0.8077617470952568,8,4,RS,False,False,10,False,512,False,1,28,256,32,10,64,4,1,0.8184669,1,True,0.017272085684421564,True,0.8291720529047432
207,2,2048,False,8,256,4,1,4,2,0.4733983740531827,2048,2048,RS,False,False,1,True,1,True,1,2,1,4,10,4,2,8,0.489459,20,True,0.02591280199052198,True,0.5055196259468172
208,4,1024,False,16,4,2,1,64,3,1.212216381027654,128,1024,RS,True,True,13,True,1024,True,1,17,8,1,10,1,2,4,1.214794,1,False,0.004158824834012615,True,1.2173716189723458
209,16,1,False,16,2,4,16,16,4,1.5621670245866268,16,32,RS,True,True,10,False,16,True,20,1,1,8,10,512,32,2,1.569763,1,True,0.012255624871870074,True,1.5773589754133732
210,8,256,False,4,1,4,64,256,2,0.44016686749855616,4,16,RS,False,True,1,True,32,False,20,1,128,8,10,64,8,32,0.4529509,15,True,0.020626226147553023,True,0.4657349325014438
211,32,64,False,8,32,1,64,2048,4,0.405947182562664,16,32,RS,False,False,2,True,32,True,1,25,64,8,10,512,1,16,0.41590990000000005,1,True,0.01607421311573291,True,0.4258726174373361
212,1,1024,False,1,1024,32,8,64,16,0.7806414304794806,128,16,RS,True,False,1,False,128,False,1,2,1,32,10,1,2,2,0.7902526,1,True,0.0155070128341986,True,0.7998637695205193
213,1,8,False,2,2048,4,1,16,28,0.2722416739871802,64,2,RS,True,True,2,True,128,True,1,20,2048,32,10,128,4,2,0.2781628,1,True,0.009553361521475054,True,0.2840839260128198
214,32,1,False,16,1,8,1024,64,19,0.9056902356302481,2,8,RS,True,True,1,True,256,True,1,9,8,1,10,1024,2,2,0.9077026,5,False,0.0032468223604010045,True,0.909714964369752
215,8,1,False,8,128,256,64,256,11,0.7958383824219883,32,1,RS,True,True,1,True,1,True,8,1,1024,32,10,256,1,16,0.8046973,2,False,0.014293302005135152,True,0.8135562175780116
216,2,64,False,8,1,1024,2,1,30,1.0214960892466078,256,8,RS,False,True,1,True,2048,True,17,1,32,16,10,32,32,32,1.0243120000000001,2,False,0.004543293519023351,True,1.0271279107533924
217,8,512,False,2,16,1,8,32,1,1.2261863351148412,2048,64,RS,True,False,24,False,1,True,1,3,1,16,10,1024,1,16,1.2278740000000004,2,False,0.0027229403225190094,True,1.2295616648851595
218,1,1,False,32,2,2,1,128,7,1.2100159533587258,4,512,RS,False,True,15,True,1,True,4,1,1,2,10,512,8,32,1.221672,1,False,0.018806292457579157,True,1.2333280466412744
219,4,2048,False,8,8,2,4,1,1,1.4377611466900289,512,2,RS,False,False,29,False,1,True,1,15,8,32,10,512,16,2,1.440833,1,True,0.004956240611592623,True,1.4439048533099712
220,4,4,False,32,64,4,16,512,1,0.6824145333511624,1,1,RS,False,False,2,False,8,False,1,29,256,32,10,1,1,1,0.6931246,11,True,0.017280013699068633,True,0.7038346666488375
221,1,32,False,16,32,32,1,128,1,0.561504857070428,2,1,RS,True,False,3,True,64,True,1,22,128,4,10,1024,16,8,0.5733500000000001,15,True,0.01911138733321053,True,0.5851951429295723
222,2,8,False,2,8,1024,1,1,1,0.8224187388976651,1,1,RS,False,True,29,True,2048,False,4,1,128,16,10,32,1,1,0.8225920999999999,1,False,0.00027970715042702866,True,0.8227654611023347
223,16,32,False,16,8,1,128,256,1,0.8784368854246289,2,8,RS,True,True,7,False,1024,False,1,20,256,2,10,128,1,1,0.8805483000000001,12,True,0.003406633589043583,True,0.8826597145753712
224,4,512,False,1,2,8,2,32,1,4.864998672363811,8,64,RS,False,True,2,True,128,True,1,11,1024,1,10,512,1,8,4.8683,15,True,0.005326482892115728,True,4.8716013276361885
225,8,2048,False,8,32,16,1,1,14,0.6105657787011509,1024,16,RS,True,False,1,False,1,False,1,30,2048,16,10,8,4,1,0.6201559,3,True,0.015473052862638309,True,0.629746021298849
226,1,1,False,32,2,64,1,1,2,1.2524569296675685,32,16,RS,False,False,22,True,2048,True,23,1,256,32,10,64,8,8,1.256923,1,False,0.00720572140732628,True,1.2613890703324315
227,32,4,False,16,32,256,8,2048,2,0.7709044182732716,8,2,RS,False,True,1,False,2048,False,27,1,256,4,10,8,32,2,0.7765432000000001,11,True,0.009097816911765155,True,0.7821819817267286
228,32,2048,False,2,32,16,128,1,1,1.4257827829370808,8,256,RS,True,True,26,False,128,False,21,1,32,16,10,128,32,8,1.425976,1,False,0.00031174348429440955,True,1.426169217062919
229,1,1,False,4,128,32,128,256,1,0.7373776366269794,2,128,RS,True,True,9,True,512,True,9,1,256,32,10,128,8,16,0.7434332,2,False,0.009770267681082228,True,0.7494887633730206
230,1,8,False,1,4,32,16,256,1,1.4982381349940999,2048,4,RS,False,False,12,True,1,True,1,16,32,4,10,2048,4,8,1.503224,4,True,0.008044377166692294,True,1.5082098650059
231,2,512,False,8,64,2,4,8,1,0.9856704573985158,2,512,RS,True,False,20,True,512,True,27,1,512,16,10,2048,16,8,0.9901898000000001,1,True,0.007291672836873619,True,0.9947091426014845
232,4,512,False,16,128,4,8,256,1,0.8540887891105892,32,64,RS,False,True,19,True,64,False,27,1,1024,1,10,8,2,2,0.8541985999999999,6,False,0.00017717290989313606,True,0.8543084108894107
233,4,1024,False,4,16,32,64,512,3,inf,2,32,RS,False,True,1,True,16,False,19,1,512,32,1,1024,32,2,inf,24,False,inf,False,inf
234,16,4,False,1,2,32,1,128,16,1.7572482014590092,8,4,RS,True,False,1,False,256,False,1,23,2,32,10,2048,4,16,1.757555,7,False,0.000494999999999997,True,1.7578617985409908
235,4,64,False,32,1,4,2048,1,4,0.8045196060605333,32,1,RS,False,True,1,True,256,False,18,1,128,1,10,1,4,8,0.8046251,5,False,0.0001702077847808329,True,0.8047305939394667
236,8,1024,False,4,128,8,4,128,1,1.2865315992841897,256,1,RS,False,False,12,False,1,False,1,17,128,1,10,2048,1,4,1.2929030000000001,1,True,0.010279851214876623,True,1.2992744007158106
237,2,64,False,4,32,4,8,32,4,1.010445894692569,16,4,RS,True,False,28,False,32,False,1,28,1024,2,10,32,8,16,1.0183959000000002,1,True,0.012826829666367267,True,1.0263459053074315
238,2,128,False,32,16,4,1,128,6,0.5231107972231961,2,2,RS,False,True,15,True,8,True,1,18,64,4,10,64,2,8,0.5296272000000001,1,False,0.010513802849587759,True,0.5361436027768041
239,8,64,False,8,2,32,8,32,5,0.9798062519444635,1,4,RS,False,False,4,False,256,False,1,4,2,1,10,256,4,4,0.9830256,1,True,0.005194214034866097,True,0.9862449480555366
240,32,8,False,4,32,1,8,16,1,1.13569887992802,128,8,RS,True,True,8,False,1024,False,1,18,512,16,10,1024,32,2,1.135846,1,False,0.00023736891119096958,True,1.1359931200719797
241,32,1,False,4,8,4,1,8,17,1.6712071296982491,16,32,RS,False,False,6,False,2048,False,1,1,8,32,10,2048,32,8,1.6781750000000002,1,True,0.011242217085610845,True,1.6851428703017513
242,4,1024,False,4,1,64,128,1,1,0.7386701980953331,128,4,RS,True,False,2,True,256,False,26,1,2048,8,10,1,1,1,0.7387794000000001,3,False,0.00017619035160869212,True,0.7388886019046671
243,1,64,False,32,2,32,1,256,1,2.7992981430506885,1024,8,RS,False,False,2,False,2048,False,25,1,32,16,10,1024,8,8,2.799721,17,False,0.0006822528856663518,True,2.8001438569493113
244,8,512,False,2,2,16,16,32,10,5.004771032596908,8,16,RS,False,False,1,True,2048,True,1,30,2048,8,10,1,1,16,5.010311,11,False,0.008938386263750141,True,5.015850967403091
245,16,1024,False,32,4,512,2,1,1,0.6961010294351949,2048,1,RS,False,True,16,False,2048,True,1,14,4,4,10,8,2,16,0.7060352,5,True,0.01602815454629758,True,0.715969370564805
246,32,512,False,16,1024,2,2,32,9,1.1859501015572138,256,1,RS,False,False,11,True,2048,True,1,9,2048,2,10,32,16,2,1.190719,1,False,0.007694315369154022,True,1.1954878984427864
247,32,4,False,1,2,4,32,4,8,2.3516000296298993,16,1,RS,False,False,1,True,16,True,7,1,512,16,10,32,4,4,2.3614479999999998,11,False,0.01588907599579027,True,2.3712959703701
248,8,256,False,16,2,8,1,1024,5,inf,4,128,RS,False,False,17,False,16,False,25,1,2,32,1,64,4,1,inf,1,False,inf,False,inf
249,16,256,False,8,128,512,32,1024,1,0.6692066758836778,128,64,RS,False,True,18,True,512,True,27,1,2048,2,10,2048,4,16,0.671273,3,False,0.003333882991348073,True,0.6733393241163222
250,1,128,False,1,2,32,512,1024,17,0.6696420007087239,1,64,RS,False,True,5,True,8,True,9,1,256,8,10,1,4,4,0.6763701,1,False,0.01085536175767533,True,0.683098199291276
251,32,1024,False,2,128,64,1,1,1,1.4027608916642949,16,16,RS,False,False,12,False,32,False,19,1,2048,8,10,512,2,2,1.402932,8,False,0.00027607245425797757,True,1.4031031083357053
252,16,32,False,4,4,128,16,256,25,0.7836452636884019,32,1,RS,False,False,3,False,1,True,1,21,256,1,10,16,1,16,0.7904561999999998,1,False,0.010989014039485072,True,0.7972671363115977
253,4,512,False,32,64,32,8,256,1,0.8736825011902324,256,16,RS,True,False,1,False,2048,False,2,1,128,2,10,256,32,1,0.874934,12,True,0.002019214005498193,True,0.8761854988097676
254,32,1,False,1,32,2,16,16,15,1.305184941104474,1,512,RS,False,False,7,False,1,True,26,1,128,32,10,2048,32,32,1.312402,1,False,0.011644267087283743,True,1.319619058895526
255,32,2048,False,32,512,8,32,512,12,1.0569075930011635,256,16,RS,True,True,9,False,256,True,13,1,512,8,10,128,32,32,1.0586719999999998,1,False,0.002846758858772545,True,1.0604364069988361
256,16,512,False,8,4,1,2,4,3,2.0804517950220105,16,64,RS,True,False,1,True,2048,False,1,8,8,32,10,2048,32,32,2.081858,3,False,0.0022688226021441936,True,2.0832642049779895
257,1,256,False,8,16,1,512,2,1,4.067244939610749,32,2,RS,False,False,3,False,1024,True,1,4,1024,2,10,1024,32,32,4.06881,27,False,0.00252512573944348,True,4.070375060389251
258,1,1024,False,32,1,64,2,256,10,0.8553909066961641,8,2,RS,False,False,9,False,512,False,18,1,32,8,10,128,32,1,0.8583731,1,True,0.004811579874635782,True,0.8613552933038359
259,32,2048,False,4,32,2,128,4,2,1.3020560009179174,8,256,RS,True,True,4,True,512,True,1,2,2048,32,10,2048,8,16,1.3061479999999999,1,True,0.006602181154739696,True,1.3102399990820823
260,16,128,False,16,2,8,4,256,4,0.7140356801103187,4,1,RS,True,True,16,True,1,True,1,17,2,8,10,2048,1,1,0.7186193999999999,1,False,0.007395541510937524,True,0.7232031198896811
261,2,8,False,2,2048,1,64,16,1,1.0002516218257038,256,4,RS,True,True,21,False,2048,False,1,12,2048,2,10,1,1,2,1.0106061999999998,4,True,0.016706455577410805,True,1.0209607781742958
262,4,16,False,32,8,8,1,2048,4,1.059801465370455,1,16,RS,True,True,1,True,2,True,1,18,1024,2,10,1024,1,1,1.069516,3,True,0.015673785885994516,True,1.0792305346295448
263,8,256,False,1,2,1,1,512,15,1.2848123171279058,1024,2,RS,True,True,1,True,1,True,4,1,2,1,10,1024,8,8,1.28729,5,True,0.003997584270531394,True,1.2897676828720943
264,8,1,False,1,64,8,8,8,21,1.1860837926601207,512,4,RS,True,True,2,False,1024,True,1,11,64,2,10,512,2,8,1.187837,1,True,0.002828688918916332,True,1.1895902073398794
265,8,2048,False,32,64,2,1024,8,2,inf,8,32,RS,True,True,1,True,512,False,30,1,1,2,1,1024,8,8,inf,12,False,inf,False,inf
266,32,128,False,2,128,1,4,1024,12,1.311782965882416,128,2,RS,True,False,1,True,256,False,12,1,128,2,10,128,2,32,1.312043,3,False,0.0004195485669144805,True,1.312303034117584
267,8,512,False,1,2,512,128,1024,1,4.543430271529475,2,2,RS,False,False,27,True,16,True,5,1,128,16,10,1024,2,16,4.558196,4,True,0.0238235669873341,True,4.572961728470524
268,4,16,False,8,2,1,1,256,2,0.6390704008200218,16,8,RS,False,True,10,False,1024,True,5,1,256,32,10,16,4,1,0.6438699000000001,1,True,0.007743687719039305,True,0.6486693991799785
269,2,1,False,1,8,16,4,32,14,0.7330897428555475,2,1,RS,True,False,4,True,1024,True,14,1,2048,16,10,256,1,8,0.7358848,1,True,0.004509647542768724,True,0.7386798571444525
270,4,512,False,16,16,2,256,2048,1,0.8973484873424982,16,64,RS,True,False,30,True,2048,True,1,3,256,4,10,512,16,32,0.9006290000000001,3,True,0.005292899243325922,True,0.9039095126575021
271,2,1,False,1,8,2,4,512,29,1.0024509408557618,4,2,RS,True,True,4,False,512,False,1,20,8,2,10,64,4,2,1.0143068,1,True,0.01912867726634543,True,1.026162659144238
272,8,1,False,1,8,16,8,256,5,inf,64,8,RS,True,True,23,False,2048,False,23,1,16,2,1,256,32,32,inf,1,False,inf,False,inf
273,32,4,False,8,32,1,256,8,14,1.0055078213507602,1,2,RS,False,False,1,True,8,False,1,30,32,16,10,2048,8,8,1.005616,3,False,0.00017453939383418724,True,1.00572417864924
274,2,16,False,2,32,8,16,256,2,1.6852705692329224,32,8,RS,False,False,1,True,128,True,26,1,64,32,10,1024,16,4,1.6936779999999998,29,True,0.013564856652394054,True,1.7020854307670772
275,8,1024,False,32,4,4,128,64,19,0.5520493281860802,16,16,RS,True,False,1,True,32,False,1,8,256,8,10,1,16,32,0.5543899,1,True,0.0037763642687113964,True,0.5567304718139198
276,32,1,False,16,32,512,256,1024,2,0.902356859270176,2048,1024,RS,True,True,22,False,1,False,12,1,1,2,10,1,8,16,0.9045399,1,True,0.0035221978493548546,True,0.906722940729824
277,1,16,False,1,8,8,128,2048,19,1.129205777149386,16,8,RS,True,True,5,False,2048,True,8,1,256,16,10,512,1,4,1.131455,1,False,0.003628978506411946,True,1.1337042228506142
278,32,16,False,2,2,16,8,1024,20,0.8688221119231143,64,4,RS,True,True,6,False,128,True,27,1,64,8,10,128,8,2,0.8816425999999999,1,False,0.020685044907855544,True,0.8944630880768856
279,16,1,False,2,64,4,32,8,10,1.0758969878341016,8,256,RS,False,False,7,True,256,False,1,2,64,16,10,1,8,16,1.076047,1,False,0.00024203512141837618,True,1.0761970121658984
280,8,8,False,8,4,512,128,512,1,0.7948849217462348,1,2,RS,True,False,2,True,1024,True,1,1,8,1,10,1,4,16,0.803472,10,True,0.013854706485523258,True,0.8120590782537651
281,16,1,False,16,2,512,64,512,1,0.8428526885193353,8,4,RS,False,False,1,True,8,True,17,1,256,2,10,1,4,16,0.8657256,22,True,0.03690399291458852,True,0.8885985114806647
282,16,1,False,1,256,8,4,256,1,0.7420157278945427,256,128,RS,True,False,2,False,512,False,30,1,256,4,10,16,8,32,0.7519427000000001,19,True,0.016016540288401847,True,0.7618696721054574
283,16,64,False,1,4,128,2,512,1,1.5966492041270977,64,16,RS,False,True,7,False,1,True,18,1,512,1,10,128,8,8,1.6036190000000001,9,False,0.011245323872614808,True,1.6105887958729026
284,2,8,False,32,16,4,8,1,7,0.5503344889678206,2,8,RS,True,False,1,True,512,True,10,1,128,16,10,64,32,16,0.5710073,10,True,0.033354270290474046,True,0.5916801110321794
285,2,16,False,8,64,4,256,64,2,0.8154688854349663,16,4,RS,False,True,19,False,16,True,12,1,512,1,10,256,8,16,0.8234288,1,False,0.01284281762542784,True,0.8313887145650336
286,16,256,False,4,2,16,2,1,6,1.4098549259545488,4,32,RS,True,False,1,False,2048,True,13,1,64,2,10,1024,8,4,1.413527,17,False,0.005924658724348607,True,1.4171990740454512
287,16,2,False,8,8,32,1024,512,17,1.7308234296904452,128,2,RS,False,True,3,True,2048,False,1,26,1,8,10,1024,2,32,1.7378440000000002,1,True,0.011327245207904717,True,1.744864570309555
288,4,2048,False,2,4,64,8,1,1,0.9908417473036794,128,16,RS,True,True,1,True,1024,True,6,1,128,1,10,2048,32,8,0.9930345999999999,23,False,0.0035380288353827442,True,0.9952274526963204
289,8,256,False,32,64,4,2048,1024,28,inf,16,64,RS,False,True,4,False,2048,False,30,1,256,4,1,1,2,8,inf,1,True,inf,False,inf
290,2,1,False,2,1,2,256,4,2,0.3935319645556771,128,32,RS,True,False,1,True,128,True,1,30,128,32,10,256,16,1,0.40599379999999996,1,True,0.02010638161778493,True,0.4184556354443228
291,1,64,False,4,2,4,32,128,2,1.7815081392091994,4,1,RS,False,True,23,True,128,False,1,6,256,2,10,2048,1,16,1.7822970000000002,1,False,0.0012727768853966885,True,1.7830858607908011
292,8,32,False,16,64,16,2,512,3,0.7993842038479283,4,8,RS,False,False,1,False,512,True,1,24,2048,4,10,256,32,16,0.8047609,7,True,0.008674958448891846,True,0.8101375961520717
293,2,1024,False,16,256,512,256,1024,1,1.2838498369893079,64,1024,RS,True,True,3,False,512,True,1,20,1024,1,10,1024,1,8,1.287445,22,True,0.005800567644636181,True,1.291040163010692
294,1,256,False,4,32,1,2,8,1,1.4881299377436465,256,2,RS,False,False,3,False,256,False,1,23,32,4,10,8,4,8,1.488335,23,False,0.0003308549531139164,True,1.4885400622563534
295,32,2048,False,8,4,16,4,1024,1,0.8182216523445558,256,256,RS,True,False,1,False,1,False,25,1,256,1,10,128,8,8,0.8234407000000001,26,True,0.00842060259185766,True,0.8286597476554445
296,4,128,False,8,4,1,512,2,7,1.670627574206124,16,16,RS,False,True,1,False,64,False,29,1,4,2,10,1,32,2,1.6730709999999998,4,True,0.0039423126461507595,True,1.6755144257938754
297,4,64,False,4,8,16,256,1024,1,1.1427894266458005,8,2,RS,True,True,9,True,16,False,1,28,128,8,10,2048,16,4,1.14287,13,False,0.00013000000000000446,True,1.1429505733541996
298,8,256,False,2,4,8,64,16,6,1.021032626981135,128,32,RS,False,True,1,False,256,True,1,16,64,8,10,256,8,1,1.022248,3,False,0.0019609273316469607,True,1.0234633730188651
299,8,2048,False,8,512,8,2,2048,24,0.5285219927332615,32,2048,RS,False,True,1,False,2048,False,7,1,1024,1,10,64,32,8,0.5441917999999999,5,True,0.02528224082157276,True,0.5598616072667383
300,32,64,False,1,32,1,4,256,1,0.7448238518463971,512,4,RS,False,True,10,True,1024,False,26,1,512,8,10,16,2,8,0.7583089,7,True,0.02175727046966139,True,0.7717939481536028
301,1,1,True,1,1,1,1,1,1,1.4205937923230467,1,1,RS,False,False,1,False,1,False,1,1,1,1,10,1,1,1,1.4208399999999997,1,False,0.00039724048132085246,True,1.4210862076769526
