id,T5_I,T1_Ja,technique,RT1_J,RT7_I,VEC10,RT7_J,T5_J,cost_std,VEC9,T3_J,T3_I,RT1_I,VEC6,mean_confidence_interval_inf,T1_I,T1_J,T5_Ia,T3_Ja,VEC7,VEC4,VEC5,T7_J,VEC3,T7_I,VEC2,T7_Ia,VEC8,U10_I,U6_I,T1_Ia,VEC1,U5_J,U5_I,U1_J,U1_I,U8_I,U7_I,U7_J,baseline,runs,mean_confidence_interval_sup,U2_I,cost_mean,U9_I,RT3_I,RT3_J,correct_result,T7_Ja,T5_Ja,U4_I,T3_Ia,SCR,U3_I,RT5_J,RT5_I,U3_J
1,2048,16,DLMT,4,4,True,8,4,0.0034537950141835735,True,32,512,16,False,2.397959355007611,256,1,2048,1,False,True,False,16,False,2,False,256,False,16,16,256,True,4,1,16,1,1,12,1,False,10,2.402240644992389,4,2.4001,8,2,1,True,256,16,12,2048,True,12,1,32,1
2,32,2048,DLMT,32,1,True,4,32,0.00024004999479276787,False,64,2,4,False,2.961805218205723,16,8,1,128,True,True,False,4,True,128,True,128,True,16,8,1024,True,1,8,1,16,4,4,1,False,10,2.962102781794277,4,2.961954,16,2,32,True,16,512,12,128,False,8,4,8,1
3,4,512,DLMT,4,1,True,1,2,0.002950733637589166,False,16,8,1,False,3.212112149949768,8,1,64,16,True,False,True,64,True,1,True,256,True,4,12,64,False,8,1,1,4,4,1,1,False,10,3.2157698500502314,16,3.2139409999999997,16,8,4,True,512,2048,16,1,False,4,2,32,1
4,256,1,DLMT,2,2,False,4,8,0.0002639772717489197,True,2,4,8,False,2.225980388198329,1,16,512,4,False,False,True,8,True,1,False,1,True,4,12,512,False,16,1,1,8,1,1,12,False,10,2.2263076118016714,4,2.226144,1,4,8,True,16,256,12,8,True,16,16,2,1
5,8,1024,DLMT,32,1,False,4,16,0.00017961069010502786,True,1,1,2,True,2.659518678186524,2,128,128,16,True,False,False,1,True,1,False,1024,False,8,1,2048,True,1,12,1,4,1,1,4,False,10,2.659741321813476,16,2.65963,8,1,32,True,2048,16,1,256,False,1,32,1,16
6,64,2,DLMT,1,32,True,1,4,0.00015559241626762356,False,4,4,8,False,2.8287345645933333,1,1,256,512,False,True,False,4,True,16,True,16,True,4,16,1,False,1,1,16,1,4,1,1,False,10,2.828927435406667,16,2.828831,8,1,1,True,1,8,1,1,True,12,4,2,1
7,32,8,DLMT,16,4,True,16,2,0.0001415944914183406,True,1,4,2,False,4.326233240437618,2048,4,64,256,True,True,False,8,True,16,False,16,False,12,4,2048,False,1,16,12,1,12,1,16,False,10,4.326408759562383,1,4.326321,12,1,1,True,2048,128,8,4,False,1,16,4,1
8,1,1024,DLMT,8,2,True,16,16,0.0012626959253913687,False,64,16,16,True,2.730300387338131,8,2,128,128,False,True,False,1,False,4,True,512,False,4,4,128,False,8,1,16,1,12,16,1,False,10,2.731865612661869,1,2.731083,12,1,8,True,4,64,16,128,True,8,4,4,1
9,512,8,DLMT,32,32,True,4,64,0.0004667386849190309,True,32,1,2,False,2.7109557176817027,4,1,1024,2048,True,False,False,64,False,2,True,64,True,1,8,1024,False,16,1,4,1,16,1,4,False,10,2.711534282318297,1,2.711245,1,16,8,True,2048,512,12,4,False,12,1,1,1
10,16,128,DLMT,1,16,True,2,256,0.00011367057666788615,False,2,1,4,True,3.673946547541262,512,16,128,1,True,False,True,256,False,1,False,128,False,8,16,2048,True,12,1,1,4,12,1,12,False,10,3.674087452458738,4,3.674017,12,8,8,True,256,512,1,32,False,16,2,2,1
11,32,2,DLMT,8,16,True,1,32,0.00010910545357592352,True,1,2,4,True,2.4632183769818763,16,2,128,32,True,True,False,512,True,64,False,64,True,12,12,1,True,1,12,1,1,16,8,1,False,10,2.463353623018124,12,2.463286,1,8,4,True,1,512,8,1,True,1,4,32,8
12,512,2048,DLMT,2,2,False,1,8,0.00020114919835779608,True,1,1,32,False,3.9462283287261055,32,32,1024,4,True,True,True,128,True,2,False,128,False,12,16,256,True,1,1,1,1,8,8,1,False,10,3.946477671273894,8,3.9463529999999998,16,1,32,True,256,1,12,4,False,1,4,4,1
13,8,512,DLMT,2,2,False,32,1,0.0006867466781863481,False,32,4,8,True,1.6358313578204084,32,4,512,32,False,False,False,16,False,2048,True,1,False,1,4,1,True,1,8,8,1,16,8,1,False,10,1.6366826421795917,8,1.636257,12,1,32,True,32,4,8,1,True,4,32,1,1
14,8,256,DLMT,8,1,True,8,64,0.0001553576518874992,True,256,32,8,False,2.1255817100991297,16,8,2048,512,False,False,False,256,False,512,True,1,False,16,12,1024,False,4,1,1,16,8,1,4,False,10,2.1257742899008707,8,2.125678,12,4,1,True,512,64,8,128,True,1,2,16,4
15,4,2048,DLMT,32,8,False,4,4,0.00011739250401959841,False,128,1,2,True,1.841300240709179,4,1,128,1024,True,False,False,32,False,32,False,64,False,1,16,16,True,1,16,4,1,1,12,1,False,10,1.8414457592908213,4,1.8413730000000001,8,16,8,True,32,2048,4,2,True,1,32,4,12
16,2,128,DLMT,16,1,True,16,2,0.00031287217837325015,False,32,4,2,False,4.137245083378097,2,32,256,2048,True,False,False,8,True,16,True,128,True,4,1,2,False,1,1,8,1,1,12,1,False,10,4.137632916621902,8,4.137439,12,1,1,True,512,128,1,4,False,1,1,1,16
17,64,512,DLMT,8,1,True,16,1,0.0024132210839456964,False,2,1,16,False,3.3359362975603175,2,512,128,16,False,True,False,256,False,1,False,2,False,12,4,2048,False,1,16,1,16,1,12,1,False,10,3.338927702439682,12,3.3374319999999997,12,32,4,True,1,2048,8,256,False,8,2,2,1
18,8,64,DLMT,1,1,True,8,2048,0.001811711897626116,False,128,1,2,True,2.4201471099658844,16,2,256,1024,False,True,False,16,True,32,True,512,False,16,12,1024,False,12,1,1,1,16,1,12,False,10,2.422392890034116,4,2.4212700000000003,12,8,2,True,2048,1,12,4,True,8,16,4,1
19,1,1,DLMT,4,32,True,1,8,0.0002045507272047832,True,1024,16,16,True,2.4882302204754243,512,2048,2048,1024,False,False,False,512,False,2,False,16,False,1,8,1024,False,16,1,1,16,1,1,1,False,10,2.488483779524576,16,2.488357,1,32,4,True,2048,32,12,512,True,1,16,1,4
20,2048,128,DLMT,2,4,False,32,4,0.0018482924552137335,False,1,2048,2,True,1.8549194375180125,2048,16,1,32,True,True,False,4,True,16,False,16,True,1,16,1,True,16,1,8,1,1,4,1,False,10,1.8572105624819872,4,1.8560649999999999,16,2,1,True,32,16,8,1,True,1,32,4,12
21,2,1,DLMT,32,2,True,1,1,0.00014749915253992404,False,2048,64,2,True,1.8241065807579864,1,64,16,2048,True,False,True,8,True,4,False,1,False,12,12,16,False,8,1,1,16,12,1,1,False,10,1.8242894192420132,4,1.8241979999999998,12,32,2,True,8,64,16,512,True,1,1,32,12
22,2,8,DLMT,1,16,True,1,64,0.00020012246250740654,True,128,128,32,False,5.470266965091885,1,1,2048,1,False,True,True,2,True,16,True,1,False,1,8,8,True,4,1,16,1,16,1,8,False,10,5.470515034908115,4,5.470391,1,32,1,True,1024,256,16,1024,False,8,4,16,1
23,512,64,DLMT,16,1,False,2,128,0.001011662493127042,False,4,1,1,True,3.079275976612391,1,32,1,2048,True,True,False,2,True,1024,False,1024,True,16,4,1,True,1,8,4,1,4,1,16,False,10,3.0805300233876087,8,3.079903,1,16,8,True,1024,1,4,2048,True,1,8,1,16
24,2,32,DLMT,32,8,False,16,1,8.637708029329628e-05,True,2,32,2,True,3.5366494639147295,2,8,8,16,False,True,False,1,True,2048,True,2048,True,4,12,1024,False,1,4,16,1,16,1,12,False,10,3.536756536085271,12,3.536703,12,4,32,True,64,2048,12,2048,False,1,8,1,8
25,8,4,DLMT,1,2,True,4,1024,9.293008124392683e-05,True,256,16,4,False,3.4715904023972928,256,2,32,1,True,True,True,2048,True,64,True,512,False,4,8,2048,True,16,1,8,1,4,8,1,False,10,3.4717055976027065,16,3.4716479999999996,12,16,4,True,2048,1024,4,512,False,1,2,1,16
26,1,32,DLMT,1,4,False,32,4,0.00014309437445265513,False,16,2,16,True,2.5733933108175635,512,16,4,32,False,True,False,2,True,1,True,256,False,8,16,1024,False,8,1,1,4,12,1,1,False,10,2.573570689182436,8,2.573482,16,16,2,True,1024,64,8,2,True,1,2,8,1
27,1,4,DLMT,8,2,True,1,2,0.0008528663435732664,False,16,8,8,True,3.0286743976770336,64,2,2048,16,True,False,False,16,False,256,False,256,True,16,1,2048,False,16,1,4,1,8,12,1,False,10,3.029731602322966,4,3.029203,1,2,2,True,1024,8,1,32,True,1,16,2,4
28,2,128,DLMT,8,8,True,1,4,0.00018764061394051896,False,4,2048,2,True,5.18639270127962,4,8,128,256,True,True,True,4,True,32,False,128,False,1,1,1024,True,16,1,16,1,1,1,1,False,10,5.1866252987203785,1,5.186508999999999,8,16,2,True,512,64,4,2048,False,1,8,8,4
29,32,128,DLMT,1,1,True,8,64,0.0002638654960391813,False,4,256,16,True,1.8778714574763582,2,1,32,128,True,False,False,256,False,128,False,1,True,8,4,2048,True,8,1,8,1,16,12,1,False,10,1.8781985425236416,8,1.878035,1,8,4,True,256,64,16,1024,True,1,2,2,4
30,8,512,DLMT,4,4,True,4,256,0.00018752066552784162,True,2048,2048,8,True,1.5239677756230512,1024,4,8,2048,False,False,False,1,True,256,False,256,True,16,1,1024,True,1,4,1,4,8,4,1,False,10,1.5242002243769484,4,1.5240839999999998,16,4,32,True,128,512,8,2048,True,4,1,1,1
31,512,2048,DLMT,8,1,True,16,8,0.0001323215779833149,True,4,128,1,False,2.223846987743299,8,2048,1,1024,True,False,False,1,True,1,True,4,True,16,16,2048,True,1,16,16,1,1,4,1,False,10,2.224011012256701,1,2.223929,12,2,8,True,32,64,8,256,True,12,32,1,1
32,128,64,DLMT,1,4,True,1,2,0.0016715923546127918,True,64,8,4,False,3.515566955362573,256,1,512,128,True,False,True,4,True,2,False,2048,False,8,4,2048,True,1,12,16,1,12,4,1,False,10,3.517639044637427,8,3.516603,16,4,2,True,256,2,8,8,False,8,4,32,1
33,2,2048,DLMT,1,8,True,1,1024,9.627564593393118e-05,False,64,1,32,True,3.715131328832918,256,1024,16,1024,True,False,False,1024,False,1,False,4,False,16,16,2048,False,1,12,4,1,4,1,16,False,10,3.7152506711670816,4,3.715191,16,16,2,True,1,1024,16,32,False,1,2,16,4
34,2,128,DLMT,4,4,True,32,256,0.00045023216233403717,True,2,32,1,False,1.9640799483424016,8,2,2048,512,True,True,True,16,True,1,False,256,True,4,16,256,False,8,1,1,4,1,12,1,False,10,1.9646380516575983,8,1.964359,16,1,16,True,32,2048,12,1024,True,12,1,4,1
35,512,32,DLMT,4,4,True,32,4,0.0013928747251637688,False,8,16,4,True,1.874756703164721,8,4,2048,16,True,False,True,1,False,1,False,512,True,12,8,128,False,8,1,8,1,1,16,1,False,10,1.8764832968352791,4,1.87562,8,16,1,True,8,256,12,256,True,16,4,2,1
36,2,256,DLMT,1,32,False,2,1,0.0004476036192883131,False,8,1,8,False,1.9171015775003235,2048,256,1,1024,True,True,True,256,True,1,False,16,False,8,4,1,True,1,4,4,1,16,1,4,False,10,1.9176564224996764,4,1.917379,12,1,4,True,512,2048,1,512,True,16,32,4,1
37,128,2048,DLMT,1,4,True,8,8,0.0005050594024469021,False,1,2,32,False,2.675291966691345,8,16,1,16,False,True,True,512,False,2048,True,2048,True,4,1,1,True,1,8,1,16,1,1,4,False,10,2.675918033308655,8,2.675605,16,16,4,True,512,512,8,16,False,12,1,2,1
38,1,256,DLMT,4,2,False,1,16,0.0001424815777565316,True,16,2,8,False,3.513578690625912,32,128,4,128,False,False,True,8,True,16,True,16,False,12,8,1,False,1,16,1,4,4,1,12,False,10,3.5137553093740888,8,3.5136670000000003,4,1,2,True,8,32,16,128,False,1,2,8,1
39,256,512,DLMT,4,2,False,2,32,0.0016000612488276814,False,2,4,2,True,3.593680289986594,4,8,256,2048,False,True,True,8,True,16,False,2048,True,1,12,1024,True,1,12,4,1,4,16,1,False,10,3.5956637100134063,4,3.594672,16,8,8,True,2048,32,1,1,False,4,2,2,1
40,512,1,DLMT,8,2,True,16,16,0.00041216986789434807,False,16,1,2,True,2.571878539163414,4,32,2048,32,True,False,True,256,False,64,True,512,True,16,12,4,False,1,4,1,12,4,8,1,False,10,2.5723894608365865,8,2.572134,1,1,8,True,256,128,8,256,False,1,8,4,16
41,512,512,DLMT,1,32,True,1,32,0.0028742679067893864,True,32,64,8,False,4.56985654302986,2,4,1,128,True,True,True,8,True,256,True,512,False,4,16,64,False,8,1,1,4,16,4,1,False,10,4.57341945697014,16,4.571638,8,32,4,True,1,64,8,256,False,1,16,2,4
42,1,1,DLMT,1,1,True,1,16,0.0007397540131692423,True,1,1,4,True,2.38424950413751,32,256,1024,16,True,True,False,128,False,2,True,256,True,8,16,32,False,1,8,1,4,16,1,1,False,10,2.3851664958624896,1,2.384708,1,2,32,True,2048,16,8,256,True,1,1,32,16
43,16,8,DLMT,16,2,True,32,512,0.0017864814580623462,False,2,2,2,True,5.571754747666988,128,4,1,2048,False,True,False,2,False,1,True,2,False,12,12,128,False,16,1,12,1,12,8,1,False,10,5.573969252333011,1,5.572862,1,8,4,True,64,2048,4,16,False,1,1,32,8
44,1,64,DLMT,16,2,False,2,2,0.0006228201987732132,True,1024,512,1,False,3.2041989791347816,16,2,1,1,True,False,True,1,True,4,False,1,False,8,16,256,True,8,1,8,1,8,1,12,False,10,3.204971020865219,8,3.2045850000000002,1,4,1,True,32,1024,12,512,True,12,1,16,1
45,1,128,DLMT,1,16,False,1,2,0.00010716342659692404,False,8,16,4,True,1.6491795806405507,128,64,1024,1024,False,True,True,16,True,4,True,2048,True,16,12,512,False,4,1,1,8,12,4,1,False,10,1.6493124193594497,16,1.6492460000000002,8,4,8,True,256,1,12,512,True,4,2,8,1
46,1,2048,DLMT,2,2,True,32,1024,0.0009132710441047323,True,2,16,16,False,3.415097959143716,2048,2048,2048,256,True,False,False,1,False,4,False,512,False,16,8,1,True,16,1,1,8,1,1,16,False,10,3.4162300408562833,8,3.4156639999999996,1,16,4,True,2048,1024,4,32,False,1,16,8,4
47,1,4,DLMT,1,2,False,2,4,0.0005556041756502732,False,128,1024,8,False,1.922657639292004,1,1,2048,1024,True,False,False,2048,True,8,True,1024,True,4,1,1024,True,1,4,1,16,8,1,4,False,10,1.9233463607079957,12,1.9230019999999999,16,1,4,True,1,4,16,2048,True,1,16,8,1
48,64,16,DLMT,16,32,True,2,64,0.0005862124188380454,False,2,1,2,False,3.455981668454929,16,2,1024,1,False,False,True,2,True,32,False,1024,False,8,1,1024,False,16,1,4,1,4,16,1,False,10,3.4567083315450713,4,3.4563450000000002,4,4,8,True,2048,2048,16,2048,True,1,8,16,12
49,4,64,DLMT,32,8,False,8,64,0.001487118018181493,False,1,16,1,True,2.9963382916398804,8,64,512,1024,True,False,True,32,True,2,True,2,False,16,1,256,True,1,8,1,1,8,1,4,False,10,2.998181708360119,4,2.99726,8,16,2,True,1024,1024,4,1024,False,1,2,1,8
50,1,256,DLMT,4,8,False,8,128,0.0009864527358165887,False,1,2048,16,False,1.8140996014947375,1024,1,1,16,False,True,False,16,True,512,False,512,False,4,4,2048,False,1,16,1,16,4,1,12,False,10,1.815322398505262,12,1.8147109999999997,8,4,16,True,64,256,8,1,True,8,32,4,1
51,1,32,DLMT,16,2,True,32,32,0.00017563883397471195,True,2,512,4,True,3.956650139923222,64,4,16,64,True,True,False,4,False,4,False,8,True,16,1,2048,False,1,8,1,1,12,4,1,False,10,3.956867860076777,8,3.9567589999999995,16,32,2,True,8,128,1,512,False,16,2,4,1
52,512,16,DLMT,32,2,True,2,256,0.0030622449281531914,True,256,64,2,False,2.063478035805831,8,8,512,1,True,True,True,128,True,16,True,64,True,16,1,256,False,4,1,4,1,16,1,8,False,10,2.067273964194169,1,2.065376,16,32,1,True,128,1,4,1,True,1,32,1,16
53,1,32,DLMT,8,32,False,1,256,0.00018364095403816428,False,64,32,4,False,4.66627218024896,8,32,2048,1,True,True,True,8,True,128,True,128,True,4,4,512,True,1,4,1,4,1,1,8,False,10,4.66649981975104,8,4.666386,16,16,2,True,2048,1,16,128,False,8,8,2,1
54,2048,1,DLMT,1,8,False,16,1,0.0008134273169742412,True,4,64,8,True,2.067019841789798,16,512,2048,2048,False,True,True,512,True,512,True,1,False,8,12,64,False,1,12,1,16,16,1,16,False,10,2.0680281582102014,16,2.0675239999999997,1,4,2,True,1,128,1,2048,True,12,8,8,1
55,32,512,DLMT,2,4,False,16,8,8.149233092747521e-05,False,128,512,4,True,4.3655324914581195,1,16,1,128,True,True,True,8,True,1,False,64,True,1,16,64,True,16,1,1,4,16,4,1,False,10,4.365633508541879,4,4.365582999999999,1,8,1,True,512,64,16,2048,False,12,1,32,1
56,2048,16,DLMT,2,16,False,4,256,0.00048815980989836777,False,16,256,4,False,1.799927440974854,8,8,1,2048,True,False,False,128,False,16,False,512,True,1,12,512,False,1,16,1,8,12,1,12,False,10,1.8005325590251455,16,1.8002299999999998,16,8,2,True,2048,2048,16,2048,True,1,2,32,12
57,256,8,DLMT,2,32,False,4,1,0.0004976544986233021,True,512,32,32,True,6.419941556213949,1024,2,256,1,False,True,False,1,True,1,True,8,False,1,16,2048,False,16,1,1,16,12,1,16,False,10,6.420558443786051,8,6.42025,8,32,1,True,2,32,12,1,False,1,32,2,16
58,32,256,DLMT,16,1,False,1,2048,0.00024861415888883295,False,2,512,4,True,2.5581069101793603,1,8,2048,4,False,True,False,128,False,1,False,2,True,4,8,512,True,1,12,1,12,8,1,8,False,10,2.5584150898206404,12,2.5582610000000003,16,16,4,True,256,2048,8,1,True,1,2,32,4
59,512,1,DLMT,1,1,True,16,2,0.0018090152017049405,False,8,1,32,False,5.99145678136462,512,2,1024,16,False,False,False,2,False,2,False,16,False,16,1,512,False,1,4,4,1,8,1,8,False,10,5.99369921863538,1,5.992578,1,2,16,True,256,1,1,2,True,1,4,1,1
60,2,512,DLMT,4,4,False,2,4,0.00023046908686412813,True,4,1,16,True,2.458219156404862,1024,256,2048,64,True,True,False,4,True,2,True,2048,True,12,1,2048,False,12,1,16,1,4,16,1,False,10,2.458504843595138,1,2.458362,4,4,32,True,128,512,4,128,True,1,4,2,12
61,16,64,DLMT,4,2,True,4,2,0.0013793204848765739,False,1024,4,2,True,2.0924001040155176,2,4,2048,1,True,False,True,16,True,16,False,1024,True,16,4,128,False,1,8,1,8,16,1,4,False,10,2.0941098959844826,16,2.093255,12,2,4,True,16,1024,4,2048,True,4,1,2,1
62,2048,16,DLMT,16,4,False,2,2048,0.00017242099640125364,False,128,32,8,True,1.5937941343229658,4,8,1,256,True,False,True,64,False,128,False,1024,False,12,8,1,False,8,1,1,4,4,16,1,False,10,1.5940078656770347,12,1.5939010000000002,4,4,1,True,64,2048,1,1,True,1,16,1,16
63,32,1,DLMT,1,4,False,8,128,0.00014751271131671932,True,512,8,2,False,2.768578572354324,1024,128,1,2048,False,False,False,256,True,4,True,1,False,12,4,1024,False,4,1,1,1,16,1,16,False,10,2.7687614276456762,4,2.76867,16,32,4,True,512,256,1,1024,False,1,4,32,4
64,64,512,DLMT,32,8,False,16,32,0.0003766443946218325,True,64,1024,1,True,2.1781495576752676,8,512,1,512,False,False,True,2048,False,16,False,1,True,12,12,128,False,16,1,1,8,16,1,4,False,10,2.178616442324732,4,2.1783829999999997,1,4,4,True,1,1,8,1,True,4,32,1,1
65,16,512,DLMT,4,32,True,2,256,0.00015917286200860397,False,2,1,4,False,4.497033345450848,256,2,1,1,True,False,True,32,False,128,True,256,True,4,12,512,True,1,4,1,1,16,12,1,False,10,4.497230654549149,12,4.497131999999999,12,32,1,True,256,512,16,2,False,1,16,4,16
66,128,1,DLMT,8,8,False,2,1,0.0008973159978514508,True,512,512,8,True,2.686265848002124,256,2048,1,1024,False,False,False,32,False,4,True,256,False,16,16,1,False,16,1,16,1,1,1,16,False,10,2.6873781519978754,8,2.686822,1,2,8,True,2048,1024,16,512,False,1,2,2,12
67,2048,128,DLMT,2,16,True,2,8,0.00015066851031321732,False,128,1,2,False,3.4859396164057834,8,8,1,128,True,True,False,4,True,4,True,64,True,1,1,8,False,1,1,12,1,16,1,4,False,10,3.4861263835942173,12,3.4860330000000004,1,1,16,True,512,2048,4,4,False,12,16,8,1
68,32,256,DLMT,1,1,True,4,256,0.00028902595039204554,True,8,64,16,True,2.7497488631517397,2,2,64,8,True,False,True,4,True,16,True,256,False,16,4,32,False,1,8,1,12,8,1,12,False,10,2.7501071368482597,4,2.7499279999999997,16,4,1,True,32,2048,1,128,True,1,2,8,4
69,1,8,DLMT,1,4,True,4,4,0.0024000008333331375,True,32,256,8,True,3.517906491405974,8,2,16,64,False,False,True,32,True,2048,False,2048,False,4,12,2048,True,1,16,1,16,16,1,12,False,10,3.520881508594027,12,3.5193940000000006,12,2,16,True,64,1,12,256,False,1,8,2,8
70,64,64,DLMT,4,16,True,8,1,0.00024340090386027296,False,2,2048,16,True,2.7560251413289287,1024,32,128,1,True,True,True,1,False,8,True,32,True,1,4,1024,True,12,1,1,1,4,1,8,False,10,2.756326858671071,1,2.756176,4,32,4,True,64,16,12,2048,True,12,2,32,1
71,16,8,DLMT,4,1,True,2,2,0.00014298601330195782,False,4,1024,4,False,4.581466377979266,8,1,16,64,True,True,False,8,False,2048,True,2048,False,4,4,256,True,8,1,1,1,1,12,1,False,10,4.581643622020733,4,4.581555,4,2,8,True,32,4,8,2048,False,1,2,8,12
72,1,1024,DLMT,8,16,True,2,2048,0.00017182549286994932,True,1,512,2,True,2.723329503413096,1,32,512,128,False,False,False,16,False,8,False,128,True,4,8,1024,False,1,4,8,1,8,1,1,False,10,2.7235424965869046,12,2.7234360000000004,8,4,4,True,512,2048,1,512,False,1,2,4,8
73,128,128,DLMT,8,4,True,4,2,0.001352615614282227,True,256,2,8,False,3.47857065556165,8,64,512,512,False,False,False,4,False,2,False,128,False,8,8,2048,True,4,1,1,8,8,16,1,False,10,3.4802473444383493,1,3.4794089999999995,4,8,1,True,4,2048,12,1024,True,1,32,1,4
74,512,16,DLMT,4,4,False,8,16,0.00039572717874817204,False,8,4,2,False,5.034134730260464,1,2,512,16,True,True,True,4,False,256,True,512,True,16,12,2,False,16,1,4,1,1,1,4,False,10,5.034625269739537,12,5.0343800000000005,16,2,32,True,16,128,8,8,False,4,8,1,1
75,4,2048,DLMT,16,32,False,2,512,0.0015339260086458012,False,16,2048,1,False,2.2136902802799185,4,512,512,16,False,True,True,256,True,256,True,2048,True,16,12,2048,False,1,12,1,16,1,4,1,False,10,2.215591719720081,4,2.214641,1,1,8,True,256,1024,8,1,True,1,2,1,12
76,1024,2048,DLMT,16,1,False,1,32,0.00014333178293738562,False,4,4,1,True,2.181745163672964,16,1024,1024,128,True,True,True,64,True,2,True,1024,False,12,8,16,True,1,4,1,12,4,1,16,False,10,2.1819228363270358,16,2.181834,16,16,1,True,2048,64,8,16,True,16,2,4,1
77,256,1,DLMT,1,16,True,8,2,0.0028113562563289968,False,4,16,4,True,3.8497635353582886,1,2048,512,512,True,True,True,16,False,4,False,64,True,1,8,1024,False,1,8,1,16,12,1,4,False,10,3.8532484646417107,16,3.8515059999999997,1,2,8,True,16,256,8,256,False,1,4,32,4
78,4,2,DLMT,4,16,False,8,2,0.0005541164137616115,False,512,2,1,True,4.144601561399432,4,2,32,1,True,True,False,256,True,8,False,1,True,12,8,128,True,1,12,16,1,16,4,1,False,10,4.145288438600568,12,4.144945,16,32,1,True,1024,32,4,2048,False,1,16,1,1
79,1,512,DLMT,1,2,False,1,256,0.0020430518838247557,False,1,1,1,True,3.3291207265916647,8,16,1024,64,False,False,True,16,True,32,False,1,True,4,12,128,True,4,1,16,1,8,1,4,False,10,3.3316532734083344,16,3.3303869999999995,12,4,8,True,1,2048,1,128,False,16,2,4,1
80,1024,1,DLMT,32,1,False,4,64,0.00012773409881470802,False,128,1,2,True,2.983952831040099,1,4,2048,1024,True,True,False,32,False,1,False,64,True,12,1,32,True,8,1,1,8,4,4,1,False,10,2.984111168959901,12,2.984032,12,1,4,True,256,2048,8,512,False,1,32,2,12
81,8,1024,DLMT,1,1,True,2,2,0.001820747374019816,False,2,8,1,False,2.3549785098225007,1,16,1024,1,False,True,False,2,False,64,True,512,False,8,4,512,True,12,1,1,12,1,4,1,False,10,2.357235490177499,4,2.3561069999999997,4,2,32,True,256,256,1,128,True,12,1,4,1
82,256,16,DLMT,4,8,False,2,2048,0.0020895875191051095,False,32,8,32,True,3.142496884036093,2048,4,1024,64,True,True,True,4,False,2,True,2,False,8,16,1,True,12,1,12,1,8,1,1,False,10,3.1450871159639067,1,3.143792,8,4,8,True,8,2048,16,256,False,1,32,4,4
83,256,1,DLMT,1,2,True,8,64,0.00013244244032783507,True,1024,16,16,False,3.0496609128334184,128,512,2048,2048,True,True,True,1,False,8,False,32,True,1,12,1,False,1,16,1,16,16,1,12,False,10,3.0498250871665813,16,3.049743,4,1,8,True,64,1024,4,128,False,4,32,1,1
84,1,2048,DLMT,16,8,False,8,1,0.0006614899848070326,True,8,32,2,True,2.130329011793497,512,32,64,256,True,True,False,8,True,64,True,256,True,16,12,1,False,1,16,12,1,12,1,4,False,10,2.1311489882065024,4,2.1307389999999997,12,8,1,True,32,4,4,1,True,1,1,16,1
85,1,2048,DLMT,16,32,False,1,32,0.0009211927051382935,False,4,1,1,True,2.50134104933756,256,1,8,1,False,True,False,1,False,1,False,1024,True,1,12,256,False,1,12,1,16,12,16,1,False,10,2.50248295066244,12,2.501912,16,4,32,True,256,128,8,1024,True,1,4,32,16
86,32,128,DLMT,1,2,False,8,256,0.00033033316515312055,False,4,128,1,True,2.342765261145233,1,4,32,64,True,True,False,16,False,4,True,512,True,1,4,2048,True,1,1,4,1,16,1,1,False,10,2.3431747388547675,16,2.34297,8,8,1,True,32,512,12,1024,True,1,1,2,8
87,32,4,DLMT,8,4,True,8,2,0.00013663454907152363,False,1024,2,1,True,5.282284314585244,64,2,128,2048,True,True,True,1,False,1024,False,1,True,4,4,1,True,1,4,8,1,4,12,1,False,10,5.282453685414755,1,5.282368999999999,12,1,1,True,32,32,12,256,False,1,4,16,1
88,8,16,DLMT,2,1,False,1,256,0.002052539889989907,True,32,128,1,False,4.432377845972577,2,4,1024,1,True,False,False,16,False,256,True,256,True,8,16,256,True,1,4,12,1,12,8,1,False,10,4.434922154027423,16,4.43365,16,16,4,True,32,1024,12,128,False,1,32,4,1
89,2,256,DLMT,16,2,True,4,4,0.00016119553343693947,True,2048,2,8,True,2.1362140918091463,8,8,2048,1,False,True,False,2048,False,1,False,256,False,16,8,8,False,16,1,1,8,1,16,1,False,10,2.1364139081908537,16,2.136314,12,4,2,True,2048,4,8,8,True,12,2,16,1
90,128,1024,DLMT,2,32,False,2,1,0.002820949485545571,True,32,2,1,True,3.385019589522477,16,8,1024,128,False,False,True,256,True,8,False,2048,True,12,16,128,True,16,1,1,16,1,1,12,False,10,3.388516410477523,4,3.386768,1,2,1,True,2048,128,4,2,False,4,2,32,1
91,1,2048,DLMT,4,8,False,2,64,0.0011046089805899681,False,16,1,16,False,1.7919423688411915,2,256,1,32,False,False,True,1,False,1,False,64,False,4,16,16,True,1,12,1,4,1,1,8,False,10,1.7933116311588089,1,1.7926270000000002,12,1,8,True,1,2048,8,1,True,1,32,4,8
92,4,1,DLMT,1,8,False,8,1,0.0006092257381299529,False,2048,64,8,True,1.753434404913955,16,64,128,1,False,False,True,1,False,1,True,256,True,4,8,1,False,1,4,1,16,1,8,1,False,10,1.7541895950860449,1,1.753812,1,8,8,True,2048,32,4,2048,True,1,8,16,8
93,2,256,DLMT,2,2,False,32,8,0.002500224789893939,True,512,2,32,False,4.27805637309558,1,4,2048,1024,True,False,True,1,True,512,True,1,True,12,16,4,False,1,8,1,12,8,1,12,False,10,4.281155626904421,16,4.279606,4,4,4,True,2,1,4,16,True,1,2,1,1
94,1,4,DLMT,2,8,True,16,1024,0.00011487384384630895,False,512,1,4,False,4.340670801762243,1,1,4,512,True,True,True,2,True,64,True,2048,True,16,4,32,False,1,1,1,8,16,1,8,False,10,4.3408131982377585,1,4.3407420000000005,1,4,1,True,16,2048,4,2,False,1,32,4,4
95,4,2048,DLMT,32,2,True,4,64,0.0010190289495396953,True,256,256,2,True,1.8027784109193008,1,2048,1024,512,True,False,False,8,True,64,False,64,False,1,12,4,False,1,1,1,12,8,1,1,False,10,1.8040415890806991,8,1.80341,16,4,2,True,128,512,12,256,True,4,16,1,1
96,8,64,DLMT,4,4,True,32,32,0.0013546368517060002,True,64,1,8,False,1.704717402808736,64,8,64,256,True,False,False,16,False,16,True,128,True,4,16,256,False,1,1,8,1,1,1,16,False,10,1.706396597191264,16,1.705557,4,1,4,True,128,32,16,1,True,1,1,4,8
97,16,16,DLMT,1,16,True,8,1,0.0003980816499161581,True,128,2048,2,False,2.69750427097093,1,2,64,256,True,True,True,64,False,2,False,1024,True,12,4,8,True,1,8,1,16,8,12,1,False,10,2.6979977290290695,4,2.697751,16,8,16,True,1024,8,1,1,True,8,1,32,1
98,4,128,DLMT,16,8,False,2,4,0.00031928670501602354,True,4,4,2,True,4.252176107686351,2,32,2048,8,True,True,False,128,False,64,False,2048,True,4,4,16,False,4,1,16,1,8,1,8,False,10,4.25257189231365,1,4.2523740000000005,16,1,4,True,512,1,16,2048,False,1,16,1,12
99,4,1,DLMT,1,1,True,16,8,0.0005742482041765462,False,128,1,1,False,3.7926470838157416,16,128,2048,2048,True,False,False,4,False,1024,True,1024,False,4,4,1,True,1,12,1,1,8,1,4,False,10,3.7933589161842587,1,3.793003,8,32,1,True,64,16,16,64,True,1,8,16,12
100,32,1024,DLMT,2,1,False,32,512,0.0013897611305544958,False,1,8,1,False,4.084340632955193,4,256,64,512,False,True,True,4,False,1,True,8,True,12,4,1,True,1,8,1,12,4,1,8,False,10,4.086063367044808,8,4.085202000000001,1,16,2,True,4,1,8,512,False,1,4,1,12
101,4,1,DLMT,8,2,False,8,4,0.00014549570440393195,True,2048,1,4,False,2.6745708224851885,128,128,8,2048,True,False,False,64,True,32,True,1024,False,1,12,128,False,1,8,4,1,16,12,1,False,10,2.6747511775148105,8,2.6746609999999995,8,16,8,True,1024,256,16,2048,False,8,2,8,1
102,64,256,DLMT,2,32,True,4,64,0.00012003749414246036,True,1,64,4,False,2.2794246013574404,2,256,1024,16,True,True,False,1,False,64,True,1,False,16,1,64,True,1,16,1,16,4,1,8,False,10,2.2795733986425604,16,2.2794990000000004,1,2,4,True,2,1024,12,2048,True,1,32,4,12
103,16,1,DLMT,32,1,False,16,4,0.0006241802624242168,False,16,4,1,True,3.4832701361740868,1,4,16,512,True,False,True,256,True,2,True,2,False,16,8,1,True,1,1,12,1,16,1,8,False,10,3.4840438638259132,12,3.483657,1,8,2,True,1,32,8,256,False,16,2,32,1
104,1,1024,DLMT,4,2,False,32,2,0.000213166601511605,False,512,64,32,False,4.86772788039933,64,2,1024,2048,True,True,False,16,False,16,True,32,False,16,8,512,True,16,1,12,1,4,16,1,False,10,4.867992119600671,12,4.86786,4,1,16,True,32,128,16,512,False,12,1,32,1
105,64,32,DLMT,8,1,False,4,32,0.0011188480683274062,False,32,1,2,True,1.693359543525347,1024,16,128,32,False,False,True,32,True,256,False,512,True,4,8,1024,True,4,1,1,16,4,8,1,False,10,1.6947464564746526,1,1.6940529999999998,1,4,2,True,1,2048,12,1,True,1,16,2,8
106,1,256,DLMT,1,8,True,4,8,0.0007709085548883162,False,512,8,1,False,3.9392221947073187,8,2,256,1,True,False,False,8,False,1,True,4,True,12,12,1,False,1,1,16,1,4,8,1,False,10,3.940177805292681,16,3.9396999999999998,12,1,2,True,2048,128,12,1024,False,1,8,4,16
107,16,8,DLMT,2,32,False,4,16,0.0001581012333918187,False,1,256,16,False,2.1341740096409425,2,1,1,16,False,False,True,256,True,32,False,2048,False,1,8,128,False,1,1,1,8,1,1,16,False,10,2.134369990359058,4,2.134272,12,4,1,True,512,16,4,1,True,1,4,4,1
108,512,256,DLMT,8,2,True,4,1,0.00014444722219552348,False,8,256,1,False,3.3723354723292527,1,1,512,512,True,False,False,128,True,4,False,2048,False,8,16,64,False,4,1,1,16,8,1,12,False,10,3.372514527670747,4,3.372425,16,4,2,True,128,2,8,256,False,1,1,4,12
109,512,128,DLMT,4,4,True,1,256,0.0010168819990540134,True,512,1,4,False,3.811280741588546,16,8,2048,1024,False,True,True,4,True,8,True,1,False,1,4,128,True,16,1,4,1,1,1,12,False,10,3.8125412584114535,12,3.811911,4,4,2,True,16,256,16,128,False,1,16,8,12
110,512,4,DLMT,4,2,True,16,4,0.00011636580253673858,False,256,8,2,True,4.219824877053659,1,2,1,2048,False,False,True,4,False,1,False,2048,False,4,12,2,True,12,1,16,1,4,1,8,False,10,4.219969122946344,1,4.219897000000001,4,2,2,True,2048,512,8,2048,True,16,2,32,1
111,256,1,DLMT,2,32,False,1,16,0.003157990658630988,True,2,64,32,False,6.060507693077716,32,1024,256,32,False,True,False,1,False,256,True,512,True,1,8,2048,True,1,16,1,1,12,12,1,False,10,6.0644223069222845,1,6.062465,12,1,1,True,512,256,12,512,False,1,8,8,12
112,8,1,DLMT,32,32,False,1,1024,0.0009097054468343164,True,1,16,1,True,3.583090169083192,8,4,1024,1,True,True,False,1,True,4,True,512,False,16,12,2048,False,16,1,1,1,4,4,1,False,10,3.5842178309168085,4,3.583654,16,2,1,True,16,1024,16,1,False,1,8,4,1
113,32,4,DLMT,1,2,True,4,64,0.00010326664514737421,False,16,2,2,False,3.6515999958463343,512,2,256,2048,True,True,True,1,True,16,False,1,True,12,16,2048,False,1,8,1,4,12,1,8,False,10,3.6517280041536644,8,3.6516639999999994,12,32,4,True,2,256,16,128,True,1,4,1,16
114,4,4,DLMT,8,1,True,8,1,0.001900627264878572,True,2,2048,8,False,3.3243160006629657,2,1,1,512,True,False,True,8,False,1,True,1024,True,16,8,4,True,8,1,1,4,12,16,1,False,10,3.326671999337034,16,3.325494,16,1,1,True,256,16,4,2048,True,1,4,2,4
115,8,4,DLMT,4,32,False,1,1,0.0014825869283114845,False,1024,8,8,False,3.506575099986873,1,1,256,1,False,True,True,4,False,8,False,8,True,12,1,8,False,1,16,4,1,12,1,4,False,10,3.508412900013127,1,3.507494,16,4,2,True,32,2048,12,64,False,1,2,4,8
116,16,128,DLMT,4,2,False,16,2,0.00017223530416266285,True,1024,512,16,True,3.9339882494140928,512,2,1,1,True,True,True,128,False,32,True,64,False,4,16,2048,True,8,1,1,12,4,16,1,False,10,3.9342017505859075,12,3.934095,8,4,2,True,2048,2048,1,2048,False,16,8,16,1
117,1,1,DLMT,4,16,False,1,16,0.00031965606517000305,True,1,1,2,True,4.325621878758761,128,1,4,2048,False,True,False,64,True,16,False,16,False,12,1,1,False,4,1,8,1,12,4,1,False,10,4.326018121241238,16,4.325819999999999,12,8,8,True,1,32,4,4,False,1,1,2,16
118,1024,256,DLMT,1,16,True,4,64,0.0002522082472878452,True,512,512,1,False,2.839642682581225,8,16,1,1024,True,False,True,2048,True,16,True,1,False,16,1,128,True,1,12,1,8,12,12,1,False,10,2.8399553174187755,8,2.839799,4,1,16,True,1,1024,16,2048,False,1,1,2,12
119,4,1024,DLMT,32,1,True,1,256,0.00021874414277872853,False,256,1,2,True,1.69831542346696,128,256,64,2048,True,True,False,128,False,32,False,2048,False,8,8,1,True,1,4,16,1,12,1,16,False,10,1.69858657653304,8,1.698451,12,8,16,True,512,1024,12,1,True,12,4,1,1
120,512,128,DLMT,2,4,True,2,128,0.0007694731964142756,False,4,1,1,True,2.2086540843353712,4,32,1024,2048,False,False,True,1,True,256,False,256,True,16,1,16,False,4,1,12,1,8,8,1,False,10,2.209607915664629,12,2.209131,4,8,1,True,32,128,1,2,True,1,4,32,8
121,2048,1,DLMT,8,1,True,2,128,0.00015206906325743692,False,128,128,16,True,2.751200748350026,4,16,2048,512,False,False,True,16,True,4,True,2048,True,12,16,1,False,12,1,1,8,4,12,1,False,10,2.751389251649974,4,2.751295,8,1,32,True,512,512,12,1,False,1,4,2,1
122,2,256,DLMT,1,2,True,1,2,0.0028982320473006414,True,32,8,8,True,3.7950346901746173,8,1,128,32,True,False,False,16,True,1,False,2048,True,16,12,16,False,1,4,1,16,1,1,4,False,10,3.798627309825383,12,3.796831,4,1,4,True,32,128,8,2048,False,1,2,8,1
123,1,1024,DLMT,4,8,False,4,2048,0.002560976376306564,True,4,8,2,False,3.108952719564116,16,16,512,1,True,False,False,4,False,4,True,4,False,4,16,16,False,12,1,1,4,1,12,1,False,10,3.112127280435884,12,3.11054,12,8,8,True,64,2048,16,2048,False,1,8,1,1
124,8,512,DLMT,8,32,True,4,1,0.00014942891286499985,True,1024,8,16,True,3.0779063847021235,512,512,32,2048,True,False,False,16,True,64,False,128,True,12,8,1,True,4,1,1,1,1,1,1,False,10,3.078091615297876,12,3.0779989999999997,1,4,32,True,1,8,12,512,False,1,8,16,8
125,512,1,DLMT,2,4,True,32,64,0.00015350570021971594,True,16,2,1,False,4.473958857929573,16,256,512,512,False,True,False,2,False,8,True,8,True,4,8,32,False,1,16,1,8,4,1,8,False,10,4.474149142070426,12,4.474054,12,2,16,True,16,256,8,128,False,1,32,2,1
126,4,128,DLMT,8,4,True,32,512,0.000484066111187298,False,2048,32,8,True,1.714449978228979,16,128,512,2048,False,True,False,8,True,64,False,2048,False,4,1,64,True,8,1,1,12,12,1,8,False,10,1.715050021771021,8,1.71475,4,1,2,True,512,2048,4,32,True,1,8,4,16
127,4,1024,DLMT,4,1,False,8,2048,0.0003844593606611282,False,8,4,16,False,3.9538927139981386,8,2,1024,16,False,False,True,64,True,2,False,2048,True,1,12,8,True,8,1,8,1,16,1,1,False,10,3.95436928600186,4,3.9541309999999994,16,2,8,True,1,1,1,4,False,1,1,4,4
128,8,1,DLMT,1,4,False,1,64,0.00011045813686631877,True,1,64,4,False,4.653398538595494,2,64,2048,1024,False,False,True,4,False,256,True,512,True,16,4,128,False,12,1,4,1,12,1,1,False,10,4.653535461404508,12,4.653467000000001,12,32,1,True,2048,2048,16,512,False,16,2,8,1
129,64,1024,DLMT,8,4,True,32,4,0.0005160668561339658,False,8,256,2,False,3.913735144326231,1,4,1024,1,False,True,False,128,False,2,True,1,False,1,4,2,False,12,1,12,1,8,1,1,False,10,3.9143748556737687,8,3.914055,8,16,4,True,1,4,12,512,False,1,32,1,16
130,128,2048,DLMT,2,32,False,4,32,0.0006703133595566144,True,8,1,8,True,3.4062445431096595,4,4,2048,1,False,True,False,32,True,256,False,512,False,8,4,1,True,1,1,8,1,12,12,1,False,10,3.4070754568903405,1,3.40666,4,32,4,True,2048,1024,12,2,False,12,8,1,1
131,16,1024,DLMT,8,4,True,1,8,0.00018569868066305626,False,4,512,1,True,3.8430309048802194,128,128,256,2048,False,False,True,256,False,4,True,2048,True,8,8,2048,True,12,1,16,1,4,1,16,False,10,3.8432610951197805,16,3.843146,4,2,1,True,2048,512,1,512,False,1,8,16,16
132,256,32,DLMT,1,2,True,16,16,0.00013092364186805333,True,32,16,2,True,1.897295854177159,8,1,512,512,False,False,False,8,False,2048,False,2048,True,16,1,256,False,1,1,1,4,16,8,1,False,10,1.8974581458228412,4,1.897377,8,2,16,True,8,16,12,64,True,1,8,1,8
133,128,1,DLMT,2,1,True,32,16,0.0007101865951987127,False,128,2048,1,True,1.9313348298762865,2048,64,2048,1,True,False,False,32,True,1,False,32,False,4,12,2048,False,1,16,4,1,16,4,1,False,10,1.9322151701237136,1,1.931775,12,2,2,True,64,2048,12,2048,True,4,4,4,1
134,4,1,DLMT,16,2,True,2,512,0.0002793492437791385,False,2,2,1,False,2.1102388607264277,32,1,4,2,False,False,False,4,True,32,False,1024,True,12,1,32,True,16,1,12,1,12,8,1,False,10,2.1105851392735726,4,2.110412,12,4,2,True,2048,1,8,32,True,16,1,16,1
135,8,1,DLMT,16,8,True,4,4,0.0007464583042608073,False,16,8,1,False,3.338137348851196,256,2048,1024,64,False,True,True,512,False,512,False,512,True,12,16,1,True,8,1,1,16,4,1,12,False,10,3.339062651148803,1,3.3385999999999996,4,8,16,True,2048,1024,12,128,False,1,8,2,1
136,64,1024,DLMT,2,8,False,1,2,0.00013902877400025405,True,64,16,2,False,5.511044830656526,1024,32,512,2048,False,False,False,1,True,256,False,1,False,1,16,1,False,8,1,1,1,1,16,1,False,10,5.511217169343472,16,5.511130999999999,1,4,2,True,1024,4,8,16,False,1,16,2,8
137,1024,1,DLMT,32,2,False,16,4,0.0002581491816760641,True,256,4,4,True,2.775363000419604,2,128,1,2048,True,True,True,1,False,2048,True,1,True,8,4,1024,True,1,1,1,1,12,1,12,False,10,2.7756829995803964,12,2.775523,12,2,16,True,64,512,12,8,False,1,1,1,1
138,16,2048,DLMT,16,2,False,4,512,0.000178238604123784,True,8,2,8,False,1.6148085285985991,8,32,64,1,True,False,True,256,True,1,False,16,True,8,8,1,False,12,1,1,16,12,16,1,False,10,1.6150294714014009,16,1.614919,4,2,32,True,2048,512,8,512,True,4,32,4,1
139,64,128,DLMT,2,1,True,16,8,0.00019709134937896528,False,1,4,16,True,3.696332843760745,128,128,64,128,False,True,False,128,True,2048,False,1,True,1,8,1,False,1,12,4,1,1,1,4,False,10,3.6965771562392558,16,3.6964550000000003,12,1,2,True,128,1024,4,8,False,1,1,32,4
140,1,1,DLMT,1,1,False,1,1,0.00018066820417547748,False,1,1,1,False,2.5824150227445566,1,1,1,1,False,False,False,1,False,1,False,1,False,1,1,1,False,1,1,1,1,1,1,1,True,10,2.582638977255443,1,2.582527,1,1,1,True,1,1,1,1,False,1,1,1,1
141,1,1024,DLMT,32,8,False,2,4,0.00016692513291893235,True,1,32,4,True,1.7626005406318501,8,1024,256,2048,True,False,False,512,True,16,False,256,False,1,12,256,False,1,16,1,16,12,1,8,False,10,1.76280745936815,4,1.762704,8,4,4,True,1,512,8,1,True,1,32,1,1
142,2,1024,DLMT,32,8,False,1,512,0.0012130952147296706,False,2048,32,4,True,1.6249381296121983,2048,1024,256,2048,True,False,True,512,False,16,False,256,False,4,12,2048,True,1,16,1,16,12,1,1,False,10,1.6264418703878019,8,1.62569,4,4,32,True,2048,1024,4,64,True,1,1,32,12
143,256,1024,DLMT,32,8,False,16,1024,0.0003664000545851995,True,32,32,4,True,2.4320039070663317,512,1024,1,64,False,False,True,512,True,16,False,256,True,1,4,512,True,1,16,1,4,4,1,12,False,10,2.432458092933668,16,2.432231,4,4,4,True,1024,1,4,2048,True,1,1,32,16
144,8,1024,DLMT,32,8,True,4,16,0.00011350770898930743,True,16,32,4,True,1.8581236484858406,16,1024,8,32,False,True,False,512,False,16,True,256,False,1,16,256,False,1,16,1,8,12,12,1,False,10,1.8582643515141601,8,1.8581940000000003,4,4,8,True,2048,16,4,512,True,1,1,16,8
145,2,1024,DLMT,32,8,False,4,1,9.54777460982572e-05,False,2048,32,4,True,1.7428928233672727,32,1024,128,2048,False,True,False,512,True,16,True,256,True,4,12,512,True,1,16,1,1,4,1,16,False,10,1.7430111766327274,12,1.742952,1,4,1,True,2048,16,8,1024,True,1,4,8,8
146,16,1024,DLMT,32,8,False,16,4,0.00024868654969658553,False,1024,32,4,True,1.986210865311897,4,1024,512,1024,True,True,False,512,False,16,True,256,True,8,4,8,False,1,16,16,1,1,4,1,False,10,1.9865191346881028,12,1.986365,1,4,32,True,1,2048,12,64,True,1,32,1,12
147,1024,1024,DLMT,32,8,True,4,2,0.00014636939570822813,False,2,32,4,True,2.3417432809756584,2,1024,2048,4,True,False,True,512,True,16,False,256,True,12,8,1024,False,1,16,1,12,1,16,1,False,10,2.3419247190243415,12,2.341834,8,4,1,True,512,2,8,256,True,1,8,16,12
148,2,1024,DLMT,32,8,True,4,2,0.00043060538779722427,True,2048,32,4,True,2.3594801129197593,1,1024,2,2048,False,True,True,512,False,16,True,256,True,16,16,2048,False,1,16,16,1,4,16,1,False,10,2.36001388708024,4,2.3597469999999996,8,4,1,True,1,128,8,32,True,1,4,8,12
149,2,1024,DLMT,32,8,True,8,1,0.0021758596002499917,True,16,32,4,True,1.8276664130287725,16,1024,32,2048,False,False,False,512,False,16,False,256,False,12,4,2048,True,1,16,16,1,12,1,8,False,10,1.8303635869712267,12,1.8290149999999996,12,4,16,True,512,32,4,64,True,1,1,2,12
150,64,1024,DLMT,32,8,True,8,2048,0.0001992887352561633,False,128,32,4,True,1.777698481831894,2,1024,2048,128,True,True,True,512,False,16,False,256,False,1,12,2048,True,1,16,1,4,8,1,16,False,10,1.777945518168106,12,1.777822,8,4,16,True,512,2048,4,2048,True,1,8,1,12
151,128,1024,DLMT,32,8,False,16,2048,0.00012119818480488885,True,4,32,4,True,1.9129338819671338,256,1024,2048,1,True,True,False,512,True,16,True,256,False,16,1,256,True,1,16,1,1,1,1,4,False,10,1.9130841180328666,8,1.9130090000000002,4,4,16,True,2048,2048,16,256,True,1,2,16,16
152,1,1024,DLMT,32,8,True,2,256,0.00021149231664533552,False,128,32,4,True,1.5532579181127726,16,1024,8,1,False,True,True,512,True,16,True,256,True,1,1,16,False,1,16,4,1,4,8,1,False,10,1.5535200818872272,12,1.553389,1,4,32,True,512,256,8,1,True,1,16,4,16
153,8,1024,DLMT,32,8,False,16,64,0.0009380666287636096,False,4,32,4,True,1.8277795909635215,1,1024,128,2048,True,True,True,512,True,16,False,256,True,12,1,1024,True,1,16,1,4,4,1,1,False,10,1.8289424090364783,12,1.828361,4,4,4,True,1024,1024,12,2048,True,1,16,1,4
154,128,1024,DLMT,32,8,True,1,2048,0.0001543664471314966,False,4,32,4,True,1.7024353244429133,8,1024,2048,256,False,False,False,512,False,16,True,256,False,16,1,128,True,1,16,1,4,16,1,1,False,10,1.7026266755570867,1,1.702531,4,4,2,True,512,1,8,256,True,1,4,16,4
155,8,1024,DLMT,32,8,True,4,2,0.00013352527850560286,True,1,32,4,True,1.6127362416956952,4,1024,16,64,True,True,True,512,False,16,False,256,False,1,8,1,True,1,16,1,1,1,1,1,False,10,1.6129017583043048,12,1.612819,1,4,2,True,1024,256,1,64,True,1,2,8,1
156,4,1024,DLMT,32,8,False,4,1024,0.0007626034356072552,False,4,32,4,True,1.8565533421789924,256,1024,4,512,True,False,True,512,False,16,True,256,True,16,4,256,False,1,16,1,4,4,8,1,False,10,1.8574986578210078,4,1.857026,1,4,16,True,1,1,12,256,True,1,1,4,12
157,8,1024,DLMT,32,8,True,16,8,0.00011515641536621581,False,8,32,4,True,1.672515626625818,4,1024,8,1,True,False,True,512,False,16,False,256,True,1,8,32,True,1,16,16,1,8,1,16,False,10,1.672658373374182,8,1.672587,8,4,2,True,1,8,8,1,True,1,4,8,4
158,128,1024,DLMT,32,8,False,4,8,0.0011092740869595966,False,1,32,4,True,1.5491214774314386,128,1024,2048,16,True,False,True,512,True,16,False,256,False,1,4,1,False,1,16,4,1,16,1,1,False,10,1.5504965225685619,16,1.5498090000000002,8,4,16,True,512,128,8,1,True,1,8,8,12
159,1,1024,DLMT,32,8,False,16,64,0.0007492129203370146,True,64,32,4,True,2.3211956415538366,16,1024,128,512,False,True,False,512,False,16,False,256,True,12,12,32,False,1,16,8,1,8,1,1,False,10,2.3221243584461635,8,2.32166,16,4,8,True,1024,2048,16,1,True,1,1,16,4
160,2048,1024,DLMT,32,8,False,8,256,0.0002000099997500057,True,1,32,4,True,1.605960034795744,2048,1024,2048,64,True,True,True,512,False,16,True,256,True,4,1,2048,False,1,16,1,12,16,1,1,False,10,1.6062079652042567,1,1.6060840000000003,1,4,16,True,1024,256,16,1,True,1,2,8,16
161,4,1024,DLMT,32,8,False,2,4,0.00019693653800143942,True,256,32,4,True,1.7103419397120674,64,1024,64,1024,False,False,True,512,False,16,False,256,True,1,1,128,False,1,16,1,12,16,8,1,False,10,1.7105860602879326,12,1.710464,8,4,32,True,512,1,8,2048,True,1,2,1,8
162,2,1024,DLMT,32,8,False,8,16,0.0005003488782839263,True,1024,32,4,True,1.8130808862508203,512,1024,8,1024,True,False,True,512,True,16,True,256,True,4,16,2048,False,1,16,8,1,16,16,1,False,10,1.8137011137491792,12,1.8133909999999998,16,4,2,True,2048,32,12,1024,True,1,1,1,1
163,2048,1024,DLMT,32,8,True,16,1,0.00013967462188960866,False,8,32,4,True,2.129522430363214,1,1024,2048,32,False,False,False,512,False,16,True,256,True,1,1,128,False,1,16,16,1,4,16,1,False,10,2.1296955696367865,4,2.1296090000000003,16,4,2,True,1024,128,16,32,True,1,32,1,12
164,1,1024,DLMT,32,8,False,2,512,0.00011019981851164143,True,4,32,4,True,1.7396376986999256,64,1024,512,4,True,False,True,512,True,16,True,256,False,1,12,512,True,1,16,1,16,1,1,1,False,10,1.7397743013000744,1,1.739706,16,4,1,True,1,1,12,1,True,1,4,2,1
165,2,1024,DLMT,32,8,True,16,2,0.0019000960502037595,False,1024,32,4,True,2.271047329907182,1,1024,256,1024,True,True,False,512,True,16,False,256,False,8,1,128,False,1,16,8,1,12,8,1,False,10,2.2734026700928176,1,2.2722249999999997,16,4,16,True,1,16,1,256,True,1,8,4,1
166,1,1024,DLMT,32,8,True,4,8,0.0003184713487898099,True,2,32,4,True,2.1930686130400887,1,1024,16,16,True,False,True,512,True,16,False,256,False,12,1,64,False,1,16,1,1,12,4,1,False,10,2.193463386959911,8,2.193266,1,4,8,True,1,64,16,2048,True,1,32,2,4
167,128,1024,DLMT,32,8,False,2,2048,0.001322452645655052,False,1,32,4,True,1.535697350419765,16,1024,512,8,True,True,False,512,True,16,False,256,True,8,8,32,False,1,16,1,8,4,1,1,False,10,1.5373366495802352,16,1.5365170000000001,12,4,16,True,2048,1,4,2048,True,1,32,4,8
168,128,1024,DLMT,32,8,True,16,128,0.0001483778959279411,False,64,32,4,True,1.9651500361172005,128,1024,128,64,False,True,True,512,False,16,False,256,True,12,4,2048,False,1,16,1,8,8,16,1,False,10,1.9653339638828002,12,1.9652420000000004,16,4,2,True,512,256,4,128,True,1,2,8,16
169,32,1024,DLMT,32,8,False,4,4,0.0001271062547635234,False,32,32,4,True,1.7040792201747228,4,1024,512,2048,True,False,False,512,True,16,True,256,True,1,12,2048,False,1,16,1,4,8,1,8,False,10,1.7042367798252773,12,1.704158,1,4,32,True,1024,128,16,32,True,1,1,8,1
170,256,1024,DLMT,32,8,True,2,1,0.00020303694245140563,True,64,32,4,True,1.6253881587116945,1,1024,256,512,True,False,False,512,True,16,True,256,False,8,16,8,True,1,16,1,1,16,4,1,False,10,1.6256398412883057,4,1.6255140000000001,12,4,16,True,1024,64,12,64,True,1,4,32,12
171,2,1024,DLMT,32,8,False,8,32,0.0006877797612608259,True,8,32,4,True,1.8482167175206508,128,1024,512,256,False,False,False,512,True,16,False,256,False,8,1,1,False,1,16,1,12,4,8,1,False,10,1.8490692824793489,12,1.8486429999999998,8,4,16,True,1,256,16,256,True,1,4,32,8
172,8,1024,DLMT,32,8,True,2,8,0.002488966853937581,False,2,32,4,True,2.233735350708359,4,1024,256,256,True,True,True,512,False,16,False,256,True,1,1,128,True,1,16,1,4,4,1,16,False,10,2.236820649291641,4,2.235278,8,4,8,True,1,256,12,256,True,1,2,16,16
173,8,1024,DLMT,32,8,False,8,1,0.002447551633776067,True,2,32,4,True,2.1930620196560766,32,1024,2048,1024,True,True,False,512,False,16,False,256,False,12,8,32,False,1,16,1,16,4,12,1,False,10,2.1960959803439235,8,2.194579,12,4,4,True,1,8,4,1024,True,1,16,1,8
174,2048,1024,DLMT,32,8,False,2,2,0.0004920660524767376,True,2,32,4,True,2.194356019905109,32,1024,1,32,False,True,False,512,True,16,False,256,True,4,8,512,False,1,16,1,1,16,1,4,False,10,2.194965980094891,16,2.194661,12,4,32,True,2048,512,16,512,True,1,1,2,8
175,32,1024,DLMT,32,8,True,8,32,0.0021142705597912395,True,1,32,4,True,1.6737995856100938,1,1024,1,256,False,True,True,512,True,16,False,256,False,8,1,256,False,1,16,1,16,16,12,1,False,10,1.6764204143899064,8,1.67511,1,4,32,True,1024,128,12,2048,True,1,2,4,4
176,1024,1024,DLMT,32,8,True,4,64,0.00012726350615948075,True,2048,32,4,True,1.6504531227110888,512,1024,1024,2048,False,True,False,512,True,16,False,256,True,4,4,512,False,1,16,12,1,1,1,12,False,10,1.6506108772889114,12,1.650532,12,4,2,True,1024,64,1,512,True,1,4,1,16
177,1,1024,DLMT,32,8,False,16,8,0.0005958531698329815,True,128,32,4,True,1.7774936931653547,1,1024,2048,2048,True,False,True,512,True,16,False,256,True,1,16,4,True,1,16,1,4,16,1,16,False,10,1.7782323068346453,8,1.777863,16,4,16,True,2048,1,8,64,True,1,16,4,8
178,4,1024,DLMT,32,8,True,4,8,0.0002057206844243222,False,1,32,4,True,1.6922154953417514,8,1024,64,256,True,False,False,512,True,16,False,256,True,12,16,1024,True,1,16,1,12,12,1,12,False,10,1.6924705046582484,1,1.692343,12,4,2,True,512,256,4,1,True,1,32,2,12
179,4,1024,DLMT,32,8,False,8,512,0.0006896839856049984,False,32,32,4,True,1.855456537291862,128,1024,4,128,True,False,True,512,False,16,True,256,False,12,1,1,True,1,16,8,1,12,1,8,False,10,1.856311462708138,12,1.855884,12,4,1,True,2048,1,1,2048,True,1,16,1,1
180,64,1024,DLMT,32,8,True,1,2,0.00012223338332879809,True,128,32,4,True,1.717597240356231,1,1024,512,2048,True,False,False,512,False,16,False,256,False,16,4,32,False,1,16,1,4,8,1,8,False,10,1.717748759643769,12,1.717673,16,4,1,True,512,2048,12,1,True,1,2,32,4
181,64,1024,DLMT,32,8,False,4,8,0.00017732738085250084,False,256,32,4,True,1.6627050933702563,2048,1024,256,512,False,True,True,512,True,16,False,256,True,1,8,1,False,1,16,1,8,1,1,1,False,10,1.662924906629744,16,1.6628150000000002,12,4,4,True,2048,8,1,1,True,1,2,2,1
182,2048,1024,DLMT,32,8,True,8,1,7.977468270071809e-05,True,64,32,4,True,1.6773765560479585,16,1024,2048,1,False,True,True,512,True,16,False,256,False,8,1,16,True,1,16,12,1,1,8,1,False,10,1.6774754439520416,16,1.677426,4,4,32,True,2048,16,8,32,True,1,1,4,12
183,16,1024,DLMT,32,8,False,2,1,0.00013836184445139402,True,4,32,4,True,1.8117202440161486,1,1024,32,1,True,True,True,512,True,16,False,256,True,12,1,2,True,1,16,1,12,8,1,16,False,10,1.8118917559838514,4,1.811806,16,4,32,True,1024,2048,4,1,True,1,8,1,16
184,128,1024,DLMT,32,8,False,2,512,0.0001625299972313019,False,8,32,4,True,1.8019172647151152,512,1024,1024,1,True,False,False,512,False,16,False,256,True,12,12,1,False,1,16,4,1,16,16,1,False,10,1.8021187352848842,1,1.8020179999999997,1,4,4,True,512,1,1,256,True,1,1,1,1
185,16,1024,DLMT,32,8,False,16,256,7.912016177942311e-05,False,4,32,4,True,2.280180961716774,8,1024,1024,4,False,False,False,512,False,16,False,256,False,12,12,2048,True,1,16,8,1,4,8,1,False,10,2.280279038283226,1,2.28023,1,4,32,True,1,2048,1,512,True,1,2,16,8
186,16,1024,DLMT,32,8,True,4,32,0.00018863721796082492,True,4,32,4,True,1.7092470835894003,8,1024,512,1024,False,False,False,512,False,16,False,256,False,16,8,8,False,1,16,4,1,4,1,4,False,10,1.7094809164106,1,1.709364,16,4,8,True,1024,1,4,2048,True,1,32,2,4
187,16,1024,DLMT,32,8,True,16,256,0.00031101286147039203,True,64,32,4,True,1.7877362357734778,2048,1024,2048,2048,True,True,True,512,False,16,False,256,False,16,16,1,False,1,16,16,1,8,1,4,False,10,1.7881217642265224,16,1.787929,16,4,4,True,512,2048,8,32,True,1,32,1,4
188,2,1024,DLMT,32,8,False,16,16,0.0005786441047828474,False,2,32,4,True,2.4622523592583834,1,1024,2,1,False,True,True,512,False,16,False,256,False,4,1,1,True,1,16,4,1,12,1,1,False,10,2.4629696407416164,16,2.462611,4,4,1,True,1024,32,4,64,True,1,4,2,12
189,2,1024,DLMT,32,8,False,8,2048,0.00010103959619871588,False,1,32,4,True,1.8974163761602099,16,1024,4,512,False,True,False,512,True,16,True,256,True,1,4,64,True,1,16,1,16,4,1,8,False,10,1.89754162383979,1,1.897479,1,4,32,True,512,2048,8,128,True,1,1,16,8
190,1,1024,DLMT,32,8,True,1,16,0.00018106352476409188,True,1,32,4,True,1.5964117777268196,1024,1024,128,512,True,False,True,512,True,16,True,256,False,16,4,1024,False,1,16,16,1,1,1,12,False,10,1.5966362222731805,4,1.596524,4,4,2,True,1,64,1,2048,True,1,16,2,12
191,2,1024,DLMT,32,8,False,2,1,0.00018407878747973494,False,32,32,4,True,1.7033809088819676,32,1024,64,128,False,True,True,512,False,16,True,256,True,1,16,1,True,1,16,1,4,1,1,16,False,10,1.7036090911180328,12,1.7034950000000002,4,4,2,True,512,4,16,2048,True,1,4,4,1
192,512,1024,DLMT,32,8,False,1,8,0.00014152384958024394,True,8,32,4,True,1.7319512842210778,2048,1024,1,16,True,True,False,512,True,16,True,256,True,8,8,1,False,1,16,8,1,1,1,4,False,10,1.7321267157789229,12,1.7320390000000003,1,4,1,True,2048,512,12,2048,True,1,32,2,16
193,2048,1024,DLMT,32,8,True,2,128,0.0010747413642360662,False,1024,32,4,True,1.5045048806414343,8,1024,1,1,True,True,True,512,True,16,True,256,False,1,12,2048,False,1,16,16,1,1,8,1,False,10,1.5058371193585658,1,1.505171,8,4,4,True,1024,1024,16,2048,True,1,1,4,8
194,1,1024,DLMT,32,8,False,8,16,0.00013619471355379444,False,16,32,4,True,1.631156587193113,1,1024,4,256,True,True,False,512,False,16,False,256,False,12,8,512,False,1,16,1,1,1,1,4,False,10,1.6313254128068868,16,1.631241,1,4,2,True,1,64,8,2048,True,1,2,4,16
195,512,1024,DLMT,32,8,True,8,2,0.000362016574206223,False,128,32,4,True,1.8325436239256951,4,1024,2048,1,False,False,False,512,False,16,True,256,True,8,4,32,False,1,16,16,1,8,12,1,False,10,1.8329923760743052,16,1.8327680000000002,4,4,1,True,1024,512,1,256,True,1,2,1,4
196,2,1024,DLMT,32,8,False,8,1024,0.0003947163538542745,False,2,32,4,True,1.8334823567647118,1,1024,1,512,False,True,True,512,True,16,False,256,True,1,16,8,True,1,16,12,1,12,1,1,False,10,1.8339716432352884,8,1.833727,8,4,2,True,1,1,1,512,True,1,16,2,16
197,1,1024,DLMT,32,8,False,1,8,0.00012971121771072577,True,8,32,4,True,1.6606046056316284,4,1024,2,8,True,True,False,512,True,16,True,256,True,16,4,256,False,1,16,1,12,1,1,12,False,10,1.6607653943683711,8,1.6606849999999997,12,4,32,True,1,128,1,256,True,1,2,2,1
198,8,1024,DLMT,32,8,True,1,2048,0.0026519896304473185,True,1024,32,4,True,1.4616653100013253,128,1024,256,1,True,True,False,512,False,16,False,256,False,12,8,1,True,1,16,1,16,16,8,1,False,10,1.4649526899986742,4,1.4633089999999997,4,4,8,True,512,1,1,128,True,1,8,8,12
199,32,1024,DLMT,32,8,True,8,128,0.00028319604517014333,True,8,32,4,True,1.9023344764980352,2,1024,32,64,False,False,False,512,True,16,False,256,True,1,16,1,False,1,16,4,1,4,1,12,False,10,1.9026855235019646,1,1.90251,12,4,32,True,1,1,4,32,True,1,8,4,16
200,2048,1024,DLMT,32,8,True,16,2,0.0003746465000503519,False,512,32,4,True,2.1107877959603982,32,1024,2048,1,False,False,False,512,False,16,True,256,False,4,1,2048,False,1,16,1,1,16,1,1,False,10,2.1112522040396016,8,2.11102,16,4,4,True,1,2048,8,1024,True,1,4,4,16
201,16,1024,DLMT,32,8,False,16,1,0.00020578872661052773,True,1,32,4,True,2.036311453169543,8,1024,1024,128,False,False,True,512,False,16,True,256,False,4,12,1,False,1,16,1,8,16,4,1,False,10,2.036566546830458,16,2.0364390000000006,16,4,8,True,2048,1024,8,2048,True,1,1,2,16
202,16,1024,DLMT,32,8,False,1,32,4.0804411526234216e-05,False,4,32,4,True,1.60473970962844,32,1024,1,16,True,True,True,512,False,16,True,256,False,8,8,32,False,1,16,4,1,16,4,1,False,10,1.60479029037156,4,1.604765,1,4,4,True,512,1024,16,64,True,1,4,1,12
203,1,1024,DLMT,32,8,True,2,16,8.662563131081752e-05,False,128,32,4,True,1.6873023098640432,32,1024,2,2048,False,False,True,512,True,16,True,256,True,4,1,1,True,1,16,16,1,16,12,1,False,10,1.6874096901359565,4,1.6873559999999999,16,4,8,True,512,128,1,32,True,1,2,32,12
204,4,1024,DLMT,32,8,True,16,32,0.0009057091144512122,False,128,32,4,True,1.73081764599015,256,1024,4,2048,True,True,False,512,True,16,False,256,True,8,16,256,False,1,16,4,1,1,1,4,False,10,1.73194035400985,4,1.731379,8,4,8,True,512,64,1,1,True,1,8,2,1
205,1,1024,DLMT,32,8,False,8,128,9.148223871329348e-05,False,2,32,4,True,1.8561642997629015,2,1024,128,256,True,True,True,512,True,16,False,256,True,16,16,32,True,1,16,1,16,1,16,1,False,10,1.8562777002370987,12,1.8562210000000001,16,4,2,True,1,128,4,1024,True,1,8,16,1
206,128,1024,DLMT,32,8,True,4,512,0.00047080781641768336,True,1,32,4,True,1.5785381956542142,8,1024,256,8,False,False,True,512,True,16,True,256,False,1,4,1024,False,1,16,1,12,16,1,16,False,10,1.5791218043457858,12,1.57883,4,4,2,True,1,1,4,32,True,1,1,8,4
207,4,1024,DLMT,32,8,False,4,1,0.00013429817571359193,True,64,32,4,True,1.706368762657845,64,1024,32,128,True,False,True,512,True,16,False,256,True,4,8,64,False,1,16,16,1,1,1,12,False,10,1.7065352373421547,1,1.7064519999999999,4,4,8,True,1,1,16,512,True,1,4,16,4
208,2,1024,DLMT,32,8,False,8,2048,0.00011734138229966981,False,16,32,4,True,1.6737882723941668,8,1024,512,2048,True,False,True,512,True,16,False,256,True,4,4,2048,False,1,16,1,12,16,16,1,False,10,1.6739337276058328,16,1.6738609999999998,1,4,16,True,1024,2048,8,2048,True,1,2,2,16
209,1,1024,DLMT,32,8,False,4,2048,0.0005917567067638876,False,16,32,4,True,1.6659312321328148,256,1024,64,1,True,False,True,512,False,16,True,256,False,8,8,256,True,1,16,1,4,12,1,12,False,10,1.6666647678671853,4,1.666298,8,4,2,True,1024,2048,4,128,True,1,32,1,16
210,64,1024,DLMT,32,8,False,4,1024,0.00024034142381208025,True,2048,32,4,True,1.8596570375794643,2,1024,512,2048,True,True,True,512,False,16,True,256,True,12,8,512,True,1,16,8,1,4,1,12,False,10,1.8599549624205358,12,1.859806,4,4,2,True,2048,1,12,1,True,1,2,32,12
211,1,1024,DLMT,32,8,False,16,1,0.000725068962237361,True,64,32,4,True,2.127265605859127,2,1024,64,512,False,False,True,512,True,16,True,256,True,4,8,2048,True,1,16,8,1,1,12,1,False,10,2.1281643941408728,8,2.127715,12,4,2,True,512,1024,8,32,True,1,16,4,12
212,32,1024,DLMT,32,8,False,4,16,0.00010180373274099265,True,16,32,4,True,1.7112329025521769,16,1024,32,1,True,False,False,512,True,16,True,256,False,1,4,512,False,1,16,1,4,16,1,16,False,10,1.7113590974478226,16,1.7112959999999997,1,4,1,True,512,1024,4,1024,True,1,2,32,16
213,512,1024,DLMT,32,8,False,4,16,0.00020736682473339107,True,512,32,4,True,1.5923084750721654,1,1024,2048,512,False,False,False,512,False,16,False,256,True,16,8,64,True,1,16,1,4,16,16,1,False,10,1.5925655249278343,12,1.5924369999999999,4,4,1,True,1024,128,16,64,True,1,2,4,4
214,256,1024,DLMT,32,8,False,8,32,0.001351882021479705,False,8,32,4,True,1.8034471102388252,128,1024,1024,512,False,True,False,512,False,16,False,256,False,1,1,2048,True,1,16,16,1,16,8,1,False,10,1.805122889761175,8,1.8042850000000001,16,4,1,True,2048,64,1,128,True,1,32,2,1
215,1,1024,DLMT,32,8,False,4,32,0.00014088647912418882,False,1,32,4,True,1.6238636792601198,4,1024,8,64,True,False,False,512,False,16,False,256,False,4,1,32,False,1,16,1,4,1,1,8,False,10,1.62403832073988,1,1.623951,4,4,4,True,512,2048,4,512,True,1,4,2,1
216,512,1024,DLMT,32,8,True,8,2,0.00012174152947942164,True,2048,32,4,True,1.8900115452048036,16,1024,1,2048,True,True,True,512,True,16,True,256,True,1,8,512,True,1,16,4,1,12,1,4,False,10,1.8901624547951965,16,1.890087,8,4,32,True,512,8,1,128,True,1,32,1,12
217,8,1024,DLMT,32,8,False,4,4,0.0004310220411997281,True,32,32,4,True,2.13687285468005,32,1024,64,2048,True,False,True,512,False,16,True,256,False,4,1,1,True,1,16,1,1,1,4,1,False,10,2.137407145319949,4,2.1371399999999996,8,4,2,True,1,8,16,512,True,1,32,1,8
218,4,1024,DLMT,32,8,False,1,8,0.002478717611992121,False,1,32,4,True,1.6204307031376015,512,1024,1024,128,True,False,False,512,True,16,False,256,True,12,12,512,False,1,16,1,1,1,8,1,False,10,1.6235032968623988,8,1.6219670000000002,1,4,16,True,512,1,4,64,True,1,1,2,4
219,2048,1024,DLMT,32,8,False,2,16,0.0024763925375432647,False,128,32,4,True,1.7244651442071943,2,1024,1,256,False,False,True,512,True,16,False,256,True,8,16,4,False,1,16,1,1,8,1,16,False,10,1.7275348557928052,8,1.7259999999999998,16,4,16,True,512,32,1,512,True,1,4,1,1
220,64,1024,DLMT,32,8,True,16,4,0.0007295484905063414,False,16,32,4,True,2.1212748294697588,256,1024,512,32,False,False,True,512,False,16,False,256,False,16,8,2048,True,1,16,1,16,16,1,12,False,10,2.122179170530241,16,2.121727,4,4,4,True,1,4,1,128,True,1,8,8,4
221,256,1024,DLMT,32,8,True,16,8,0.00030903883251136354,True,1,32,4,True,1.9991634592668202,32,1024,1,128,False,False,False,512,True,16,False,256,False,1,4,2048,True,1,16,4,1,1,16,1,False,10,1.9995465407331798,16,1.999355,1,4,16,True,2048,1,16,512,True,1,8,4,4
222,64,1024,DLMT,32,8,True,8,512,0.00011732007500849006,False,256,32,4,True,1.74026328560032,2048,1024,1024,1,False,False,False,512,True,16,False,256,False,12,4,2048,True,1,16,1,8,12,12,1,False,10,1.7404087143996798,4,1.7403359999999999,16,4,4,True,1,1,16,512,True,1,32,1,1
223,8,1024,DLMT,32,8,False,1,32,0.001130654677609421,False,512,32,4,True,1.5734492258475656,64,1024,8,1,False,True,True,512,True,16,False,256,True,12,16,1,True,1,16,16,1,1,1,4,False,10,1.5748507741524342,4,1.57415,1,4,8,True,1,32,4,256,True,1,8,4,1
224,64,1024,DLMT,32,8,False,4,4,0.0017901801585315064,False,1024,32,4,True,1.7776654552308115,32,1024,512,1,True,True,True,512,False,16,False,256,True,12,16,64,True,1,16,1,1,8,1,4,False,10,1.7798845447691876,1,1.7787749999999996,16,4,1,True,512,32,12,64,True,1,16,1,8
225,1,1024,DLMT,32,8,True,8,2,0.00018538878067449552,True,128,32,4,True,2.050714096954693,4,1024,1024,1,False,False,False,512,True,16,False,256,True,8,4,1024,True,1,16,1,12,8,4,1,False,10,2.0509439030453067,8,2.050829,16,4,8,True,2048,16,4,1,True,1,8,16,12
226,4,1024,DLMT,32,8,True,16,2048,0.00018390486671105246,True,16,32,4,True,2.2620830166771957,2,1024,256,512,False,True,True,512,True,16,True,256,True,12,4,8,False,1,16,1,1,16,1,8,False,10,2.2623109833228043,16,2.262197,16,4,32,True,1,2048,1,1024,True,1,8,16,1
227,1024,1024,DLMT,32,8,True,8,64,0.0003287263299463406,True,64,32,4,True,1.6085332570537116,1,1024,2048,64,True,False,False,512,False,16,True,256,True,8,16,4,True,1,16,1,12,1,1,1,False,10,1.6089407429462885,16,1.608737,12,4,4,True,1,64,16,128,True,1,16,8,1
228,256,1024,DLMT,32,8,False,2,2,0.00026241951146972905,True,16,32,4,True,1.7189213536904113,128,1024,1,2048,False,True,False,512,True,16,True,256,False,12,16,512,False,1,16,4,1,12,4,1,False,10,1.7192466463095888,16,1.719084,8,4,16,True,1024,2048,1,128,True,1,8,8,16
229,128,1024,DLMT,32,8,True,16,2,9.929753269841753e-05,False,128,32,4,True,2.1119784558825128,16,1024,256,128,False,False,True,512,False,16,True,256,True,16,4,16,True,1,16,1,16,1,12,1,False,10,2.112101544117486,1,2.1120399999999995,8,4,1,True,2048,512,16,128,True,1,2,8,1
230,2,1024,DLMT,32,8,True,8,128,0.0006040538055504663,False,256,32,4,True,1.8023826104520748,256,1024,32,1024,False,True,False,512,False,16,False,256,False,4,8,512,False,1,16,12,1,4,16,1,False,10,1.8031313895479246,1,1.8027569999999997,8,4,8,True,2048,256,4,2048,True,1,16,4,1
231,1024,1024,DLMT,32,8,False,8,4,0.00025513917770507834,True,4,32,4,True,2.1655998660051123,32,1024,1024,4,False,True,True,512,True,16,False,256,True,16,8,1,True,1,16,16,1,12,16,1,False,10,2.1659161339948882,4,2.1657580000000003,8,4,2,True,512,1,8,1024,True,1,1,32,16
232,2048,1024,DLMT,32,8,False,1,8,0.0001962880536354668,True,8,32,4,True,2.0155773416394562,2,1024,2048,1024,False,True,True,512,True,16,True,256,False,4,4,256,True,1,16,1,1,1,16,1,False,10,2.015820658360544,12,2.015699,1,4,32,True,1,1,1,64,True,1,1,2,12
233,256,1024,DLMT,32,8,False,1,1024,0.0002442457778550738,False,2,32,4,True,2.602630617680224,8,1024,2048,2,False,False,True,512,True,16,False,256,True,16,1,1024,False,1,16,1,1,12,1,16,False,10,2.602933382319776,16,2.602782,8,4,4,True,1024,1,12,32,True,1,1,32,8
234,2048,1024,DLMT,32,8,False,8,16,0.00017923169362586816,False,16,32,4,True,1.7884449130866593,512,1024,2048,2048,True,True,False,512,True,16,False,256,True,8,12,1,True,1,16,8,1,12,8,1,False,10,1.7886670869133412,4,1.7885560000000003,16,4,8,True,2048,256,12,32,True,1,4,32,8
235,16,1024,DLMT,32,8,True,1,1024,0.0001325481044753553,True,64,32,4,True,1.6087688473433048,2048,1024,256,256,True,False,True,512,False,16,True,256,True,8,4,2048,False,1,16,1,4,1,1,12,False,10,1.6089331526566952,16,1.608851,1,4,4,True,512,1,12,256,True,1,1,2,8
236,4,1024,DLMT,32,8,True,1,1024,0.0004401193020079776,False,4,32,4,True,1.731842216242994,2048,1024,4,8,True,True,True,512,True,16,True,256,True,12,4,2048,False,1,16,1,1,4,1,1,False,10,1.7323877837570056,4,1.7321149999999998,1,4,16,True,512,1,12,128,True,1,32,2,4
237,64,1024,DLMT,32,8,False,1,1024,0.00035687672941784633,True,512,32,4,True,1.6001458095759615,2048,1024,64,2048,True,False,False,512,False,16,False,256,False,12,12,1,True,1,16,1,16,16,16,1,False,10,1.6005881904240382,1,1.6003669999999999,1,4,8,True,1024,1,8,1024,True,1,1,2,4
238,2048,1024,DLMT,32,8,False,1,1024,0.00011584472366061762,True,8,32,4,True,1.5865282000157566,2048,1024,1,1024,True,False,False,512,False,16,False,256,True,16,1,1,False,1,16,4,1,4,1,4,False,10,1.5866717999842435,4,1.5866,1,4,8,True,1,1,16,64,True,1,4,2,8
239,128,1024,DLMT,32,8,False,1,1024,0.0001253953747153459,True,1,32,4,True,1.6010982805696774,2048,1024,1,256,True,True,False,512,False,16,False,256,False,8,4,2048,False,1,16,4,1,4,8,1,False,10,1.6012537194303225,12,1.601176,1,4,4,True,1,2048,4,256,True,1,1,2,16
240,2,1024,DLMT,32,8,False,1,1024,0.0009420854525996757,True,512,32,4,True,1.6027611001164725,2048,1024,1024,512,True,True,False,512,False,16,True,256,False,12,1,2048,True,1,16,1,1,12,8,1,False,10,1.603928899883528,8,1.6033450000000002,1,4,1,True,1024,2048,16,128,True,1,1,2,12
241,4,1024,DLMT,32,8,False,1,1024,0.0004046344028873391,True,512,32,4,True,1.600518209607191,2048,1024,2048,512,True,False,False,512,True,16,False,256,True,16,4,2048,True,1,16,4,1,1,1,12,False,10,1.6010197903928092,12,1.600769,1,4,4,True,2048,2048,12,512,True,1,16,2,16
242,2048,1024,DLMT,32,8,True,1,1024,0.0001313963469811638,False,1,32,4,True,1.5349435611968782,2048,1024,1,512,True,False,True,512,True,16,False,256,True,4,12,1,True,1,16,1,12,1,1,1,False,10,1.535106438803122,16,1.535025,1,4,4,True,2048,1024,1,128,True,1,2,2,1
243,256,1024,DLMT,32,8,True,1,1024,0.0001696584804835616,False,64,32,4,True,1.6270288465166083,2048,1024,256,64,True,True,True,512,False,16,True,256,False,16,1,1,False,1,16,4,1,4,1,16,False,10,1.6272391534833923,12,1.6271340000000003,1,4,1,True,1024,1024,8,64,True,1,32,2,16
244,1,1024,DLMT,32,8,False,1,1024,4.8383881613575384e-05,True,32,32,4,True,1.5371930119105324,2048,1024,16,1,True,True,False,512,True,16,False,256,False,4,8,2048,True,1,16,1,1,16,1,1,False,10,1.5372529880894676,12,1.537223,1,4,2,True,1,1024,4,64,True,1,4,2,4
245,2,1024,DLMT,32,8,True,1,1024,0.00010087616170335284,False,2048,32,4,True,1.5382854774560983,2048,1024,512,2048,True,False,True,512,True,16,True,256,True,12,1,2048,False,1,16,16,1,12,1,1,False,10,1.5384105225439018,1,1.538348,1,4,32,True,1,2048,12,256,True,1,16,2,12
246,16,1024,DLMT,32,8,False,1,1024,0.00011054410884347085,False,16,32,4,True,1.5762914853104881,2048,1024,16,1,True,True,True,512,True,16,False,256,True,4,8,1,False,1,16,1,12,8,1,4,False,10,1.5764285146895114,8,1.5763599999999998,1,4,8,True,512,2048,12,1,True,1,2,2,1
247,1,1024,DLMT,32,8,True,1,1024,0.001161678096548241,True,2048,32,4,True,1.5354379976866224,2048,1024,4,1,True,True,True,512,True,16,False,256,False,4,16,1,False,1,16,1,16,4,1,1,False,10,1.5368780023133775,12,1.536158,1,4,8,True,1024,2048,4,512,True,1,4,2,8
248,1,1024,DLMT,32,8,False,1,1024,0.00010101980003938742,False,512,32,4,True,1.5417323884297711,2048,1024,1024,2048,True,True,True,512,False,16,True,256,True,4,4,1,False,1,16,1,4,8,1,1,False,10,1.541857611570229,16,1.541795,1,4,16,True,512,1,4,1024,True,1,1,2,4
249,8,1024,DLMT,32,8,True,1,1024,0.0001608259929240449,True,8,32,4,True,1.6367553208485202,2048,1024,256,2048,True,True,True,512,True,16,True,256,False,1,8,1,True,1,16,1,1,8,1,4,False,10,1.6369546791514797,4,1.636855,1,4,16,True,2048,2048,1,32,True,1,16,2,1
250,1,1024,DLMT,32,8,True,1,1024,0.00020738611332487113,True,1,32,4,True,1.5490724631171924,2048,1024,2048,1,True,False,False,512,False,16,False,256,False,16,16,2048,True,1,16,1,4,1,12,1,False,10,1.5493295368828077,1,1.549201,1,4,32,True,1,1024,16,512,True,1,2,2,12
251,256,1024,DLMT,32,8,False,1,1024,0.0016898286895422234,True,1,32,4,True,1.846485652572776,2048,1024,1,4,True,True,False,512,True,16,True,256,True,16,12,1,False,1,16,1,16,16,12,1,False,10,1.8485803474272238,16,1.8475329999999999,1,4,16,True,512,1,16,128,True,1,1,2,12
252,1,1024,DLMT,32,8,True,1,1024,0.0003146760238721815,False,32,32,4,True,1.6159819653636185,2048,1024,1,1,True,True,False,512,False,16,True,256,True,16,16,1,False,1,16,1,12,12,16,1,False,10,1.616372034636381,16,1.6161769999999998,1,4,32,True,1,1024,16,2048,True,1,1,2,4
253,512,1024,DLMT,32,8,False,1,1024,0.00015873247934815297,False,32,32,4,True,1.6090936183978348,2048,1024,2048,128,True,False,False,512,True,16,False,256,False,12,1,1,True,1,16,16,1,1,1,12,False,10,1.6092903816021655,12,1.6091920000000002,1,4,1,True,2048,1024,4,32,True,1,16,2,1
254,8,1024,DLMT,32,8,True,1,1024,0.00015119854496652277,False,4,32,4,True,1.796043287892938,2048,1024,2048,8,True,True,True,512,True,16,True,256,True,4,12,2048,False,1,16,1,4,16,1,4,False,10,1.7962307121070618,12,1.7961369999999999,1,4,1,True,1,2048,1,1024,True,1,32,2,1
255,512,1024,DLMT,32,8,True,1,1024,0.0001694727116676993,False,128,32,4,True,1.537347961655197,2048,1024,1,2048,True,False,True,512,False,16,True,256,False,8,8,2048,False,1,16,12,1,1,1,1,False,10,1.5375580383448029,1,1.537453,1,4,8,True,2048,1024,16,512,True,1,16,2,16
256,16,1024,DLMT,32,8,True,1,1024,0.0009132819936908693,False,4,32,4,True,1.721039952357217,2048,1024,1,1024,True,False,False,512,False,16,False,256,False,16,1,2048,False,1,16,12,1,8,1,4,False,10,1.7221720476427829,8,1.721606,1,4,16,True,512,1,4,512,True,1,1,2,1
257,512,1024,DLMT,32,8,False,1,1024,0.0001892854986521725,False,16,32,4,True,1.604873681788248,2048,1024,1,512,True,True,False,512,True,16,True,256,True,16,16,1,False,1,16,1,4,16,1,12,False,10,1.605108318211752,4,1.604991,1,4,1,True,512,1,1,1,True,1,32,2,8
258,16,1024,DLMT,32,8,False,1,1024,0.001117964221252177,False,128,32,4,True,1.5368730913293736,2048,1024,256,1,True,False,True,512,True,16,True,256,False,4,4,2048,False,1,16,1,16,12,16,1,False,10,1.5382589086706264,12,1.537566,1,4,4,True,1,1,1,2048,True,1,2,2,4
259,64,1024,DLMT,32,8,False,1,1024,0.00016886681142248085,True,8,32,4,True,1.652233337189159,2048,1024,128,1,True,False,False,512,True,16,True,256,True,12,4,2048,True,1,16,16,1,1,4,1,False,10,1.6524426628108406,12,1.6523379999999999,1,4,16,True,1024,2048,1,256,True,1,16,2,12
260,16,1024,DLMT,32,8,False,1,1024,7.952358140831371e-05,True,4,32,4,True,1.6914547116792922,2048,1024,1,4,True,True,False,512,False,16,True,256,True,12,4,2048,True,1,16,1,16,12,1,16,False,10,1.691553288320708,12,1.6915040000000001,1,4,1,True,1024,1024,1,1,True,1,32,2,12
261,1024,1024,DLMT,32,8,False,1,1024,7.253275122312871e-05,False,8,32,4,True,1.5763220445611124,2048,1024,2048,2048,True,False,False,512,True,16,True,256,False,8,1,1,False,1,16,1,1,12,1,4,False,10,1.5764119554388873,16,1.5763669999999999,1,4,4,True,2048,1,1,1024,True,1,8,2,12
262,512,1024,DLMT,32,8,False,1,1024,0.0005550864797488797,False,128,32,4,True,1.5353929601573522,2048,1024,2048,2048,True,False,False,512,True,16,False,256,True,1,12,1,False,1,16,1,12,16,8,1,False,10,1.5360810398426477,8,1.535737,1,4,1,True,512,1024,1,2048,True,1,2,2,4
263,128,1024,DLMT,32,8,False,1,1024,0.0013070367248092095,False,4,32,4,True,1.5679149051309238,2048,1024,512,4,True,False,True,512,False,16,True,256,True,8,4,2048,True,1,16,1,4,4,12,1,False,10,1.5695350948690765,4,1.5687250000000001,1,4,2,True,1,2048,4,2048,True,1,8,2,16
264,32,1024,DLMT,32,8,False,1,1024,0.00014472042012101774,True,1,32,4,True,1.533256303002536,2048,1024,1024,256,True,True,False,512,False,16,True,256,True,4,1,2048,True,1,16,1,8,8,16,1,False,10,1.5334356969974638,16,1.5333459999999999,1,4,16,True,512,2048,16,2048,True,1,4,2,4
265,4,1024,DLMT,32,8,False,1,1024,0.0006456779382943168,True,16,32,4,True,1.5986298120213764,2048,1024,512,64,True,False,True,512,True,16,True,256,False,1,4,1,True,1,16,8,1,16,1,12,False,10,1.5994301879786235,8,1.59903,1,4,16,True,1,1,8,512,True,1,2,2,4
266,128,1024,DLMT,32,8,True,1,1024,0.0016039030519329842,True,16,32,4,True,1.533290908856114,2048,1024,2048,1024,True,False,True,512,True,16,False,256,True,12,16,2048,True,1,16,12,1,16,1,1,False,10,1.5352790911438863,8,1.5342850000000001,1,4,32,True,512,2048,12,2048,True,1,2,2,16
267,128,1024,DLMT,32,8,True,1,1024,0.00013814485151461767,False,1,32,4,True,1.6010803785072927,2048,1024,512,128,True,False,True,512,False,16,False,256,True,12,8,2048,False,1,16,1,16,8,1,12,False,10,1.601251621492707,1,1.6011659999999999,1,4,1,True,2048,1,16,1,True,1,1,2,4
268,4,1024,DLMT,32,8,False,1,1024,0.00016342888361607977,True,2048,32,4,True,1.6270597075897995,2048,1024,4,1,True,True,False,512,True,16,False,256,False,12,4,2048,True,1,16,1,12,16,1,16,False,10,1.6272622924102003,1,1.6271609999999999,1,4,32,True,1024,1,4,128,True,1,32,2,4
269,1,1024,DLMT,32,8,True,1,1024,6.0497933849034994e-05,False,32,32,4,True,1.6078925036811358,2048,1024,2,32,True,True,True,512,False,16,True,256,True,1,4,1,True,1,16,8,1,16,16,1,False,10,1.6079674963188644,1,1.60793,1,4,1,True,1024,2048,12,64,True,1,8,2,1
270,16,1024,DLMT,32,8,False,1,1024,0.00013869390758068157,True,16,32,4,True,1.5422220382050704,2048,1024,16,1024,True,False,True,512,True,16,False,256,False,16,8,1,False,1,16,16,1,4,4,1,False,10,1.5423939617949292,16,1.5423079999999998,1,4,1,True,512,1024,16,2048,True,1,32,2,8
271,128,1024,DLMT,32,8,True,1,1024,0.0036926696304976996,False,64,32,4,True,1.5464503017070756,2048,1024,512,128,True,False,True,512,False,16,False,256,True,12,12,1,True,1,16,1,4,12,4,1,False,10,1.5510276982929245,16,1.548739,1,4,32,True,512,2048,4,256,True,1,8,2,16
272,4,1024,DLMT,32,8,True,1,1024,0.0008809091894174144,False,16,32,4,True,1.5452910168604876,2048,1024,128,1024,True,True,False,512,True,16,True,256,False,12,4,1,True,1,16,8,1,1,12,1,False,10,1.5463829831395122,16,1.545837,1,4,32,True,512,2048,4,1,True,1,8,2,8
273,1,1024,DLMT,32,8,True,1,1024,0.0007437741592714649,True,8,32,4,True,1.6401390124709274,2048,1024,16,32,True,False,True,512,False,16,False,256,False,1,1,1,True,1,16,8,1,16,1,1,False,10,1.6410609875290731,8,1.6406000000000003,1,4,16,True,1024,1,4,2048,True,1,32,2,16
274,4,1024,DLMT,32,8,True,1,1024,8.588364221435578e-05,False,128,32,4,True,1.5465187697451992,2048,1024,8,1,True,False,False,512,False,16,True,256,True,4,16,1,False,1,16,4,1,16,1,1,False,10,1.5466252302548005,8,1.5465719999999998,1,4,32,True,2048,2048,16,512,True,1,2,2,12
275,256,1024,DLMT,32,8,True,1,1024,0.00016727522231342726,False,2048,32,4,True,1.5449833236481825,2048,1024,2048,2048,True,False,True,512,True,16,True,256,True,8,4,1,True,1,16,8,1,12,8,1,False,10,1.5451906763518173,1,1.5450869999999999,1,4,1,True,512,1,4,2048,True,1,32,2,1
276,2048,1024,DLMT,32,8,True,1,1024,7.738862965579602e-05,False,256,32,4,True,1.6211730349117823,2048,1024,1,2048,True,True,True,512,False,16,True,256,True,12,12,1,True,1,16,4,1,1,1,8,False,10,1.6212689650882173,8,1.6212209999999998,1,4,32,True,512,1024,12,2048,True,1,2,2,16
277,4,1024,DLMT,32,8,False,1,1024,9.509994742374207e-05,False,32,32,4,True,1.5372650575250144,2048,1024,4,512,True,True,False,512,False,16,False,256,True,8,16,2048,False,1,16,16,1,12,12,1,False,10,1.5373829424749859,8,1.5373240000000001,1,4,4,True,1024,1,12,32,True,1,4,2,4
278,8,1024,DLMT,32,8,True,1,1024,0.000531097919408467,True,1,32,4,True,1.5342258281478836,2048,1024,2048,1,True,False,True,512,True,16,False,256,False,8,1,1,False,1,16,1,16,16,8,1,False,10,1.5348841718521167,8,1.5345550000000001,1,4,8,True,1,1024,8,64,True,1,32,2,8
279,1,1024,DLMT,32,8,True,1,1024,0.00012737346662472225,True,2,32,4,True,2.2025850545581385,2048,1024,64,32,True,True,True,512,True,16,False,256,True,16,4,2048,False,1,16,1,8,1,1,8,False,10,2.2027429454418614,12,2.202664,1,4,4,True,2048,1,4,32,True,1,8,2,12
280,8,1024,DLMT,32,8,True,1,1024,0.002992486591448643,False,8,32,4,True,1.6311772716763822,2048,1024,8,16,True,False,False,512,True,16,True,256,False,1,12,2048,True,1,16,1,4,4,4,1,False,10,1.634886728323618,12,1.633032,1,4,32,True,1024,1024,16,1,True,1,1,2,4
281,64,1024,DLMT,32,8,False,1,1024,0.00012579745625408137,False,1,32,4,True,1.6172070313615372,2048,1024,1,16,True,True,False,512,True,16,False,256,True,4,4,2048,True,1,16,1,16,1,1,8,False,10,1.617362968638463,4,1.617285,1,4,32,True,1024,1024,12,1024,True,1,16,2,8
282,64,1024,DLMT,32,8,True,1,1024,0.00010836973747315273,False,128,32,4,True,1.577868832975062,2048,1024,1,1,True,True,True,512,True,16,True,256,True,1,4,2048,True,1,16,16,1,8,1,4,False,10,1.578003167024938,16,1.577936,1,4,2,True,2048,1,8,1,True,1,32,2,1
283,1,1024,DLMT,32,8,True,1,1024,0.00010538026380683254,False,256,32,4,True,1.6884996858359897,2048,1024,2,1,True,False,False,512,True,16,False,256,False,8,8,1,True,1,16,4,1,12,1,16,False,10,1.6886303141640104,8,1.688565,1,4,2,True,2048,2048,1,32,True,1,1,2,4
284,2,1024,DLMT,32,8,True,1,1024,9.05814550556498e-05,True,16,32,4,True,1.5752188580641375,2048,1024,2048,32,True,True,True,512,False,16,True,256,False,4,16,2048,True,1,16,4,1,12,1,4,False,10,1.5753311419358624,1,1.575275,1,4,16,True,2048,2048,8,64,True,1,16,2,12
285,32,1024,DLMT,32,8,False,1,1024,0.0004138707527719139,True,1024,32,4,True,1.6203924849634161,2048,1024,2048,1,True,True,False,512,False,16,True,256,False,12,8,2048,False,1,16,1,4,1,1,16,False,10,1.6209055150365843,8,1.6206490000000002,1,4,16,True,2048,1024,12,64,True,1,16,2,8
286,1,1024,DLMT,32,8,True,1,1024,0.0009140568910084158,False,8,32,4,True,1.5532834720797093,2048,1024,2048,2048,True,False,True,512,True,16,True,256,True,4,8,2048,True,1,16,16,1,12,16,1,False,10,1.5544165279202906,4,1.55385,1,4,8,True,1,2048,4,64,True,1,2,2,12
287,1024,1024,DLMT,32,8,False,1,1024,0.00020474374227311544,False,128,32,4,True,1.6021231008456438,2048,1024,1,2048,True,True,False,512,True,16,True,256,False,12,16,2048,True,1,16,12,1,4,1,12,False,10,1.6023768991543565,16,1.6022500000000002,1,4,2,True,1024,2048,12,2048,True,1,32,2,4
288,4,1024,DLMT,32,8,False,1,1024,0.00018984467335167457,True,1,32,4,True,1.5406553352145471,2048,1024,1024,1,True,False,True,512,True,16,True,256,False,16,16,1,False,1,16,4,1,12,16,1,False,10,1.5408906647854528,1,1.540773,1,4,1,True,1024,1,12,128,True,1,8,2,16
289,4,1024,DLMT,32,8,True,1,1024,0.00034553726282413435,True,2,32,4,True,1.820253837721026,2048,1024,8,32,True,False,True,512,False,16,True,256,True,16,16,1,True,1,16,1,12,12,1,8,False,10,1.8206821622789748,12,1.8204680000000004,1,4,2,True,512,2048,12,32,True,1,1,2,8
290,4,1024,DLMT,32,8,True,1,1024,0.000441077090767579,True,8,32,4,True,1.6763756226102788,2048,1024,16,1,True,True,True,512,True,16,False,256,True,1,1,2048,True,1,16,8,1,4,1,12,False,10,1.6769223773897208,16,1.6766489999999998,1,4,32,True,512,1,1,2048,True,1,1,2,12
291,1024,1024,DLMT,32,8,True,1,1024,0.0011187510893849572,True,1,32,4,True,1.584652603632414,2048,1024,1024,128,True,False,True,512,False,16,True,256,True,16,4,1,False,1,16,16,1,8,1,4,False,10,1.5860393963675863,4,1.5853460000000001,1,4,32,True,2048,1024,1,512,True,1,8,2,8
292,8,1024,DLMT,32,8,True,1,1024,0.0005474385810298953,False,2,32,4,True,1.7704917002869858,2048,1024,512,2,True,True,False,512,False,16,True,256,False,16,12,1,False,1,16,16,1,16,1,16,False,10,1.7711702997130143,4,1.770831,1,4,2,True,1024,1,1,2048,True,1,32,2,12
293,4,1024,DLMT,32,8,True,1,1024,0.00018947559209567724,False,16,32,4,True,1.683565563969276,2048,1024,512,16,True,False,False,512,True,16,False,256,True,8,16,1,False,1,16,8,1,4,1,8,False,10,1.6838004360307237,8,1.6836829999999998,1,4,2,True,512,1,12,1,True,1,1,2,8
294,128,1024,DLMT,32,8,False,1,1024,0.0001644658019163986,False,4,32,4,True,1.665127064912988,2048,1024,512,64,True,True,False,512,True,16,False,256,True,1,1,1,False,1,16,1,1,12,1,8,False,10,1.6653309350870114,1,1.6652289999999996,1,4,4,True,1,1024,16,256,True,1,2,2,4
295,16,1024,DLMT,32,8,True,1,1024,0.00014879852149804693,True,4,32,4,True,1.919230775415561,2048,1024,32,2048,True,False,True,512,False,16,False,256,True,4,16,2048,True,1,16,1,1,16,1,16,False,10,1.9194152245844387,12,1.919323,1,4,16,True,512,2048,12,1024,True,1,1,2,12
296,2,1024,DLMT,32,8,True,1,1024,0.000147746404355583,False,4,32,4,True,1.7291894275125395,2048,1024,8,1024,True,True,False,512,True,16,True,256,True,4,1,1,True,1,16,1,12,4,8,1,False,10,1.7293725724874602,8,1.7292809999999998,1,4,8,True,512,1024,1,512,True,1,16,2,16
297,32,1024,DLMT,32,8,False,1,1024,0.0014485841363206758,True,8,32,4,True,1.5909741747484332,2048,1024,32,2048,True,True,True,512,False,16,True,256,True,4,12,1,True,1,16,8,1,4,4,1,False,10,1.5927698252515667,4,1.591872,1,4,32,True,512,1,16,256,True,1,16,2,1
298,1,1024,DLMT,32,8,True,1,1024,0.0004709734599741076,True,4,32,4,True,1.6569760929891606,2048,1024,128,1,True,False,True,512,False,16,True,256,True,16,16,2048,False,1,16,1,16,1,1,4,False,10,1.6575599070108389,4,1.6572679999999997,1,4,1,True,2048,2048,8,256,True,1,32,2,12
299,2,1024,DLMT,32,8,True,1,1024,0.0002080120188834951,False,1,32,4,True,1.6258800751840365,2048,1024,4,256,True,True,True,512,True,16,True,256,True,12,16,1,True,1,16,12,1,16,1,16,False,10,1.626137924815964,16,1.6260090000000003,1,4,1,True,1,1,1,1,True,1,8,2,12
300,1,1024,DLMT,32,8,False,1,1024,0.00034459396396339107,True,1,32,4,True,1.6170414223729734,2048,1024,128,16,True,False,True,512,False,16,False,256,True,8,12,1,False,1,16,1,1,8,1,8,False,10,1.6174685776270268,8,1.617255,1,4,32,True,512,2048,12,64,True,1,32,2,4
301,32,1024,DLMT,32,8,False,1,1024,0.00010377379245255316,False,2,32,4,True,2.211104681518955,2048,1024,1,2048,True,False,True,512,False,16,False,256,False,12,12,2048,True,1,16,1,1,4,16,1,False,10,2.211233318481046,4,2.2111690000000004,1,4,4,True,1024,1,4,1,True,1,2,2,12
302,128,1024,DLMT,32,8,True,1,1024,0.0019399443290981332,False,1024,32,4,True,1.6242736321418774,2048,1024,512,1,True,False,False,512,False,16,True,256,False,8,1,2048,True,1,16,4,1,16,1,8,False,10,1.626678367858122,16,1.6254759999999997,1,4,8,True,512,2048,1,32,True,1,4,2,16
303,2,1024,DLMT,32,8,False,1,1024,0.00015388632167933115,False,4,32,4,True,1.5656016220222835,2048,1024,128,256,True,False,True,512,True,16,True,256,False,1,12,2048,False,1,16,8,1,16,12,1,False,10,1.5657923779777163,12,1.565697,1,4,4,True,512,1024,12,2048,True,1,8,2,1
304,1024,1024,DLMT,32,8,False,1,1024,0.0001349962962454641,True,2,32,4,True,2.1740923299662076,2048,1024,2048,32,True,False,False,512,True,16,True,256,False,16,16,2048,True,1,16,1,1,1,1,16,False,10,2.1742596700337926,8,2.174176,1,4,4,True,512,2048,4,1,True,1,1,2,16
305,2048,1024,DLMT,32,8,True,1,1024,0.00011525623627376841,True,2048,32,4,True,1.5298245647573154,2048,1024,2048,2048,True,True,True,512,False,16,True,256,False,1,8,2048,True,1,16,16,1,1,16,1,False,10,1.5299674352426844,12,1.529896,1,4,1,True,2048,1,12,1,True,1,1,2,8
306,8,1024,DLMT,32,8,True,1,1024,8.44334057112971e-05,False,256,32,4,True,1.5340166685945797,2048,1024,8,2048,True,True,False,512,True,16,True,256,False,12,16,2048,False,1,16,1,8,16,4,1,False,10,1.5341213314054205,4,1.5340690000000001,1,4,2,True,2048,1024,16,256,True,1,16,2,1
307,2048,1024,DLMT,32,8,True,1,1024,0.00011233877335986369,False,64,32,4,True,1.5312203729863363,2048,1024,2048,128,True,False,False,512,False,16,False,256,False,1,4,1,True,1,16,12,1,4,4,1,False,10,1.5313596270136633,1,1.5312899999999998,1,4,16,True,1,1024,8,64,True,1,32,2,8
308,32,1024,DLMT,32,8,False,1,1024,0.00040147229045105876,False,4,32,4,True,1.6720911694687701,2048,1024,64,2048,True,False,False,512,True,16,False,256,True,16,12,2048,True,1,16,8,1,16,4,1,False,10,1.6725888305312293,4,1.6723399999999997,1,4,16,True,2048,1024,1,1,True,1,2,2,1
309,16,1024,DLMT,32,8,True,1,1024,0.00011410959644128442,True,512,32,4,True,1.5382262754389877,2048,1024,1,512,True,False,False,512,False,16,True,256,True,8,12,2048,False,1,16,1,1,1,4,1,False,10,1.5383677245610128,4,1.5382970000000002,1,4,4,True,1024,1024,4,2048,True,1,2,2,16
310,8,1024,DLMT,32,8,False,1,1024,0.0007154502079110547,True,8,32,4,True,1.5623955675152754,2048,1024,1,16,True,False,True,512,False,16,True,256,False,12,1,1,True,1,16,16,1,4,8,1,False,10,1.5632824324847243,1,1.5628389999999999,1,4,8,True,2048,1,8,1,True,1,2,2,4
311,2,1024,DLMT,32,8,True,1,1024,7.879720807239411e-05,False,2,32,4,True,2.0294401618818774,2048,1024,512,1,True,True,True,512,True,16,True,256,True,12,16,2048,False,1,16,12,1,8,1,4,False,10,2.0295378381181233,12,2.0294890000000003,1,4,4,True,2048,1024,16,64,True,1,1,2,16
312,32,1024,DLMT,32,8,True,1,1024,9.15914843203205e-05,False,1024,32,4,True,1.536262232053017,2048,1024,2048,2048,True,True,False,512,False,16,True,256,True,1,16,1,True,1,16,12,1,1,12,1,False,10,1.5363757679469834,16,1.5363190000000002,1,4,1,True,1,2048,4,64,True,1,32,2,4
313,2048,1024,DLMT,32,8,True,1,1024,0.0007601322253397778,True,1024,32,4,True,1.5409518738228398,2048,1024,2048,2048,True,True,False,512,False,16,True,256,False,1,1,2048,False,1,16,12,1,16,12,1,False,10,1.5418941261771602,16,1.541423,1,4,32,True,1,1024,12,64,True,1,32,2,1
314,32,1024,DLMT,32,8,True,1,1024,0.0005863275535056966,False,1024,32,4,True,1.5381465970950339,2048,1024,2048,2048,True,True,False,512,False,16,True,256,False,1,4,2048,False,1,16,12,1,16,12,1,False,10,1.5388734029049662,16,1.53851,1,4,1,True,1,1024,4,64,True,1,32,2,12
315,1,1024,DLMT,32,8,True,1,1024,8.003124389883819e-05,False,1024,32,4,True,1.5327053970326021,2048,1024,2048,2048,True,False,False,512,False,16,False,256,True,1,1,2048,False,1,16,12,1,12,12,1,False,10,1.5328046029673976,16,1.5327549999999999,1,4,4,True,1,1024,16,64,True,1,32,2,8
316,8,1024,DLMT,32,8,True,1,1024,9.961927524330753e-05,True,1024,32,4,True,1.5433842564680822,2048,1024,2048,2048,True,True,True,512,True,16,False,256,True,1,1,1,False,1,16,12,1,1,12,1,False,10,1.5435077435319176,16,1.5434459999999999,1,4,1,True,1,2048,16,64,True,1,32,2,16
317,8,1024,DLMT,32,8,False,1,1024,0.00011610770861575527,False,1024,32,4,True,1.5385810370189876,2048,1024,2048,2048,True,True,False,512,True,16,True,256,False,1,1,1,False,1,16,12,1,16,12,1,False,10,1.5387249629810125,16,1.538653,1,4,2,True,1,1,4,64,True,1,32,2,1
318,1,1024,DLMT,32,8,True,1,1024,0.0005689367275892514,False,1024,32,4,True,1.5479363758425446,2048,1024,2048,2048,True,True,False,512,True,16,True,256,False,1,8,1,True,1,16,12,1,4,12,1,False,10,1.5486416241574554,16,1.548289,1,4,32,True,1,1,16,64,True,1,32,2,4
319,128,1024,DLMT,32,8,False,1,1024,0.00011973303637674123,False,1024,32,4,True,1.534287790058851,2048,1024,2048,2048,True,True,True,512,False,16,True,256,False,1,1,1,True,1,16,12,1,8,12,1,False,10,1.534436209941149,16,1.534362,1,4,1,True,1,1024,4,64,True,1,32,2,4
320,256,1024,DLMT,32,8,True,1,1024,0.001260111503002823,False,1024,32,4,True,1.5352519891502892,2048,1024,2048,2048,True,True,True,512,False,16,True,256,True,1,4,2048,False,1,16,12,1,1,12,1,False,10,1.5368140108497113,16,1.5360330000000002,1,4,8,True,1,1024,8,64,True,1,32,2,1
321,2,1024,DLMT,32,8,True,1,1024,0.0017651640150422134,True,1024,32,4,True,1.549559960112274,2048,1024,2048,2048,True,False,True,512,True,16,False,256,False,1,16,1,False,1,16,12,1,16,12,1,False,10,1.551748039887726,16,1.550654,1,4,2,True,1,2048,4,64,True,1,32,2,4
322,512,1024,DLMT,32,8,False,1,1024,0.00014512408483777686,True,1024,32,4,True,1.5393670528131498,2048,1024,2048,2048,True,True,True,512,True,16,False,256,True,1,1,2048,False,1,16,12,1,16,12,1,False,10,1.5395469471868504,16,1.539457,1,4,16,True,1,1024,1,64,True,1,32,2,4
323,256,1024,DLMT,32,8,False,1,1024,0.00039507087971650973,False,1024,32,4,True,1.5375821370313436,2048,1024,2048,2048,True,True,False,512,False,16,False,256,False,1,4,2048,False,1,16,12,1,1,12,1,False,10,1.5380718629686565,16,1.537827,1,4,4,True,1,2048,16,64,True,1,32,2,16
324,2048,1024,DLMT,32,8,True,1,1024,8.331266410336929e-05,True,1024,32,4,True,1.5352053632246607,2048,1024,2048,2048,True,False,True,512,False,16,True,256,False,1,8,1,True,1,16,12,1,12,12,1,False,10,1.5353086367753395,16,1.535257,1,4,8,True,1,1024,1,64,True,1,32,2,16
325,1,1024,DLMT,32,8,False,1,1024,0.002074295302024241,False,1024,32,4,True,1.5458773620762727,2048,1024,2048,2048,True,False,True,512,True,16,False,256,False,1,16,1,True,1,16,12,1,1,12,1,False,10,1.5484486379237274,16,1.547163,1,4,4,True,1,1024,16,64,True,1,32,2,1
326,2048,1024,DLMT,32,8,False,1,1024,8.419619943914798e-05,False,1024,32,4,True,1.5466388156138486,2048,1024,2048,2048,True,True,True,512,True,16,False,256,True,1,8,2048,True,1,16,12,1,4,12,1,False,10,1.5467431843861514,16,1.546691,1,4,2,True,1,1024,12,64,True,1,32,2,1
327,8,1024,DLMT,32,8,False,1,1024,0.00015575942989113161,False,1024,32,4,True,1.547946461079119,2048,1024,2048,2048,True,True,False,512,True,16,True,256,False,1,12,2048,False,1,16,12,1,1,12,1,False,10,1.5481395389208812,16,1.548043,1,4,8,True,1,2048,4,64,True,1,32,2,8
328,2,1024,DLMT,32,8,False,1,1024,0.004577285330848418,True,1024,32,4,True,1.6096600212904995,2048,1024,2048,2048,True,False,False,512,False,16,True,256,True,1,12,1,False,1,16,12,1,1,12,1,False,10,1.6153339787095002,16,1.6124969999999998,1,4,1,True,1,1,12,64,True,1,32,2,1
329,1,1024,DLMT,32,8,True,1,1024,0.00044026810013899313,False,1024,32,4,True,1.5376751240186517,2048,1024,2048,2048,True,False,False,512,False,16,True,256,False,1,1,1,True,1,16,12,1,1,12,1,False,10,1.5382208759813485,16,1.537948,1,4,16,True,1,2048,1,64,True,1,32,2,12
330,1,1024,DLMT,32,8,False,1,1024,0.0001185790875323124,False,1024,32,4,True,1.5390435052706122,2048,1024,2048,2048,True,True,True,512,True,16,False,256,False,1,12,1,False,1,16,12,1,1,12,1,False,10,1.5391904947293875,16,1.5391169999999998,1,4,32,True,1,1,12,64,True,1,32,2,8
331,2048,1024,DLMT,32,8,True,1,1024,0.0005237022054564955,False,1024,32,4,True,1.542961411974651,2048,1024,2048,2048,True,True,False,512,False,16,False,256,True,1,16,1,True,1,16,12,1,1,12,1,False,10,1.5436105880253488,16,1.543286,1,4,32,True,1,1,1,64,True,1,32,2,4
332,1,1024,DLMT,32,8,False,1,1024,0.00017013230145978224,False,1024,32,4,True,1.5493095528447207,2048,1024,2048,2048,True,True,False,512,True,16,True,256,True,1,16,2048,True,1,16,12,1,12,12,1,False,10,1.5495204471552793,16,1.549415,1,4,1,True,1,1,4,64,True,1,32,2,16
333,1024,1024,DLMT,32,8,False,1,1024,0.00011661903789693506,False,1024,32,4,True,1.5411577200996394,2048,1024,2048,2048,True,False,True,512,False,16,True,256,True,1,16,1,True,1,16,12,1,16,12,1,False,10,1.5413022799003608,16,1.54123,1,4,8,True,1,2048,16,64,True,1,32,2,12
334,512,1024,DLMT,32,8,False,1,1024,0.0003910255746111912,False,1024,32,4,True,1.5315406442913522,2048,1024,2048,2048,True,True,False,512,True,16,False,256,False,1,8,2048,False,1,16,12,1,8,12,1,False,10,1.532025355708648,16,1.5317830000000001,1,4,1,True,1,2048,1,64,True,1,32,2,1
335,1,1024,DLMT,32,8,False,1,1024,0.0001453306574677686,True,1024,32,4,True,1.5428129247804598,2048,1024,2048,2048,True,False,True,512,False,16,False,256,False,1,4,2048,True,1,16,12,1,4,12,1,False,10,1.54299307521954,16,1.542903,1,4,32,True,1,2048,4,64,True,1,32,2,8
336,16,1024,DLMT,32,8,False,1,1024,0.0002143268531939121,True,1024,32,4,True,1.546655161281101,2048,1024,2048,2048,True,False,False,512,True,16,False,256,False,1,16,2048,True,1,16,12,1,4,12,1,False,10,1.546920838718899,16,1.546788,1,4,16,True,1,1024,16,64,True,1,32,2,4
337,16,1024,DLMT,32,8,False,1,1024,9.883825170447103e-05,True,1024,32,4,True,1.537707740542592,2048,1024,2048,2048,True,False,False,512,True,16,True,256,True,1,4,1,False,1,16,12,1,1,12,1,False,10,1.5378302594574083,16,1.5377690000000002,1,4,2,True,1,1,1,64,True,1,32,2,8
338,8,1024,DLMT,32,8,True,1,1024,0.00016438065579623524,True,1024,32,4,True,1.5380551176861306,2048,1024,2048,2048,True,True,True,512,True,16,False,256,True,1,1,2048,True,1,16,12,1,8,12,1,False,10,1.5382588823138694,16,1.538157,1,4,32,True,1,1024,16,64,True,1,32,2,12
339,256,1024,DLMT,32,8,True,1,1024,0.0008531729015856035,True,1024,32,4,True,1.5424472076739002,2048,1024,2048,2048,True,False,True,512,True,16,True,256,False,1,16,2048,True,1,16,12,1,12,12,1,False,10,1.5435047923260996,16,1.542976,1,4,4,True,1,2048,12,64,True,1,32,2,8
340,16,1024,DLMT,32,8,True,1,1024,0.00114989608226137,True,1024,32,4,True,1.5329903001205483,2048,1024,2048,2048,True,True,True,512,False,16,True,256,True,1,12,2048,False,1,16,12,1,12,12,1,False,10,1.5344156998794523,16,1.5337030000000003,1,4,4,True,1,1,16,64,True,1,32,2,1
341,128,1024,DLMT,32,8,False,1,1024,0.00016406096427853414,False,1024,32,4,True,1.5512063158293452,2048,1024,2048,2048,True,False,False,512,True,16,True,256,False,1,8,2048,False,1,16,12,1,1,12,1,False,10,1.551409684170655,16,1.5513080000000001,1,4,32,True,1,1024,4,64,True,1,32,2,16
342,1024,1024,DLMT,32,8,True,1,1024,0.0023673497840412164,False,1024,32,4,True,1.5518177283641241,2048,1024,2048,2048,True,False,False,512,True,16,False,256,True,1,4,2048,False,1,16,12,1,4,12,1,False,10,1.5547522716358764,16,1.5532850000000002,1,4,8,True,1,1,4,64,True,1,32,2,12
343,8,1024,DLMT,32,8,True,1,1024,8.768694315572634e-05,False,1024,32,4,True,1.5355366520682343,2048,1024,2048,2048,True,False,True,512,False,16,True,256,False,1,16,2048,True,1,16,12,1,4,12,1,False,10,1.535645347931766,16,1.5355910000000002,1,4,4,True,1,2048,12,64,True,1,32,2,16
344,1,1024,DLMT,32,8,False,1,1024,0.0009143434803179786,False,1024,32,4,True,1.539769294453079,2048,1024,2048,2048,True,True,False,512,True,16,True,256,True,1,16,1,False,1,16,12,1,4,12,1,False,10,1.5409027055469213,16,1.5403360000000001,1,4,32,True,1,1024,1,64,True,1,32,2,16
345,128,1024,DLMT,32,8,True,1,1024,0.0005887180989233939,True,1024,32,4,True,1.5311941154468596,2048,1024,2048,2048,True,True,False,512,False,16,False,256,True,1,12,1,True,1,16,12,1,4,12,1,False,10,1.5319238845531407,16,1.5315590000000001,1,4,4,True,1,1024,8,64,True,1,32,2,12
346,64,1024,DLMT,32,8,True,1,1024,0.0009181661069762966,False,1024,32,4,True,1.5329019252080658,2048,1024,2048,2048,True,False,True,512,True,16,False,256,False,1,12,2048,True,1,16,12,1,16,12,1,False,10,1.5340400747919343,16,1.533471,1,4,2,True,1,1,1,64,True,1,32,2,16
347,16,1024,DLMT,32,8,False,1,1024,0.0002388221095292587,False,1024,32,4,True,1.5353239792429092,2048,1024,2048,2048,True,False,False,512,False,16,False,256,True,1,4,1,True,1,16,12,1,12,12,1,False,10,1.5356200207570907,16,1.535472,1,4,16,True,1,2048,12,64,True,1,32,2,1
348,4,1024,DLMT,32,8,False,1,1024,0.0008219708024011195,False,1024,32,4,True,1.5459325465799723,2048,1024,2048,2048,True,False,True,512,True,16,False,256,False,1,16,1,False,1,16,12,1,8,12,1,False,10,1.5469514534200275,16,1.5464419999999999,1,4,8,True,1,1,8,64,True,1,32,2,12
349,32,1024,DLMT,32,8,True,1,1024,0.00013948476619328408,False,1024,32,4,True,1.5320315480348314,2048,1024,2048,2048,True,True,True,512,True,16,False,256,False,1,4,1,True,1,16,12,1,12,12,1,False,10,1.5322044519651687,16,1.532118,1,4,2,True,1,1024,1,64,True,1,32,2,4
