id,T2_J,T2_I,T4_I,T4_J,mean_confidence_interval_inf,T2_Ja,baseline,T2_Ia,technique,T4_Ia,VEC4,VEC2,VEC3,VEC1,U4_J,U2_J,SCR,U4_I,U1_I,RT2_I,runs,U2_I,RT2_J,cost_mean,cost_std,correct_result,OMP,RT4_J,RT4_I,T4_Ja,mean_confidence_interval_sup,U3_I
1,64,64,16,4,2.376061609244672,512,False,2048,RS,512,False,False,False,True,4,8,False,1,10,1,10,1,2,2.4622749999999995,0.13909984149883137,True,True,2,2,128,2.548488390755327,10
2,8,16,64,1,2.5070704606276726,8,False,64,RS,64,False,False,True,True,3,26,True,1,1,4,10,1,4,2.5389969999999993,0.051511447669425885,True,True,8,8,8,2.570923539372326,3
3,1,1,16,16,6.344803901647258,1,False,128,RS,128,False,True,True,True,1,4,True,18,14,32,10,1,2,6.345283,0.0007729948253384899,True,False,8,1,128,6.3457620983527425,25
4,2,1024,64,2,2.331583873721238,32,False,1,RS,2048,False,False,True,True,23,1,True,1,17,8,10,22,2,2.3846990000000003,0.08569788964146083,True,True,1,4,1024,2.4378141262787625,2
5,1,64,4,2,6.910526248613276,32,False,2048,RS,16,False,False,False,False,1,1,False,21,5,8,10,8,8,6.911851,0.0021374023954323193,True,False,2,2,2048,6.913175751386725,13
6,4,2,8,1,5.688449929458206,4,False,512,RS,1,True,True,False,False,19,15,False,1,15,1,10,1,32,5.688879,0.0006922781233002524,True,False,16,2,256,5.689308070541794,18
7,8,64,4,8,2.483320407343305,512,False,2048,RS,128,False,False,False,True,8,1,False,1,19,16,10,3,1,2.525827,0.06858169304559335,True,True,1,16,64,2.5683335926566953,15
8,8,256,1,4,7.215117653372977,32,False,1024,RS,256,False,False,False,False,1,2,True,10,7,8,10,1,2,7.215425999999999,0.0004974977386882792,True,False,32,1,256,7.215734346627021,26
9,8,32,8,4,5.653706244178549,16,False,2048,RS,256,True,False,False,False,27,1,False,1,29,1,10,17,2,5.654292,0.0009450798908030168,True,False,2,8,256,5.654877755821451,28
10,256,128,64,4,2.5228549084345944,512,False,512,RS,1,True,False,False,False,22,1,False,1,9,1,10,10,1,2.571959,0.07922633936387577,True,True,4,16,128,2.621063091565406,22
11,16,32,64,8,14.470969626171776,64,False,512,RS,2048,False,True,True,True,9,1,True,1,21,2,10,26,16,14.47281,0.0029693265229678648,True,False,4,32,2048,14.474650373828226,12
12,4,64,1024,128,2.1529991527361494,512,False,64,RS,1024,False,False,False,True,7,23,True,1,25,4,10,1,2,2.358866,0.33215310955039995,True,True,1,1,2048,2.5647328472638504,1
13,2,2,32,64,5.54879601493894,16,False,64,RS,2048,False,False,True,False,12,1,False,1,6,1,10,1,16,5.548895999999999,0.00016131955864066876,True,False,2,8,2048,5.548995985061058,10
14,4,128,1,1024,2.3760866686060633,512,False,1,RS,1024,False,True,False,False,2,1,False,1,5,16,10,11,1,2.474807,0.1592789974886834,True,True,8,2,2048,2.573527331393937,21
15,4,512,32,1,2.5229862803235723,256,False,2048,RS,256,False,True,False,False,1,1,True,12,19,16,10,19,8,2.571338,0.07801243500878563,True,True,8,1,512,2.6196897196764275,22
16,64,16,4,4,2.32355494751423,2048,False,128,RS,1,True,True,True,True,25,19,True,1,13,2,10,1,32,2.4806749999999997,0.2535032459062408,True,True,4,4,4,2.6377950524857696,12
17,128,2,2,4,2.5199329240523327,1,False,16,RS,8,True,False,True,False,24,25,False,1,7,2,10,1,2,2.5545739999999997,0.05589118037758735,True,True,4,2,128,2.5892150759476666,15
18,8,2,1,1,4.242785624944114,256,False,128,RS,256,False,True,True,True,4,26,True,1,5,1,10,1,8,4.244136999999999,0.0021803579981278898,True,False,2,1,32,4.245488375055885,17
19,16,64,128,4,7.061809447013433,64,False,1,RS,512,True,False,True,True,7,1,True,1,22,4,10,8,32,7.0625219999999995,0.001149659079901432,True,False,2,32,128,7.063234552986566,9
20,16,8,256,64,4.036386554789267,256,False,2048,RS,2048,True,True,True,True,24,25,True,1,22,1,10,1,4,4.036509,0.00019755758654125703,True,False,8,4,1,4.036631445210732,3
21,64,32,16,1,2.101887506372429,2048,False,256,RS,128,False,False,False,False,1,7,True,10,30,16,10,1,1,2.29291,0.308202685841639,True,True,8,16,16,2.483932493627571,11
22,16,16,16,2,2.5431645082082004,256,False,2048,RS,64,False,False,True,True,13,23,False,1,13,4,10,1,1,2.6038379999999997,0.0978928333229762,True,True,16,8,64,2.664511491791799,13
23,512,4,2,1024,2.6162374344715422,1,False,1024,RS,128,True,True,False,False,1,1,True,13,1,2,10,10,16,2.684081,0.10946129283449926,True,True,32,4,2048,2.7519245655284577,5
24,1,4,256,32,2.7113584425534962,16,False,16,RS,1024,True,True,False,True,1,12,True,8,10,4,10,1,16,2.768218,0.09173929199639592,True,True,1,4,256,2.825077557446504,1
25,2048,2048,16,512,3.901814230387154,1,False,1,RS,16,False,False,True,True,1,16,True,28,2,1,10,1,8,3.9019329999999997,0.00019162724232219084,True,False,4,8,2048,3.902051769612845,29
26,16,4,128,8,7.298565239146909,64,False,32,RS,128,True,True,True,True,11,1,False,1,8,8,10,4,4,7.299169000000001,0.0009741298681387111,True,False,2,1,1,7.2997727608530925,16
27,16,4,32,32,7.317348761790158,2048,False,4,RS,32,True,False,True,False,1,1,False,18,29,1,10,12,1,7.319075,0.002785175936992116,True,False,4,2,512,7.3208012382098415,25
28,4,8,8,8,2.6332835572743982,4,False,8,RS,64,False,False,True,False,1,1,False,9,21,8,10,4,8,2.6697859999999998,0.058894377694309726,True,True,4,4,32,2.7062884427256013,29
29,1,512,1,8,5.437879200254273,4,False,2048,RS,256,False,True,True,False,9,7,True,1,11,2,10,1,1,5.438041,0.0002610536343359421,True,False,2,16,32,5.438202799745727,23
30,32,64,8,64,5.92188432274338,1,False,1,RS,2048,False,False,False,True,20,7,False,1,16,1,10,1,4,5.923516,0.0026326078325493276,True,False,8,8,256,5.9251476772566205,28
31,256,64,4,2048,26.669958483928667,1,False,1,RS,32,True,True,False,True,1,4,False,13,29,1,10,1,32,26.673129999999997,0.00511704016009261,True,False,2,1,1,26.676301516071327,29
32,32,1024,16,32,5.900814996090622,1,False,2048,RS,128,False,False,False,True,1,30,False,5,8,4,10,1,2,5.901248000000001,0.000698624362587004,True,False,2,32,1024,5.901681003909379,9
33,64,2,32,4,2.212917723637423,1,False,16,RS,2048,False,False,False,True,1,12,True,19,17,1,10,1,2,2.283768,0.11431243019024659,True,True,4,2,1,2.3546182763625767,10
34,1,256,32,2,2.6122831034883154,128,False,512,RS,1024,False,True,True,True,1,1,False,22,22,8,10,10,2,2.6420419999999996,0.04801409330602835,True,True,2,1,32,2.6718008965116837,13
35,512,1,32,4,4.5555891436907965,1,False,32,RS,128,True,False,True,False,1,26,True,15,5,1,10,1,8,4.555791,0.00032568236059075944,True,False,16,8,64,4.555992856309204,7
36,4,16,8,2,4.8481010252700845,2048,False,16,RS,2048,False,False,True,False,9,1,True,1,6,8,10,2,4,4.84842,0.0005146455090643242,True,False,1,4,2048,4.848738974729915,4
37,2,2,2,4,2.384869244708434,1,False,1024,RS,2048,True,True,False,False,22,1,False,1,22,2,10,16,32,2.4671580000000004,0.13276769093420282,True,True,1,1,2048,2.5494467552915667,5
38,8,32,128,16,6.67536295070536,2048,False,512,RS,1024,False,False,True,False,1,1,False,30,21,32,10,28,4,6.675643000000001,0.0004518417864694004,True,False,1,2,2048,6.675923049294642,3
39,256,2,2048,1,7.049105825747943,256,False,1024,RS,1,True,False,True,False,3,1,True,1,11,2,10,10,8,7.049452,0.0005585302140440841,True,False,4,1,64,7.049798174252056,22
40,2,1,8,2,6.862582883582302,16,False,64,RS,8,True,False,True,False,1,6,True,10,5,4,10,1,1,6.862793999999999,0.000340622958709363,True,False,8,2,256,6.863005116417696,9
41,64,8,8,128,6.553116826667995,64,False,16,RS,8,False,True,False,False,1,26,False,4,8,8,10,1,2,6.555669,0.004117769906150739,True,False,8,1,128,6.558221173332005,5
42,32,128,4,256,5.787838331463839,512,False,512,RS,256,False,False,False,False,24,8,True,1,26,4,10,1,8,5.791936,0.006611328459545767,True,False,1,8,2048,5.79603366853616,7
43,16,2,4,16,6.347786963663788,1024,False,128,RS,2048,True,False,False,True,1,21,False,12,24,1,10,1,1,6.348034,0.0003985774705122361,True,False,4,1,2048,6.348281036336212,20
44,8,1,16,16,2.377388880985933,1024,False,512,RS,512,False,False,True,False,1,1,False,17,15,4,10,28,1,2.4504159999999997,0.11782462783306384,True,True,8,8,256,2.5234431190140665,24
45,512,1024,16,4,2.2299787789029124,1,False,2048,RS,512,True,False,True,False,21,1,False,1,1,8,10,21,1,2.3674609999999996,0.22181884967017565,True,True,8,2,4,2.504943221097087,3
46,256,64,1,1,3.3342065459123815,2048,False,512,RS,1,True,True,False,False,2,1,True,1,2,1,10,26,32,3.4882659999999994,0.24856516438149584,True,True,4,32,512,3.6423254540876173,7
47,1,2,8,4,6.129528741722513,2048,False,2,RS,8,False,False,False,True,1,3,True,5,16,32,10,1,1,6.130013,0.0007813200368608206,True,False,4,2,128,6.130497258277487,8
48,4,32,4,16,6.155725067727489,1024,False,32,RS,32,False,False,False,True,29,8,True,1,22,4,10,1,32,6.156015000000001,0.000467787344848023,True,False,1,32,512,6.156304932272513,3
49,4,1,128,32,5.819982049279178,1024,False,64,RS,1024,True,True,True,True,1,1,False,14,21,16,10,9,1,5.8238780000000006,0.0062858695500304105,True,False,32,2,128,5.8277739507208235,9
50,16,2,512,16,2.164880980273462,2048,False,1024,RS,1024,True,True,False,False,12,1,False,1,30,4,10,12,1,2.3204870000000004,0.2510604500135376,True,True,4,8,64,2.4760930197265387,26
51,16,512,32,2,3.27547895836988,2048,False,1,RS,128,False,False,True,False,1,1,True,3,30,8,10,3,16,3.4001059999999996,0.20107783240327612,True,True,4,1,8,3.5247330416301192,3
52,4,8,8,4,7.109944865238337,512,False,1024,RS,256,True,False,False,True,14,1,True,1,8,8,10,30,8,7.111455000000001,0.0024365067206965785,True,False,2,16,64,7.112965134761666,2
53,32,512,2,128,1.8450340201455826,2048,False,512,RS,256,True,False,True,True,1,14,True,3,26,2,10,1,8,2.082516,0.38316212211543044,True,True,16,1,256,2.3199979798544175,10
54,1,512,8,1,1.9975664769775787,2048,False,2048,RS,32,True,False,False,True,2,8,False,1,4,8,10,1,1,2.1672730000000002,0.27381071834572146,True,True,32,4,128,2.3369795230224217,20
55,16,16,8,16,4.575015013306988,32,False,32,RS,512,True,True,True,True,1,1,True,9,9,2,10,26,2,4.576692,0.0027057117363090463,True,False,4,2,16,4.578368986693013,29
56,16,32,64,4,2.5930661082870823,1,False,2048,RS,128,False,False,True,False,1,17,False,27,27,1,10,1,2,2.6271339999999994,0.05496638394509863,True,True,16,1,8,2.6612018917129165,29
57,32,16,8,16,6.234000453304933,1024,False,32,RS,1024,False,False,True,False,1,30,True,20,22,2,10,1,8,6.238293,0.006925752016929314,True,False,1,32,1024,6.242585546695066,25
58,1,4,16,256,20.341738539378028,32,False,512,RS,16,True,False,True,False,1,20,False,21,25,8,10,1,1,20.342159999999996,0.0006799999999998886,True,False,2,32,1,20.342581460621965,1
59,256,2,128,2,2.1107524864911342,2048,False,2048,RS,1,True,True,True,True,14,1,False,1,2,1,10,24,2,2.3180659999999995,0.3344872138423231,True,True,4,16,4,2.525379513508865,8
60,8,128,32,1,2.6499946243747585,128,False,2048,RS,32,False,False,True,False,1,1,False,1,26,8,10,11,2,2.6735390000000003,0.03798735775228384,True,True,8,16,256,2.697083375625242,6
61,2048,64,128,512,1.8873196245734223,2048,False,2048,RS,512,True,True,True,True,10,1,True,1,5,4,10,22,8,2.1230640000000003,0.38035860750612704,True,True,1,16,1,2.3588083754265785,28
62,2,2,2,16,1.9736563660511826,2048,False,1,RS,512,True,False,True,True,10,7,False,1,14,2,10,1,8,2.1866239999999997,0.3436097787956565,True,True,32,2,128,2.399591633948817,11
63,256,16,256,16,2.4877399195998224,1,False,64,RS,512,False,False,True,False,19,21,True,1,4,2,10,1,2,2.5211870000000003,0.05396474424103203,True,True,32,4,64,2.554634080400178,26
64,2,1,32,2,2.440443638881577,1024,False,4,RS,1024,True,True,True,True,1,23,False,9,2,1,10,1,32,2.5560940000000003,0.18659452736883791,True,True,1,16,16,2.6717443611184235,20
65,512,8,128,128,7.20925859864391,2048,False,1024,RS,128,False,False,True,False,16,1,True,1,18,32,10,18,1,7.215002,0.009266614052608485,True,False,4,8,2048,7.2207454013560906,2
66,4,64,512,16,2.332027536902622,64,False,2048,RS,2048,True,True,True,True,1,1,True,25,4,16,10,21,8,2.4152689999999994,0.13430482459316198,True,True,8,4,512,2.498510463097377,29
67,16,4,256,2,9.529708123303614,32,False,512,RS,1,False,True,True,False,1,1,False,15,6,1,10,16,2,9.531128,0.002290881053219435,True,False,2,32,512,9.532547876696388,18
68,4,16,128,8,2.5061620481943554,512,False,512,RS,512,True,True,False,True,25,1,False,1,11,2,10,3,2,2.5746930000000003,0.1105703470239648,True,True,2,32,512,2.6432239518056453,30
69,128,2,64,64,14.81153214928577,2048,False,128,RS,2048,True,False,True,False,24,1,False,1,19,16,10,25,1,14.816880000000001,0.008628418163255568,True,False,8,1,128,14.822227850714233,3
70,128,2,2,16,2.237680770901081,128,False,8,RS,2048,True,True,False,True,1,1,False,27,16,16,10,11,2,2.293646,0.09029634989300511,True,True,16,2,64,2.349611229098919,27
71,1,32,256,4,2.564358719325802,512,False,512,RS,256,True,False,False,True,22,1,False,1,24,16,10,19,8,2.6065379999999996,0.06805359590793125,True,True,32,2,8,2.648717280674197,16
72,8,16,1024,256,2.4167650102181164,256,False,256,RS,1,False,False,True,False,2,1,False,1,28,32,10,23,2,2.4808429999999997,0.10338577504183055,True,True,32,2,1024,2.544920989781883,27
73,32,2,8,1,8.333312385484415,512,False,2,RS,256,True,True,False,True,1,23,False,6,26,2,10,1,2,8.342165999999999,0.014284745850031614,True,False,4,16,128,8.351019614515582,9
74,32,2,32,64,9.563447858681108,1024,False,2048,RS,512,False,True,True,True,1,22,True,5,1,4,10,1,32,9.565555,0.0033997389605675064,True,False,8,16,64,9.567662141318891,16
75,64,2,1,32,2.890317002228488,1,False,8,RS,4,False,True,False,False,19,16,False,1,25,4,10,1,16,2.9117759999999997,0.034622732763316115,True,True,1,32,1024,2.9332349977715113,23
76,2,64,128,256,2.646130473309745,512,False,1,RS,256,False,False,False,True,1,18,False,10,16,1,10,1,8,2.7177649999999995,0.11557776838561998,True,True,8,16,1024,2.789399526690254,26
77,128,64,32,4,2.5598283891448554,256,False,512,RS,1,True,False,False,True,1,6,True,21,10,16,10,1,4,2.6137840000000003,0.08705395823281102,True,True,2,32,1,2.667739610855145,2
78,1,1,32,4,7.669092390341398,256,False,8,RS,32,True,False,False,True,1,28,False,23,4,16,10,1,2,7.6709000000000005,0.0029164636119794925,True,False,16,2,1,7.672707609658603,15
79,1,64,16,8,2.6069072714744213,1,False,2048,RS,128,False,False,False,True,20,1,False,1,28,4,10,20,1,2.63558,0.04626163010530428,True,True,2,32,2048,2.664252728525579,5
80,512,1024,4,2,4.7649060701579895,512,False,2048,RS,32,False,True,True,False,26,9,True,1,10,2,10,1,2,4.7651769999999996,0.00043712812766971866,True,False,2,4,8,4.76544792984201,16
81,16,8,1,4,4.951338221230589,512,False,128,RS,512,False,False,True,False,1,1,True,6,10,1,10,30,8,4.951528000000001,0.0003061960156499858,True,False,2,16,8,4.951717778769412,27
82,2,256,512,2,2.343957982399358,1,False,1,RS,512,True,False,False,False,30,24,True,1,6,1,10,1,16,2.464943,0.1952016574750327,True,True,8,2,1024,2.585928017600642,3
83,2,16,8,8,5.148608057830107,2048,False,2048,RS,16,False,False,False,True,23,7,True,1,5,1,10,1,2,5.150844,0.0036075509698407907,True,False,8,1,2048,5.153079942169893,6
84,1,1024,64,4,2.369128698398225,4,False,1024,RS,2048,False,True,False,True,22,1,False,1,16,16,10,24,1,2.409166,0.06459764844017156,True,True,1,8,64,2.449203301601775,28
85,2,1,8,8,2.61429570415613,8,False,8,RS,64,False,False,False,True,26,8,False,1,5,1,10,1,32,2.641454,0.04381818896303225,True,True,4,1,16,2.66861229584387,19
86,8,256,32,8,6.213191607386597,1,False,256,RS,256,False,False,False,True,1,1,False,16,9,1,10,2,4,6.213441,0.00040237917441147785,True,False,8,4,512,6.213690392613404,8
87,1,2,16,16,2.374621328469707,8,False,32,RS,2048,True,True,True,True,1,21,False,9,1,8,10,1,16,2.454179,0.128361260390353,True,True,4,2,256,2.533736671530293,30
88,16,16,1024,512,25.55257469472076,1,False,512,RS,1,False,False,True,False,26,21,False,1,2,2,10,1,16,25.55349,0.0014767870530307892,True,False,16,8,512,25.55440530527924,25
89,4,8,16,256,2.5113155290077245,4,False,256,RS,32,True,True,False,True,1,1,True,16,15,8,10,7,2,2.552796,0.06692611077897773,True,True,8,1,2048,2.594276470992275,16
90,512,32,2048,8,2.2607259919063454,1024,False,128,RS,2048,False,True,True,False,20,27,True,1,7,1,10,1,4,2.337022,0.12309877317016606,True,True,1,32,64,2.413318008093655,3
91,16,8,1,8,2.4856608706839514,32,False,64,RS,1024,False,True,True,True,4,5,False,1,10,2,10,1,2,2.520082,0.05553631042840356,True,True,4,1,256,2.5545031293160485,4
92,4,32,2,256,7.2943895165188595,256,False,1024,RS,8,True,True,False,False,29,1,True,1,24,1,10,22,1,7.294556999999999,0.0002702239811711425,True,False,4,32,1024,7.294724483481139,18
93,16,8,32,64,2.7896003398324343,128,False,2048,RS,32,False,False,False,True,8,18,True,1,27,4,10,1,16,2.8282700000000003,0.06239104567163465,True,True,2,8,1,2.8669396601675663,19
94,8,4,16,512,2.381821589974546,1,False,8,RS,512,False,False,False,False,21,1,False,1,1,8,10,1,1,2.4896890000000003,0.1740372290890659,True,True,1,32,1,2.5975564100254545,29
95,1,1,32,8,5.521705981321163,32,False,16,RS,32,False,False,False,False,1,7,False,5,9,2,10,1,2,5.5219380000000005,0.00037434743220703424,True,False,1,4,1024,5.522170018678838,15
96,64,2,128,512,5.635036706586681,64,False,32,RS,1024,False,False,False,True,1,15,True,27,3,4,10,1,4,5.635431,0.0006361674307916621,True,False,32,1,1024,5.635825293413318,25
97,4,8,1,1,2.50778209861054,512,False,128,RS,64,False,False,False,False,1,14,True,21,17,2,10,1,1,2.554231,0.07494235830957026,True,True,1,8,2,2.6006799013894604,15
98,1,4,4,16,9.500613548857375,2048,False,16,RS,64,True,True,True,True,1,1,False,24,1,16,10,1,8,9.500949,0.0005412291566426667,True,False,32,1,16,9.501284451142626,28
99,1,1,512,2048,5.650117885953403,2,False,256,RS,1,True,True,False,True,6,22,False,1,19,4,10,1,8,5.652229,0.003406148704915784,True,False,8,2,2048,5.654340114046597,3
100,1,4,32,64,inf,1,False,16,RS,32,False,False,True,False,15,1,True,1,6,8,1,1,16,inf,inf,False,True,8,1,1,inf,19
101,64,128,16,16,14.302293236481825,128,False,2048,RS,16,True,True,True,True,23,21,True,1,2,2,10,1,32,14.303329999999999,0.0016727522231340056,True,False,8,2,256,14.304366763518173,10
102,1,4,8,32,5.404607771665608,4,False,256,RS,32,False,False,False,False,1,17,False,7,11,1,10,1,2,5.404739,0.0002117285998631133,True,False,8,4,1024,5.404870228334392,17
103,32,1,4,4,9.404462357187056,2048,False,8,RS,8,False,False,False,True,1,1,False,27,29,32,10,25,2,9.404630000000001,0.00027048105294079995,True,False,32,1,64,9.404797642812946,19
104,2,1024,64,32,5.941554340551248,1,False,2048,RS,128,False,False,True,True,1,21,False,18,22,4,10,1,2,5.941768000000001,0.00034472597813327944,True,False,8,1,128,5.941981659448754,19
105,128,8,256,8,21.711038799951613,512,False,2048,RS,1,False,False,True,False,1,24,True,30,20,4,10,1,1,21.745210000000004,0.05513306539636646,True,False,16,1,128,21.779381200048395,7
106,2,2,64,32,7.203844715353758,1024,False,4,RS,2048,True,False,True,False,16,10,True,1,3,16,10,1,2,7.204155,0.0005006246098626107,True,False,1,4,1,7.2044652846462425,11
107,1024,16,1,128,6.522066791579262,1024,False,1,RS,32,True,False,True,True,28,1,False,1,21,32,10,28,4,6.522256999999999,0.0003068892308310675,True,False,8,16,512,6.522447208420735,24
108,1,4,4,1024,2.413908485315943,256,False,32,RS,1,False,False,False,True,1,1,False,26,13,32,10,30,4,2.4511270000000005,0.060049714412310114,True,True,4,16,2048,2.488345514684058,20
109,16,2,64,256,8.954981830217784,2048,False,64,RS,512,True,True,False,True,26,1,False,1,19,2,10,16,8,8.955873,0.0014378459583699417,True,False,32,1,1024,8.956764169782216,10
110,4,64,16,1,5.546633130397332,16,False,256,RS,16,False,False,False,False,10,1,True,1,17,4,10,21,16,5.5475579999999995,0.001492218482662643,True,False,32,1,16,5.548482869602667,8
111,2,8,256,2,8.097421773870119,64,False,2048,RS,2048,False,True,True,True,1,1,True,30,24,1,10,24,4,8.097837,0.0006699410421820926,True,False,8,8,2,8.098252226129881,28
112,256,4,4,16,6.726084630394038,256,False,512,RS,512,False,False,False,False,9,24,True,1,25,2,10,1,8,6.7301910000000005,0.006625367084169829,True,False,4,32,16,6.734297369605963,8
113,32,2,2,2,8.790812243713537,64,False,32,RS,128,False,True,True,False,1,1,True,5,25,1,10,12,8,8.795446,0.007476272065675557,True,False,16,1,2,8.800079756286463,16
114,8,16,256,256,4.640047997386865,256,False,16,RS,256,False,True,False,False,1,5,True,30,22,1,10,1,32,4.640210000000001,0.00026138094804335055,True,False,2,2,256,4.6403720026131365,29
115,8,64,256,128,5.567081732126321,512,False,1024,RS,1,False,True,False,True,1,1,True,21,26,4,10,10,2,5.567805000000001,0.0011669468711128677,True,False,4,1,1,5.56852826787368,3
116,1,8,1024,256,5.794578047149879,1,False,16,RS,1024,False,True,False,True,9,1,True,1,13,8,10,11,8,5.795418,0.001355210684727781,True,False,1,16,2048,5.79625795285012,11
117,2,4,4,2,11.711558348708921,64,False,8,RS,8,False,False,True,False,1,23,False,3,28,16,10,1,2,11.71183,0.0004382921400162143,True,False,4,16,1024,11.71210165129108,16
118,4,16,2,8,7.034608921653576,8,False,128,RS,128,True,True,True,False,1,1,False,17,15,32,10,5,1,7.038155000000001,0.005721372649985367,True,False,8,4,32,7.041701078346425,26
119,128,128,2,1,2.577693731171936,256,False,1024,RS,32,False,False,False,True,1,1,False,11,22,8,10,2,1,2.619209,0.06698225488142363,True,True,4,2,2048,2.6607242688280643,22
120,2,512,8,1,6.602611095728969,16,False,2048,RS,512,False,False,True,True,1,1,True,26,20,4,10,20,4,6.602949000000001,0.0005451871238390154,True,False,1,32,4,6.603286904271032,11
121,1,2048,32,4,6.760199039941485,8,False,1,RS,256,True,False,False,True,1,24,True,5,2,32,10,1,4,6.765089000000001,0.007889640612854333,True,False,8,2,64,6.769978960058516,13
122,64,4,8,1,8.308590380807168,64,False,128,RS,256,False,False,False,True,1,19,False,28,7,32,10,1,2,8.308736999999999,0.00023656077443198748,True,False,16,2,8,8.30888361919283,26
123,2,1,32,2,2.4952211815890832,512,False,16,RS,1024,True,False,True,True,6,1,True,1,5,4,10,28,1,2.5517049999999997,0.091133060878037,True,True,1,1,1024,2.608188818410916,2
124,16,4,64,32,2.4692346726252965,64,False,8,RS,512,False,False,False,True,1,1,True,7,19,8,10,24,8,2.5073809999999996,0.06154668138088359,True,True,32,1,32,2.5455273273747028,22
125,32,8,1,128,2.6664721038571697,1,False,1,RS,16,True,False,True,False,30,10,False,1,2,2,10,1,1,2.70961,0.0696002612064064,True,True,1,32,256,2.7527478961428304,9
126,32,4,4,1,27.553856387793076,2048,False,16,RS,4,True,False,False,True,1,1,False,25,28,2,10,23,16,27.5551,0.0020064894716898102,True,False,32,2,128,27.556343612206923,12
127,512,8,32,64,5.352570571994559,2048,False,8,RS,1024,True,True,True,False,1,1,True,29,15,4,10,22,8,5.3584819999999995,0.00953771440125975,True,False,2,2,512,5.36439342800544,18
128,2,16,32,1,2.512469590117727,4,False,128,RS,256,True,False,False,False,9,13,False,1,9,2,10,1,8,2.587415,0.12091966856140496,True,True,32,1,16,2.662360409882273,24
129,8,1,2048,8,5.8643748625401155,64,False,16,RS,1,False,True,True,False,19,29,False,1,18,2,10,1,2,5.864469,0.00015188482478495737,True,False,16,1,16,5.864563137459884,23
130,8,512,64,1,2.4627121704453825,1024,False,512,RS,256,True,True,False,True,14,12,True,1,2,1,10,1,32,2.5372329999999996,0.12023463511401361,True,True,4,32,128,2.6117538295546168,21
131,2048,2,4,1,16.537345332767394,2048,False,1024,RS,1024,True,True,True,False,11,5,True,1,22,2,10,1,32,16.538249999999998,0.0014596232390586092,True,False,8,8,2,16.5391546672326,23
132,2,64,4,1024,2.261906540672493,32,False,256,RS,256,True,True,False,False,1,19,True,21,3,1,10,1,4,2.473643,0.3416233565800208,True,True,16,2,2048,2.685379459327507,5
133,256,4,16,256,3.073893579479314,1024,False,64,RS,32,True,False,False,True,1,1,True,5,15,4,10,11,32,3.161558,0.14144098605425517,True,True,8,4,512,3.249222420520686,21
134,2,2048,256,32,5.26933881968243,2,False,2048,RS,1024,False,True,False,False,22,30,True,1,5,1,10,1,8,5.269714,0.0006053296622503703,True,False,8,4,1,5.270089180317569,28
135,64,1024,256,1,20.563813051177682,64,False,2048,RS,2048,True,False,False,True,1,28,False,1,14,8,10,1,1,20.56428,0.00075339232807354,True,False,2,4,2048,20.564746948822318,15
136,1,16,1,8,2.5251921049599044,4,False,1,RS,16,False,False,True,True,1,1,False,12,18,16,10,11,8,2.5945650000000002,0.11192876906765305,True,True,2,2,1024,2.663937895040096,7
137,1024,1,4,4,19.62133569742883,2048,False,128,RS,1024,True,True,False,False,1,1,True,10,7,1,10,30,32,19.622870000000002,0.0024754999495045773,True,False,4,2,128,19.624404302571175,15
138,2,64,4,16,2.2636671288163783,512,False,1024,RS,32,True,False,True,True,25,1,True,1,4,1,10,27,4,2.445188,0.29287242027203586,True,True,2,1,2048,2.6267088711836215,23
139,64,128,1,512,5.5118141454173015,256,False,1024,RS,8,True,True,True,True,1,1,True,10,28,1,10,22,2,5.512001,0.0003014780257332062,True,False,2,2,2048,5.512187854582698,17
140,2048,32,2048,4,1.744165909550423,2048,False,1024,RS,2048,True,False,True,True,1,10,True,12,16,2,10,1,1,1.9659400000000002,0.3578184381777999,True,True,1,4,256,2.1877140904495773,24
141,2,4,2,256,8.997839559314508,64,False,16,RS,4,False,True,False,False,1,1,False,12,10,2,10,28,8,8.997985,0.00023465932753703034,True,False,4,4,1024,8.998130440685491,7
142,256,16,4,128,4.371789826435388,1024,False,512,RS,4,True,True,False,True,6,1,True,1,13,1,10,3,2,4.37243,0.0010328794702191147,True,False,4,4,1024,4.373070173564611,15
143,32,64,16,64,2.445103849930752,512,False,512,RS,256,True,False,True,False,1,1,True,25,28,1,10,2,8,2.478364,0.05366314400032856,True,True,2,1,512,2.511624150069248,14
144,2,1,1,64,7.061492666524728,16,False,8,RS,1024,True,True,True,False,1,16,True,17,16,4,10,1,16,7.061775,0.000455527167137074,True,False,2,32,64,7.062057333475272,16
145,32,1,32,128,2.8076133115877027,32,False,32,RS,512,False,False,True,True,18,1,False,1,22,4,10,13,16,2.8572139999999995,0.08002756690041248,True,True,4,4,512,2.9068146884122963,13
146,32,2,4,512,2.889336424080205,1,False,4,RS,512,False,True,False,True,26,4,False,1,30,2,10,1,16,2.934889,0.07349619397628693,True,True,8,1,1024,2.9804415759197953,23
147,1,128,1,1,2.3704776361788813,512,False,128,RS,256,False,True,True,True,1,1,False,7,28,8,10,20,4,2.465107,0.15267848060876163,True,True,1,2,1,2.559736363821119,11
148,4,256,32,512,4.904031472903538,256,False,1,RS,32,True,True,False,True,1,1,True,26,11,16,10,21,4,4.904269,0.0003832349149020937,True,False,4,16,2048,4.904506527096462,4
149,8,16,16,256,5.642820298304287,256,False,128,RS,2048,False,False,True,False,1,1,False,8,20,1,10,29,2,5.643867,0.0016887868426774184,True,False,4,16,512,5.644913701695713,15
150,64,32,16,2,3.051243795906545,1024,False,1,RS,512,True,False,True,False,1,1,True,22,30,4,10,23,32,3.0984330000000004,0.07613678979967563,True,True,1,1,8,3.145622204093456,24
151,1,128,64,2,inf,1,False,1,RS,256,True,True,False,False,1,8,False,19,23,8,1,1,8,inf,inf,False,True,4,1,8,inf,25
152,8,2,512,4,2.5329165784491443,128,False,1,RS,512,False,True,True,True,1,25,True,26,14,1,10,1,1,2.5764509999999996,0.07024002981918508,True,True,2,4,256,2.619985421550855,30
153,8,2,64,32,2.5536053866572224,512,False,16,RS,128,False,True,False,True,10,15,False,1,5,2,10,1,16,2.626878,0.11822071737221022,True,True,4,16,2048,2.7001506133427777,23
154,4,64,512,1,2.550521445365955,32,False,64,RS,1,True,True,True,False,19,22,False,1,12,2,10,1,1,2.594629,0.07116474372187398,True,True,8,4,4,2.6387365546340447,9
155,4,1,1024,1024,2.215794494895608,16,False,64,RS,2048,False,True,False,False,10,27,True,1,8,2,10,1,2,2.2976140000000003,0.1320105854998,True,True,4,2,1024,2.3794335051043927,22
156,4,256,2048,2048,2.419599942324536,128,False,1,RS,1,True,False,False,True,1,1,True,7,20,1,10,3,1,2.485113,0.1057011661288559,True,True,4,16,2048,2.5506260576754642,20
157,16,2,1,2,2.6189153770571543,256,False,4,RS,2,False,False,False,False,1,12,True,28,5,4,10,1,1,2.692345,0.11847404241014152,True,True,16,4,512,2.7657746229428457,19
158,2,2,1,128,2.7544744370190304,8,False,4,RS,1024,True,False,True,True,1,1,False,6,17,16,10,29,8,2.7870410000000003,0.052544085195195836,True,True,2,2,512,2.8196075629809703,23
159,256,8,2,1,inf,256,False,256,RS,512,True,True,True,False,1,4,True,22,29,2,1,1,4,inf,inf,False,True,1,1,64,inf,21
160,1,2,1,1,2.6266137962800764,64,False,128,RS,2,True,True,False,True,18,1,True,1,5,32,10,8,1,2.710853,0.13591461584759748,True,True,1,4,2,2.795092203719924,29
161,8,2,32,128,2.152657993230249,512,False,2048,RS,2048,False,True,False,False,25,26,False,1,6,2,10,1,4,2.243538,0.146629130652814,True,True,8,16,1024,2.334418006769751,30
162,2,1,128,2,8.153708582557156,1,False,16,RS,256,True,False,False,True,1,1,True,3,13,1,10,19,8,8.153948000000002,0.00038628486897593497,True,False,2,1,512,8.154187417442847,4
163,2,512,512,8,2.5854338898832974,64,False,1,RS,1024,True,False,False,False,1,1,True,10,8,8,10,7,16,2.618239,0.052928965878807785,True,True,1,16,8,2.6510441101167026,17
164,4,2,8,32,2.3857488463958245,64,False,2,RS,8,True,False,True,False,3,1,False,1,11,8,10,18,2,2.538983,0.24723359436168862,True,True,2,8,32,2.6922171536041755,12
165,16,32,512,16,5.15059690541137,512,False,2048,RS,1,True,False,False,True,1,27,False,10,13,32,10,1,4,5.150855,0.0004164192598811599,True,False,2,16,1,5.15111309458863,6
166,32,2,32,32,2.6082749078377367,64,False,1,RS,64,True,True,False,True,18,1,True,1,21,16,10,3,8,2.646715,0.062020652245844674,True,True,8,16,1,2.685155092162263,24
167,2,1,1,256,5.590341172575043,512,False,512,RS,32,True,False,False,True,23,25,False,1,15,1,10,1,16,5.590517999999999,0.0002852998422713313,True,False,1,16,256,5.590694827424956,27
168,2,4,128,32,4.914866834266815,256,False,256,RS,128,True,True,True,True,1,4,True,24,28,8,10,1,2,4.915017000000001,0.00024228289250374346,True,False,1,16,128,4.915167165733187,5
169,1,1024,64,1024,2.4291786912861264,128,False,1,RS,256,False,False,True,True,30,13,False,1,28,4,10,1,4,2.481363,0.08419607449875562,True,True,16,8,2048,2.5335473087138736,19
170,512,256,4,1,2.95215573808702,2048,False,1024,RS,128,True,False,True,True,29,22,False,1,29,2,10,1,1,3.083325,0.21163329016248839,True,True,4,2,2,3.21449426191298,10
171,4,256,1024,2048,2.2303089029219025,1,False,2048,RS,2048,True,False,True,False,1,1,True,23,11,8,10,12,2,2.292467,0.10028814985331021,True,True,2,2,2048,2.354625097078097,17
172,2,16,1024,1024,5.824926694317112,4,False,32,RS,1024,True,True,False,True,13,27,False,1,18,32,10,1,4,5.825028,0.0001634502982561746,True,False,2,8,1,5.8251293056828874,13
173,1,2,512,8,9.77248714989405,512,False,2,RS,1,True,True,False,True,29,14,True,1,20,4,10,1,32,9.798707,0.04230406624663899,True,False,4,2,16,9.82492685010595,3
174,2,2,256,2,16.808127584877084,32,False,8,RS,1024,True,True,True,False,10,17,True,1,6,4,10,1,32,16.80872,0.000955824251627795,True,False,32,1,16,16.809312415122918,28
175,8,128,16,8,6.36551937350597,8,False,128,RS,256,True,False,True,True,1,1,False,15,23,8,10,12,8,6.365716000000001,0.0003172443852930404,True,False,4,32,32,6.365912626494032,7
176,2,2,256,32,9.635082551546967,16,False,512,RS,2048,False,False,True,True,24,1,True,1,2,2,10,16,8,9.639590000000002,0.007272482382240766,True,False,4,1,32,9.644097448453037,27
177,8,4,128,2,6.555105713930781,16,False,8,RS,512,False,False,False,False,15,1,True,1,26,16,10,19,4,6.558212,0.005011795686178739,True,False,4,32,1,6.561318286069219,9
178,128,8,2,4,3.0881996838697394,512,False,32,RS,16,True,True,True,False,2,1,False,1,13,2,10,22,32,3.150356,0.10028527640685843,True,True,8,1,8,3.2125123161302604,6
179,1,2,64,2048,2.671874061730767,32,False,8,RS,1024,True,True,False,False,1,15,True,12,1,32,10,1,1,2.7202220000000006,0.0780063339479558,True,True,2,32,2048,2.768569938269234,1
180,32,1,1,1024,2.577752795018134,1,False,512,RS,1024,True,False,False,True,1,1,True,11,16,2,10,30,16,2.6293149999999996,0.0831923495581174,True,True,8,4,1,2.6808772049818654,22
181,2,8,16,128,6.4257409355066395,16,False,2048,RS,16,False,False,True,False,1,1,False,23,22,2,10,6,16,6.426258999999999,0.0008358642234238804,True,False,16,4,512,6.426777064493359,1
182,1,32,2,64,6.1911312975273525,2,False,1,RS,2048,True,False,False,True,19,1,True,1,9,4,10,11,16,6.191243,0.00018022485955062055,True,False,2,32,128,6.191354702472648,23
183,16,512,256,2,8.037538860613147,512,False,1,RS,2048,True,True,True,False,1,1,False,10,10,16,10,4,1,8.038957,0.0022880780144041188,True,False,4,32,16,8.040375139386853,7
184,1,256,1024,8,5.753739279308011,512,False,2048,RS,2048,True,False,True,False,14,1,True,1,7,32,10,20,4,5.75808,0.007003477707539451,True,False,4,4,16,5.762420720691988,12
185,8,64,256,1,2.562095551843657,8,False,1,RS,2048,True,True,True,False,1,23,False,3,1,8,10,1,8,2.6334940000000002,0.11519687063457934,True,True,4,4,2048,2.7048924481563437,4
186,8,2048,512,128,5.525033504619278,32,False,1,RS,512,True,False,False,False,1,1,False,14,13,4,10,23,8,5.525174,0.0002266803917413912,True,False,2,4,128,5.525314495380722,4
187,8,32,32,32,2.455324778356691,32,False,1024,RS,512,False,False,False,False,7,4,False,1,3,16,10,1,2,2.5003740000000003,0.07268406375540648,True,True,8,4,256,2.5454232216433095,23
188,2,2,16,1,5.346624041455826,64,False,2048,RS,16,True,False,False,False,7,24,True,1,2,2,10,1,32,5.348636000000001,0.0032461675865549182,True,False,4,4,128,5.350647958544176,22
189,32,512,32,2,2.6770855225474013,1,False,2048,RS,512,False,True,True,False,27,1,True,1,21,2,10,10,32,2.7196439999999997,0.06866540587515661,True,True,32,2,512,2.762202477452598,1
190,2048,2048,16,64,2.022936808816222,2048,False,1,RS,64,False,True,False,True,1,1,False,23,18,32,10,25,2,2.225652,0.32706811222740745,True,True,8,4,1,2.4283671911837783,23
191,2,16,256,1,2.213949366838811,512,False,1024,RS,512,False,False,False,True,1,1,True,30,16,4,10,3,16,2.3650870000000004,0.24385099151120956,True,True,8,2,64,2.51622463316119,1
192,16,2,2048,256,12.03594633802295,64,False,512,RS,2048,False,False,False,True,1,1,False,25,23,2,10,13,1,12.036439999999999,0.0007964923100694027,True,False,1,4,1024,12.036933661977049,22
193,8,4,32,1,5.592012153968082,128,False,128,RS,64,True,False,False,False,1,1,False,18,24,1,10,1,16,5.596548,0.00731830007583743,True,False,1,2,64,5.601083846031918,13
194,32,2,8,2,2.5257163821041537,1,False,256,RS,256,True,False,False,False,3,12,True,1,16,8,10,1,1,2.565193,0.06369302081861088,True,True,16,2,4,2.604669617895846,16
195,2,16,4,1024,2.3686493288947266,256,False,32,RS,128,False,True,True,True,1,1,False,11,21,8,10,27,1,2.5096239999999996,0.22745369639555207,True,True,16,4,1,2.6505986711052727,6
196,64,512,2,8,2.5328162553456437,512,False,1024,RS,32,False,False,False,True,1,21,True,23,18,2,10,1,16,2.5927999999999995,0.09677997003512664,True,True,1,8,64,2.6527837446543554,23
197,128,8,32,32,5.207695830769203,2048,False,128,RS,2048,False,True,True,True,16,1,True,1,1,4,10,26,4,5.208014,0.0005133458872924725,True,False,16,4,32,5.208332169230798,3
198,2048,4,2,16,1.5967972431567814,2048,False,16,RS,2048,False,False,False,False,1,1,False,6,2,4,10,29,4,1.7924180000000003,0.3156216920872202,True,True,4,4,1024,1.9880387568432192,11
199,32,2,8,2,2.6478309950007,32,False,1024,RS,16,False,True,True,True,1,19,True,21,3,4,10,1,1,2.68705,0.06327737873837698,True,True,16,8,8,2.7262690049993004,8
200,16,16,128,1,5.0724139826904215,2048,False,1024,RS,1024,False,False,True,False,1,8,False,24,2,8,10,1,4,5.073525999999999,0.0017941694457324887,True,False,4,8,64,5.074638017309577,11
201,512,2048,128,1024,5.692593554217196,2048,False,2048,RS,512,False,False,False,True,1,1,False,16,2,32,10,18,4,5.692899,0.0004928174104065453,True,False,8,1,2048,5.693204445782803,3
202,4,8,8,2,8.99557803591935,1,False,2048,RS,1,False,False,False,False,1,1,False,7,3,1,10,20,32,8.998911,0.005377526290033496,True,False,2,2,32,9.00224396408065,30
203,64,1,8,16,2.4255563555884865,512,False,2048,RS,256,True,True,False,False,1,1,True,2,30,32,10,18,4,2.489989,0.10395798780757544,True,True,8,4,2048,2.5544216444115135,7
204,1,32,16,256,2.77877074557798,256,False,128,RS,1,False,True,False,False,3,1,True,1,15,4,10,26,32,2.818073,0.06341169640531623,True,True,1,8,1,2.85737525442202,8
205,16,1,8,8,2.5192474304323533,64,False,128,RS,64,True,False,False,False,1,1,False,8,11,32,10,2,1,2.570881,0.08330749179395572,True,True,8,16,256,2.6225145695676466,28
206,2,16,16,8,5.562851927594404,1024,False,16,RS,1,False,False,True,True,28,1,True,1,10,32,10,8,4,5.565453,0.004196665462006773,True,False,4,4,1,5.568054072405595,25
207,256,16,4,32,2.4491393132246166,1024,False,16,RS,1,False,True,False,True,1,18,True,15,23,8,10,1,8,2.510205,0.09852561507039682,True,True,1,2,32,2.5712706867753834,23
208,16,1024,8,256,2.6532191137431105,32,False,2048,RS,64,False,False,True,True,1,26,False,3,14,8,10,1,8,2.7082900000000003,0.08885338440374689,True,True,16,8,1024,2.76336088625689,10
209,2048,16,2,4,2.9105062277909726,2048,False,256,RS,1,False,True,True,True,1,21,True,3,5,16,10,1,1,3.041922,0.2120310189005373,True,True,4,32,128,3.1733377722090275,10
210,2,8,32,8,2.506498100515665,512,False,256,RS,32,True,False,True,False,1,1,False,15,25,8,10,16,8,2.562301,0.09003444134885276,True,True,4,4,8,2.6181038994843355,7
211,2,512,4,64,2.473350908219945,8,False,2048,RS,1024,True,False,False,False,25,1,True,1,24,2,10,11,4,2.5448310000000003,0.11532859744660037,True,True,32,1,2048,2.6163110917800556,18
212,32,32,4,128,2.512852929742312,1,False,512,RS,64,True,True,True,False,1,16,False,1,28,2,10,1,2,2.547229,0.05546361049372817,True,True,1,2,512,2.5816050702576883,29
213,2,4,2,8,2.2477760031948923,256,False,4,RS,2048,True,False,True,True,1,1,False,30,21,32,10,16,4,2.3525320000000005,0.16901716106951978,True,True,2,1,64,2.4572879968051087,23
214,128,1,1,128,5.072939377682056,1,False,32,RS,256,False,True,True,False,29,21,False,1,5,16,10,1,8,5.074425,0.0023969574464306792,True,False,16,2,128,5.075910622317943,8
215,32,1024,8,1,5.680209911636618,128,False,1,RS,512,False,False,False,True,1,1,False,21,6,16,10,28,8,5.680511,0.00048578699035701307,True,False,16,1,32,5.680812088363382,16
216,1,64,512,32,7.648931675479102,8,False,64,RS,512,False,False,True,True,1,28,True,16,13,8,10,1,16,7.650318,0.0022367467447165076,True,False,1,32,64,7.651704324520899,15
217,2,512,1,8,6.0693214794800605,32,False,1,RS,16,True,False,True,False,13,1,False,1,29,2,10,18,8,6.069723000000001,0.0006478279092476125,True,False,16,1,1024,6.070124520519941,20
218,8,2,16,1,2.3792735537700374,1024,False,2,RS,1024,False,False,True,True,19,25,True,1,20,2,10,1,4,2.4428010000000002,0.10249750791604634,True,True,16,1,64,2.506328446229963,21
219,2,2,256,1,2.160507400142591,2,False,128,RS,1,True,True,False,True,28,1,True,1,8,8,10,1,2,2.406135,0.396304563694389,True,True,32,4,8,2.651762599857409,22
220,16,8,32,512,2.6144927724965332,1,False,256,RS,32,False,False,False,False,1,26,True,6,7,4,10,1,8,2.632017,0.02827423033435213,True,True,2,8,1024,2.6495412275034664,5
221,32,2048,256,16,24.57745213880635,2048,False,1,RS,2048,True,False,False,False,1,1,False,14,19,2,10,9,16,24.57917,0.0027716601523280465,True,False,4,2,1,24.580887861193652,5
222,1,2,64,32,8.424802535135553,256,False,1024,RS,512,False,True,False,True,1,17,True,18,11,16,10,1,1,8.42547,0.0010769122526926849,True,False,16,4,2048,8.426137464864448,14
223,32,256,1,64,2.514100739025504,1,False,1,RS,64,True,True,False,False,1,1,True,2,1,1,10,22,2,2.551799,0.060823754644053415,True,True,16,4,1024,2.589497260974496,19
224,2,16,32,16,2.262550814088538,1024,False,256,RS,2048,False,True,True,True,5,1,False,1,12,4,10,7,1,2.354065,0.14765233850163026,True,True,16,8,512,2.4455791859114617,28
225,128,8,32,4,5.858297445636285,1,False,8,RS,1024,False,False,True,False,1,18,True,1,29,4,10,1,8,5.860570000000001,0.0036666224239756194,True,False,2,1,8,5.862842554363717,30
226,512,4,1,1024,2.617781890759297,512,False,1024,RS,128,True,False,False,False,27,1,True,1,11,8,10,20,1,2.680842,0.10174348930521304,True,True,8,8,2048,2.7439021092407034,21
227,4,8,2,2,2.455297025099763,256,False,128,RS,2048,True,False,False,False,1,1,True,5,6,32,10,2,1,2.498171,0.06917444100966773,True,True,4,8,32,2.5410449749002373,5
228,4,2048,512,1,7.045894184108358,4,False,2048,RS,2048,False,True,True,True,1,12,True,17,6,1,10,1,8,7.0479460000000005,0.0033104748904048092,True,False,2,32,8,7.0499978158916425,14
229,1,1,1,8,25.77977979977672,2048,False,2048,RS,8,True,False,True,False,19,1,True,1,22,8,10,24,16,25.81119,0.05067836717969507,True,False,16,8,2048,25.84260020022328,20
230,2,8,4,4,5.45405419286815,2048,False,1,RS,512,True,False,False,True,12,21,True,1,9,2,10,1,1,5.558579,0.1686441511852695,True,False,32,2,1,5.66310380713185,21
231,512,1,256,2,6.6903634899921745,1024,False,2048,RS,512,True,True,True,True,1,4,True,24,26,8,10,1,8,6.691245,0.0014222605246577967,True,False,32,4,2,6.692126510007826,26
232,1,32,4,2,2.573125930011247,256,False,256,RS,64,True,True,True,True,24,12,True,1,29,4,10,1,1,2.621009,0.0772562984422629,True,True,1,2,1,2.668892069988753,2
233,8,4,8,128,9.435129607581986,1024,False,256,RS,8,True,False,True,True,19,1,False,1,5,8,10,16,8,9.437847,0.004384340429300407,True,False,1,2,1024,9.440564392418013,16
234,2048,32,64,4,8.191252019809527,2048,False,64,RS,1024,True,True,True,True,7,20,True,1,16,1,10,1,16,8.193655,0.003877056228635398,True,False,8,16,256,8.196057980190472,1
235,8,512,512,4,2.351802991074317,32,False,1024,RS,2048,True,False,False,True,1,18,False,5,4,2,10,1,1,2.424505,0.11730008331199085,True,True,32,1,1,2.497207008925683,16
236,16,32,256,16,5.311677983609478,2048,False,32,RS,512,False,False,False,False,1,19,True,10,11,1,10,1,1,5.3117980000000005,0.00019363883907943746,True,False,16,8,128,5.311918016390523,21
237,2048,1,4,16,2.0590656070951003,1,False,1,RS,16,False,True,False,True,1,23,False,3,6,8,10,1,8,2.1944109999999997,0.21837121282119587,True,True,16,1,1024,2.329756392904899,24
238,128,64,128,2,2.6144545217773376,512,False,64,RS,128,False,False,True,True,24,5,False,1,22,4,10,1,8,2.656472,0.06779253790794389,True,True,2,4,512,2.6984894782226623,10
239,2,2,8,16,14.342163818264753,64,False,8,RS,16,False,True,False,True,13,1,False,1,30,8,10,23,4,14.342680000000001,0.0008328265125466943,True,False,4,2,256,14.34319618173525,17
240,8,128,1,32,2.3929238692476913,1,False,1024,RS,16,True,False,True,False,11,1,False,1,11,2,10,11,1,2.510326,0.1894208966402598,True,True,4,8,1024,2.627728130752309,10
241,16,16,256,1,2.5650639272294713,256,False,256,RS,1024,False,True,True,False,1,8,True,14,30,2,10,1,8,2.5996930000000003,0.055871814012075895,True,True,32,4,8,2.634322072770529,18
242,2,64,64,512,5.884662945054142,512,False,128,RS,512,True,False,True,True,3,1,False,1,6,16,10,18,8,5.884797000000001,0.00021628915830440527,True,False,32,2,1024,5.884931054945859,11
243,1,4,8,16,2.725216692899173,64,False,256,RS,256,False,True,False,True,26,1,False,1,19,1,10,27,8,2.737057,0.01910358503004081,True,True,4,32,256,2.7488973071008274,9
244,2,16,1,16,2.638409139217415,2,False,256,RS,256,True,True,False,False,11,1,True,1,27,2,10,22,4,2.6678749999999996,0.04754129873068261,True,True,2,8,128,2.697340860782584,1
245,64,32,64,4,4.3111117684987015,256,False,32,RS,64,True,False,True,False,1,27,True,8,20,1,10,1,4,4.311293,0.0002924055403030814,True,False,4,2,1,4.311474231501299,25
246,1,16,64,2048,2.359889930357402,32,False,128,RS,128,False,False,True,False,25,21,False,1,21,32,10,1,2,2.490984,0.211511972200157,True,True,1,4,1,2.622078069642598,29
247,256,2,64,16,8.454315139849092,1,False,2048,RS,64,True,False,False,False,1,8,False,21,12,16,10,1,4,8.457491999999998,0.00512566249376604,True,False,2,4,1024,8.460668860150905,19
248,8,4,128,128,2.5573973366500833,8,False,8,RS,128,True,True,False,False,30,1,True,1,9,1,10,16,8,2.585696,0.04565809965384011,True,True,2,4,1024,2.6139946633499167,4
249,2048,512,16,2048,1.7208161645639717,2048,False,512,RS,1024,True,True,False,True,1,6,True,21,20,8,10,1,1,1.9991419999999998,0.4490610942800545,True,True,32,1,2048,2.277467835436028,21
250,8,16,1,16,2.3418644625445677,1024,False,1,RS,1024,False,False,False,False,9,27,True,1,6,1,10,1,2,2.400833,0.09514199756679494,True,True,32,1,64,2.4598015374554323,24
251,16,256,16,4,2.453138379569633,512,False,512,RS,1024,False,True,False,True,25,1,False,1,8,8,10,19,1,2.539243,0.1389243474737239,True,True,16,4,512,2.6253476204303667,19
252,8,4,1,32,7.2647728551513255,1024,False,8,RS,1,False,True,True,False,25,11,False,1,15,16,10,1,2,7.264937999999999,0.0002664507459175263,True,False,4,16,64,7.2651031448486725,28
253,1,2,32,32,2.879763968905886,64,False,2048,RS,512,False,True,False,True,15,1,False,1,24,8,10,1,16,2.904844,0.040465040516475446,True,True,2,4,2048,2.9299240310941146,11
254,1,1,256,1,5.344877852513978,4,False,64,RS,2048,False,False,False,True,20,11,True,1,15,8,10,1,8,5.345025000000001,0.00023741314201201804,True,False,2,8,64,5.345172147486023,4
255,16,16,2048,64,2.324481043689332,32,False,512,RS,1,True,True,True,True,13,1,False,1,14,1,10,27,4,2.367725,0.06977138256477364,True,True,4,8,512,2.410968956310668,1
256,4,8,1024,2048,2.3671668031342086,512,False,1,RS,2048,False,True,False,False,1,1,True,15,25,2,10,13,1,2.5028750000000004,0.21895657401640173,True,True,4,32,2048,2.6385831968657922,16
257,64,16,4,2,1.8946180764219078,2048,False,32,RS,256,False,True,False,True,1,1,True,13,24,16,10,26,4,2.1056730000000003,0.3405237418462918,True,True,4,2,128,2.316727923578093,15
258,32,16,128,4,4.507254379205562,32,False,16,RS,1,False,False,False,False,1,20,True,6,15,2,10,1,2,4.5076030000000005,0.0005624775551076113,True,False,4,16,2048,4.507951620794439,20
259,4,2048,16,4,2.4065542799734216,512,False,1,RS,256,False,True,False,False,20,25,True,1,30,4,10,1,2,2.469462,0.10149761896714622,True,True,2,1,2048,2.5323697200265785,24
260,1024,4,2,64,2.416972255207905,1024,False,16,RS,64,True,False,False,False,1,19,True,6,30,4,10,1,4,2.486495,0.11217054214453992,True,True,2,2,256,2.5560177447920953,25
261,8,1024,2,1,2.311043291073752,1024,False,2048,RS,16,True,False,False,True,1,10,True,10,7,8,10,1,2,2.427667,0.18816496236281613,True,True,8,2,16,2.544290708926248,14
262,1,8,2,64,7.483457324859764,2,False,1,RS,2,False,True,True,True,2,1,False,1,22,2,10,29,2,7.484298000000001,0.0013563760540499287,True,False,1,2,512,7.485138675140238,13
263,32,1,128,4,2.9581088193424265,64,False,1,RS,512,True,False,False,False,1,26,False,13,9,1,10,1,32,2.99328,0.05674647072726203,True,True,2,16,256,3.0284511806575733,27
264,1,8,1,1,5.645931668733042,4,False,64,RS,256,True,False,False,False,1,9,True,29,22,16,10,1,1,5.646151000000001,0.000353877097309341,True,False,8,16,8,5.646370331266959,15
265,512,32,4,128,5.880662065491916,1,False,2048,RS,4,True,False,False,True,17,18,False,1,15,2,10,1,4,5.8808430000000005,0.0002919263605776665,True,False,8,4,1,5.881023934508085,29
266,2,64,512,32,2.5072737588428087,128,False,2048,RS,1024,False,False,False,False,13,1,True,1,26,8,10,25,4,2.5700250000000002,0.10124515022952947,True,True,4,4,1,2.6327762411571918,29
267,64,4,2,64,2.672014360949243,1024,False,8,RS,2,True,False,False,False,1,7,True,25,14,2,10,1,16,2.736215,0.10358366186324941,True,True,1,1,2048,2.8004156390507573,23
268,2,16,128,32,5.5258237316510845,32,False,2048,RS,128,False,False,False,True,24,19,True,1,2,1,10,1,2,5.526059,0.00037959056890295075,True,False,4,32,2048,5.526294268348916,10
269,2,4,8,2,2.6203547943127616,32,False,8,RS,512,True,False,False,True,1,3,False,15,15,1,10,1,16,2.653354,0.053242126779459185,True,True,1,16,2,2.686353205687239,9
270,2048,16,256,8,4.820007777682855,1,False,256,RS,512,False,True,False,False,11,5,True,1,17,4,10,1,1,4.820224,0.000348861003839537,True,False,4,8,256,4.820440222317144,5
271,8,2048,1,2,2.224720502471541,16,False,2048,RS,4,False,False,True,False,20,18,False,1,6,4,10,1,4,2.440638,0.348369196709468,True,True,16,1,64,2.656555497528459,14
272,2,8,16,4,6.144705759335586,2,False,8,RS,128,True,False,True,False,1,2,False,5,11,8,10,1,8,6.147436,0.004405070260506618,True,False,4,2,128,6.150166240664414,2
273,1,8,64,128,2.403508957147745,128,False,2048,RS,1024,True,True,False,True,27,12,True,1,27,8,10,1,4,2.4693999999999994,0.10631102125367811,True,True,2,8,2048,2.5352910428522537,22
274,16,64,1,128,2.4343615163162013,32,False,256,RS,1,False,False,True,False,1,22,True,4,22,16,10,1,2,2.531301,0.15640571258429145,True,True,4,4,2048,2.6282404836837987,21
275,8,1,8,2,2.512033023868746,512,False,32,RS,64,False,True,False,True,12,1,True,1,18,2,10,13,1,2.582421,0.11356653806909847,True,True,2,1,32,2.6528089761312543,4
276,1,2,8,128,10.36424498847647,128,False,64,RS,64,False,False,False,True,19,1,False,1,6,2,10,7,8,10.36471,0.0007502666192762865,True,False,2,16,512,10.365175011523531,18
277,16,8,1024,16,8.057150614288526,1024,False,16,RS,1,True,True,True,True,24,1,False,1,16,1,10,20,8,8.057454000000002,0.0004894936158933501,True,False,2,4,32,8.057757385711477,22
278,256,512,8,1,5.3782656462798135,512,False,512,RS,16,True,False,True,False,26,1,False,1,13,4,10,8,4,5.378591999999999,0.0005265510421602002,True,False,4,4,8,5.378918353720185,11
279,4,2,1,1,2.5842481737196654,16,False,1024,RS,32,True,False,False,False,8,1,True,1,14,32,10,7,4,2.625669,0.06682987781673698,True,True,2,32,2,2.667089826280334,10
280,4,16,128,2,2.5715004999619118,128,False,64,RS,1,False,True,True,False,7,1,True,1,21,8,10,28,1,2.6122799999999997,0.06579513857421393,True,True,1,16,4,2.6530595000380877,17
281,256,4,4,16,2.3891678120035866,1024,False,16,RS,32,True,True,False,True,13,1,True,1,7,16,10,26,8,2.4334160000000002,0.07139164673825643,True,True,8,16,1024,2.477664187996414,14
282,8,2,16,256,10.26900030535617,8,False,2,RS,16,False,False,True,False,1,9,False,22,30,16,10,1,8,10.271440000000002,0.003936292672045835,True,False,4,1,1024,10.273879694643833,15
283,1024,1,4,1,3.659886064088148,1,False,8,RS,128,False,True,False,True,1,1,False,20,5,1,10,12,32,3.720872,0.09839694210695779,True,True,4,16,2,3.781857935911852,16
284,1,128,128,128,5.406914921776773,4,False,1,RS,512,False,False,True,True,14,2,False,1,4,1,10,1,16,5.407927,0.00163292406437035,True,False,2,1,128,5.408939078223227,26
285,1,4,32,1,2.448520382697328,1024,False,128,RS,64,False,True,True,False,5,16,True,1,29,1,10,1,4,2.52234,0.11910327359061133,True,True,1,2,2048,2.5961596173026718,6
286,8,128,32,16,5.653473200525945,16,False,512,RS,2048,True,True,False,True,21,1,True,1,11,4,10,17,32,5.653682999999999,0.0003384981536138466,True,False,2,1,512,5.653892799474053,23
287,2,4,1,8,2.5112913129854837,128,False,4,RS,1024,True,False,False,False,1,21,False,4,28,2,10,1,1,2.574372,0.10177669023897368,True,True,2,4,16,2.637452687014516,13
288,512,2,1,32,2.8461794606917756,1,False,4,RS,2048,False,True,True,True,13,18,False,1,19,32,10,1,1,2.9483969999999995,0.1649215207939826,True,True,2,1,32,3.0506145393082233,6
289,8,1,2,512,2.073643052465585,2048,False,128,RS,128,True,True,True,False,1,18,False,12,20,1,10,1,32,2.249362,0.28351138420881794,True,True,16,1,1,2.4250809475344153,1
290,64,512,16,1,6.012302528404425,1024,False,512,RS,2048,False,True,True,True,9,1,False,1,13,8,10,2,8,6.012646,0.0005541696491146538,True,False,2,32,4,6.012989471595575,20
291,1,2,1,8,8.424285235314699,2,False,2048,RS,2048,True,False,True,False,4,1,False,1,8,1,10,11,2,8.424382999999999,0.0001577371230876626,True,False,4,4,32,8.424480764685299,17
292,16,1,64,8,2.525378754368865,128,False,8,RS,256,True,False,False,False,1,1,False,26,11,16,10,11,1,2.572607,0.07619978084614157,True,True,4,8,128,2.619835245631135,18
293,128,2,32,64,10.779472382242714,2048,False,16,RS,256,True,False,False,False,15,1,False,1,12,8,10,22,8,10.780420000000001,0.0015289211882897472,True,False,1,4,512,10.781367617757288,28
294,128,128,8,256,4.917489773358818,128,False,1,RS,16,False,True,True,True,9,1,False,1,4,32,10,11,4,4.921129,0.005871661519536011,True,False,16,4,256,4.924768226641182,1
295,1,8,8,64,2.360057526329707,128,False,1,RS,64,False,False,True,True,1,1,False,22,20,1,10,10,2,2.486755,0.2044183432693847,True,True,1,2,128,2.6134524736702933,3
296,512,8,2048,128,5.382942282634234,2048,False,1024,RS,2048,True,True,True,True,1,1,True,22,21,2,10,7,8,5.384207999999999,0.002042154744381448,True,False,2,16,1,5.385473717365764,16
297,64,1,8,32,3.0082371612411287,512,False,2048,RS,512,False,True,False,True,15,1,True,1,8,8,10,5,16,3.064349,0.0905328952867409,True,True,16,8,32,3.1204608387588713,17
298,8,4,8,16,5.129100672485812,8,False,2048,RS,1,False,False,True,True,27,19,True,1,21,4,10,1,4,5.1293489999999995,0.0004006607043371171,True,False,16,8,16,5.129597327514187,7
299,32,2048,32,32,2.5348834402306073,256,False,2048,RS,128,False,False,False,True,1,30,True,3,8,16,10,1,8,2.6479189999999995,0.18237571112678358,True,True,32,4,32,2.7609545597693916,5
300,4,4,16,4,4.688715934381711,256,False,4,RS,128,False,True,True,False,21,4,True,1,3,8,10,1,2,4.69037,0.0026687300350540966,True,False,2,2,4,4.6920240656182886,21
301,1,1,1,1,6.4282392882022465,1,True,1,RS,1,False,False,False,False,1,1,False,1,1,1,10,1,1,6.428485,0.00039644041166354485,True,False,1,1,1,6.428730711797754,1
