id,T2_J,T2_I,T3_J,T3_I,mean_confidence_interval_inf,T2_Ja,baseline,T2_Ia,technique,T3_Ja,VEC2,VEC3,cost_std,U2_J,SCREP,RT2_I,runs,U2_I,RT2_J,OMP3,cost_mean,RT3_I,OMP2,RT3_J,correct_result,T3_Ia,mean_confidence_interval_sup,U3_I,U3_J
1,512,128,512,2,7.127192558744202,1024,False,128,DLMT,1024,True,False,0.0007654808946015211,18,False,8,10,1,32,False,7.127667,1,False,1,True,1024,7.1281414412557975,18,1
2,16,256,4,8,6.964650578925801,1,False,2048,DLMT,128,False,False,0.0011220178251703742,11,False,8,10,1,1,False,6.965345999999999,32,False,1,True,1024,6.966041421074197,1,2
3,2,8,1,64,6.989210020678405,128,False,128,DLMT,1024,True,False,0.0009567345504372225,3,True,32,10,1,1,False,6.989803,1,False,1,True,2048,6.990395979321596,1,21
4,8,2,1,2,6.968625351017024,32,False,1,DLMT,2048,False,False,0.005888477307420069,13,False,8,10,1,32,False,6.972275000000001,1,True,8,True,1,6.975924648982978,1,29
5,16,2048,32,64,7.001576984668456,2048,False,1,DLMT,1024,False,True,0.0037270633211686673,8,True,32,10,1,8,False,7.003887000000001,8,True,1,True,1,7.006197015331545,4,1
6,1024,2,1,4,6.994705923302935,1024,False,4,DLMT,32,False,True,0.005248633060140469,1,True,32,10,13,32,False,6.997959,8,True,8,True,2048,7.0012120766970645,1,22
7,2048,32,2,4,6.998155494594275,1,False,32,DLMT,1024,False,False,0.0033599904761769687,1,False,8,10,25,1,False,7.000238,32,True,32,True,128,7.002320505405725,30,1
8,1,16,1,1,6.958784543525294,256,False,16,DLMT,1,False,False,0.0007719591958128937,8,True,8,10,1,32,False,6.959263,8,False,8,True,128,6.959741456474706,1,1
9,4,16,64,256,6.9755496085067294,256,False,1,DLMT,128,False,True,0.0010041892251960462,25,False,8,10,1,32,False,6.976172,1,False,1,True,1024,6.976794391493271,29,1
10,16,128,1,1,6.97562808616017,16,False,512,DLMT,512,True,False,0.0033767838248843036,1,False,1,10,2,8,False,6.977721,8,True,1,True,64,6.97981391383983,1,28
11,64,4,4,128,7.132630263553203,256,False,512,DLMT,4,False,False,0.0009498889408767642,5,True,1,10,1,32,False,7.1332189999999995,8,False,32,True,512,7.133807736446796,23,1
12,512,2,4,32,6.99091809219469,1024,False,16,DLMT,1,True,True,0.002829819075488789,28,False,1,10,1,8,False,6.992671999999999,1,True,8,True,1024,6.994425907805308,23,1
13,2,1,1024,2,6.97052504701972,1,False,1024,DLMT,1,False,True,0.0006807943889310286,1,True,1,10,30,1,False,6.970947000000001,1,False,32,True,1,6.971368952980281,12,1
14,16,4,64,1,7.087479666013591,1,False,256,DLMT,256,True,False,0.0029870100435050923,1,False,32,10,3,32,False,7.089331,32,True,8,True,64,7.091182333986408,20,1
15,8,128,256,4,7.1002540035557,2048,False,2048,DLMT,1,True,True,0.0009938712190219155,1,True,32,10,23,32,False,7.1008700000000005,1,False,1,True,1,7.101485996444301,1,12
16,1,1,8,4,6.982131559686081,256,False,512,DLMT,8,True,False,0.006638388659908301,1,True,32,10,26,32,False,6.9862459999999995,1,True,32,True,4,6.990360440313918,7,1
17,8,8,64,64,6.984202484064331,256,False,8,DLMT,2048,True,False,0.0061415721928510785,29,True,32,10,1,1,False,6.988009,32,True,1,True,1,6.991815515935669,28,1
18,2048,16,2048,2048,6.975020508273241,1,False,1,DLMT,1,True,False,0.0010914765228808266,18,True,32,10,1,32,False,6.975696999999999,32,False,32,True,1,6.976373491726758,1,19
19,2,2048,1,16,6.985828730560109,256,False,1,DLMT,4,True,False,0.0008152202156473829,1,True,8,10,25,8,False,6.986334000000001,8,False,1,True,1024,6.986839269439893,21,1
20,4,2,256,2048,6.958462867873272,1,False,1,DLMT,2048,True,False,0.0011602741055457898,11,True,32,10,1,8,False,6.959182000000001,8,False,32,True,2048,6.95990113212673,29,1
21,64,64,4,2048,6.964876071741996,256,False,2048,DLMT,8,False,True,0.00682149426445563,13,True,32,10,1,1,False,6.969104,32,True,1,True,2048,6.973331928258004,1,30
22,1,128,1,1,6.965896708594834,16,False,2048,DLMT,128,False,False,0.005129585168412706,1,True,32,10,14,32,False,6.969075999999999,32,True,8,True,1024,6.9722552914051645,1,5
23,16,256,1,1,6.983437320644556,128,False,1,DLMT,8,True,True,0.002902055133866426,7,False,8,10,1,8,False,6.9852360000000004,8,True,8,True,128,6.987034679355445,1,10
24,2,2,1,128,6.974380547024802,1024,False,2048,DLMT,1024,False,False,0.00495075438695974,21,True,1,10,1,8,False,6.977449,8,True,32,True,2048,6.980517452975198,19,1
25,8,1024,64,8,7.030469120846246,512,False,1024,DLMT,256,False,True,0.0010646731892933468,30,False,32,10,1,8,False,7.031128999999998,32,False,32,True,64,7.03178887915375,1,17
26,4,128,2,4,7.004867387942102,2048,False,128,DLMT,32,True,True,0.0007044458815268657,16,True,1,10,1,1,False,7.005304,32,False,8,True,1,7.005740612057897,26,1
27,1,2,2048,64,6.993582562334122,4,False,512,DLMT,2048,True,False,0.0008187185108448719,30,True,32,10,1,1,False,6.99409,8,False,32,True,64,6.9945974376658775,25,1
28,8,128,64,2,6.9756546494479075,8,False,512,DLMT,1,True,True,0.0028934574474146833,1,True,8,10,30,1,False,6.977448,32,True,32,True,4,6.979241350552092,1,16
29,8,1024,8,2,6.96359711712462,2048,False,1,DLMT,1,False,True,0.005288656256555114,1,False,32,10,22,1,False,6.966875,8,True,32,True,1024,6.97015288287538,2,1
30,1,256,4,256,6.9816765685458675,256,False,1,DLMT,2048,True,False,0.0006799529395480531,1,True,32,10,3,1,False,6.982098000000001,32,False,32,True,1,6.982519431454134,1,26
31,2,4,1,32,7.006149883476329,128,False,4,DLMT,32,True,True,0.0051970673461096545,1,False,1,10,11,1,False,7.009371,8,True,1,True,256,7.01259211652367,1,28
32,1,1,2,2,7.012964996090623,16,False,8,DLMT,128,False,True,0.0006986243625868327,2,False,8,10,1,8,False,7.0133980000000005,1,False,1,True,16,7.013831003909378,21,1
33,128,1024,4,8,7.020262015988419,1,False,1,DLMT,2048,False,True,0.0012342532155114007,22,False,8,10,1,1,False,7.021026999999999,8,False,32,True,8,7.021791984011579,1,10
34,1024,32,128,64,6.991399194436912,1,False,256,DLMT,1,False,True,0.004678652476942435,23,True,32,10,1,8,False,6.994299000000001,32,True,1,True,64,6.997198805563089,1,1
35,2,8,4,1,7.020222436164878,1,False,8,DLMT,16,False,False,0.0007124352602167817,1,False,32,10,30,32,False,7.020663999999999,1,False,32,True,128,7.02110556383512,1,27
36,64,2,8,2048,6.975227820813989,1,False,8,DLMT,32,False,False,0.0034482031552680666,1,True,8,10,5,1,False,6.977365000000001,1,True,1,True,1,6.979502179186013,1,4
37,2,2048,16,64,6.9870480519674825,1024,False,1,DLMT,1,True,False,0.0021490137272711196,1,False,8,10,30,8,False,6.988379999999999,1,True,8,True,64,6.989711948032516,1,16
38,16,1,32,1,6.980033442208934,1,False,1024,DLMT,1024,True,True,0.007679244819642082,1,True,8,10,9,8,False,6.984792999999999,32,True,1,True,2048,6.989552557791064,1,9
39,2048,16,1,16,6.973558884329036,2048,False,1,DLMT,64,True,True,0.0015313379770645207,25,False,8,10,1,1,False,6.974508,1,True,32,True,1024,6.975457115670964,1,30
40,2048,1,256,8,6.967894033340427,1,False,256,DLMT,1,False,True,0.001034159078672164,2,True,32,10,1,8,False,6.968535,8,False,1,True,512,6.969175966659574,4,1
41,64,2,2048,32,6.989626274742725,1,False,256,DLMT,2048,False,False,0.003345824263167485,1,False,32,10,20,1,False,6.9917,1,True,8,True,2048,6.993773725257275,1,3
42,64,8,2,16,7.065498897558486,128,False,1,DLMT,512,False,False,0.0008746479291691881,1,False,32,10,29,32,False,7.066041,8,False,1,True,1024,7.066583102441514,1,6
43,32,4,1,16,6.966355408194307,2048,False,256,DLMT,2048,False,False,0.0023969082168492834,1,False,8,10,20,32,False,6.967841,32,True,1,True,512,6.969326591805693,1,18
44,128,8,2048,4,6.984209478890156,512,False,512,DLMT,1,True,True,0.0009721296209867557,1,True,32,10,9,8,False,6.984812,1,False,8,True,32,6.985414521109844,29,1
45,1024,8,256,1,6.98770050727992,1024,False,2048,DLMT,256,False,False,0.0009672435060519897,1,False,32,10,1,1,False,6.9883,1,False,32,True,16,6.98889949272008,7,1
46,4,32,256,1,6.98240752919638,64,False,256,DLMT,512,False,False,0.0006203192726332253,1,True,8,10,25,8,False,6.982792000000001,1,False,8,True,16,6.983176470803621,12,1
47,4,2048,2048,1,6.985366311515958,128,False,2048,DLMT,2048,True,False,0.004959201548636617,1,True,8,10,29,32,False,6.98844,1,True,1,True,32,6.991513688484042,1,8
48,512,2048,1,1,6.982544574712327,1,False,1,DLMT,64,True,False,0.0010300587361893093,1,False,8,10,20,8,False,6.9831829999999995,32,False,32,True,1,6.983821425287672,30,1
49,2,1,1024,2,6.970645265849148,2048,False,16,DLMT,1,False,True,0.0004577870684062841,3,False,8,10,1,8,False,6.970929,8,False,1,True,2,6.971212734150852,1,8
50,1,4,4,2,7.0106015200234575,4,False,16,DLMT,512,True,True,0.004842697698597321,21,False,1,10,1,32,False,7.013603000000001,1,True,32,True,512,7.016604479976544,1,11
51,256,1,1,512,6.98130056444146,1,False,128,DLMT,256,True,True,0.002983947050468515,1,True,32,10,25,32,False,6.98315,8,True,8,True,512,6.9849994355585405,1,30
52,8,512,1,128,6.994905104560598,8,False,2048,DLMT,8,False,False,0.0024990446174488674,1,False,8,10,5,32,False,6.996454,1,True,8,True,1024,6.998002895439402,22,1
53,4,8,16,2048,6.991544251923371,8,False,512,DLMT,2048,True,True,0.00035777646652626426,22,False,32,10,1,8,False,6.991766,8,False,8,True,1,6.991987748076629,1,2
54,2,16,1024,64,6.965130194735007,32,False,64,DLMT,2048,False,False,0.0005966573556072125,2,False,8,10,1,8,False,6.9655000000000005,32,False,32,True,128,6.965869805264994,10,1
55,2048,4,32,2,7.017137543379701,2048,False,32,DLMT,1024,True,False,0.001001067430296368,1,False,1,10,14,32,False,7.017758000000001,1,False,32,True,16,7.0183784566203,13,1
56,1,512,128,1,6.9837411915656755,32,False,2048,DLMT,1,False,False,0.008468619722245089,20,False,8,10,1,1,False,6.988989999999999,32,True,1,True,8,6.994238808434323,1,24
57,16,2048,256,8,7.002290824005418,64,False,1,DLMT,1,False,False,0.006818667098487783,1,False,1,10,3,32,False,7.006517,32,True,8,True,8,7.010743175994581,1,11
58,1,64,16,256,6.98827324501786,512,False,512,DLMT,128,False,True,0.004552722811680864,1,False,8,10,27,32,False,6.991095,8,True,32,True,1,6.9939167549821395,25,1
59,8,2,8,16,6.993675703171494,2048,False,1,DLMT,8,False,True,0.0007620209970861612,1,False,1,10,28,1,False,6.994148,32,False,1,True,32,6.994620296828506,11,1
60,8,4,2048,4,6.969859743210987,1,False,4,DLMT,1,True,False,0.0005005796639897324,24,False,8,10,1,32,False,6.97017,32,False,1,True,2048,6.970480256789014,7,1
61,128,1,1,256,6.981544067754528,256,False,16,DLMT,1024,True,True,0.0011163888211550084,25,True,32,10,1,1,False,6.982236,8,False,8,True,512,6.982927932245473,1,19
62,2,4,32,32,6.9973488510785495,64,False,128,DLMT,32,True,False,0.001140939963363486,1,False,8,10,11,1,False,6.998056,8,False,8,True,2048,6.998763148921451,1,11
63,1,32,64,8,6.981560392688918,1,False,2048,DLMT,512,True,False,0.0007592950678096426,2,True,1,10,1,32,False,6.982030999999999,8,False,8,True,64,6.982501607311081,1,24
64,1,32,2,512,6.968487370851219,1,False,64,DLMT,2048,False,True,0.006238561052037586,30,True,1,10,1,32,False,6.972354,8,True,1,True,1,6.976220629148782,4,1
65,64,1,512,1024,7.023293699988291,256,False,1,DLMT,2048,True,False,0.0015590638216573006,1,False,1,10,5,32,False,7.02426,1,False,1,True,2048,7.025226300011709,1,1
66,1,1,1,1,7.015916492040959,1,True,1,DLMT,1,False,False,0.0011157042618901176,1,False,1,10,1,1,False,7.016608,1,False,1,True,1,7.017299507959041,1,1
67,1,128,128,128,6.9828780763299845,128,False,1,DLMT,256,True,True,0.001171231830168539,1,False,1,10,18,1,False,6.983604,1,False,32,True,128,6.984329923670015,3,1
68,1,8,2048,64,6.953590992145683,1024,False,2048,DLMT,2048,False,False,0.006778059899410721,1,True,1,10,25,1,False,6.957792,32,True,32,True,1,6.961993007854318,1,24
69,1,1,16,8,6.99436878533736,2048,False,2048,DLMT,2048,False,False,0.001425010877151442,1,True,32,10,30,1,False,6.995251999999999,8,False,8,True,8,6.996135214662638,1,4
70,1,512,1,2,6.990914687139807,8,False,2048,DLMT,2,True,True,0.0010218101584931738,1,False,32,10,8,1,False,6.991548,8,False,32,True,4,6.992181312860192,1,30
71,1,2048,32,2048,6.955871882585408,8,False,2048,DLMT,2048,True,True,0.0015878110718849181,1,False,1,10,19,1,False,6.956856,1,False,1,True,1,6.957840117414593,3,1
72,1,1,8,256,6.9547545927517715,1,False,8,DLMT,64,True,False,0.0006137629835693772,16,True,8,10,1,1,False,6.955135,8,False,1,True,256,6.955515407248229,24,1
73,1,16,2,4,7.027899142941911,512,False,16,DLMT,32,True,False,0.0009307223001517916,22,True,32,10,1,1,False,7.028476,32,False,32,True,128,7.0290528570580895,4,1
74,1,2,1,64,7.041548200982786,4,False,2,DLMT,4,False,True,0.0010871320067039226,1,False,8,10,22,1,False,7.042222,8,False,32,True,256,7.042895799017214,1,4
75,1,8,512,2,6.96901051219572,2,False,512,DLMT,1024,False,False,0.0011979570109148972,1,True,32,10,8,1,False,6.969753,1,False,1,True,128,6.970495487804279,21,1
76,1,8,1,1,6.964860082374588,64,False,1,DLMT,64,True,True,0.0008533750640838824,20,True,32,10,1,1,False,6.965389,1,False,8,True,2,6.965917917625412,1,12
77,1,2,256,512,6.985785451241717,4,False,8,DLMT,512,True,True,0.0007737215261320303,30,True,8,10,1,1,False,6.986265,32,False,32,True,1,6.986744548758284,1,30
78,1,256,8,1,6.973270725656156,2,False,1,DLMT,1024,True,True,0.0008087743813945401,1,False,1,10,18,1,False,6.973771999999999,32,False,32,True,512,6.974273274343843,1,30
79,1,256,1,2,7.005778814817703,128,False,2048,DLMT,1024,True,True,0.0059522664590893,7,True,8,10,1,1,False,7.009468,1,True,8,True,128,7.013157185182297,1,13
80,1,4,1024,32,7.099826004208594,1,False,16,DLMT,2048,True,True,0.003893215765918933,1,False,1,10,1,1,False,7.102239,32,True,1,True,1,7.104651995791406,1,11
81,1,8,8,512,7.034680351577163,1,False,512,DLMT,128,True,True,0.0006722358217173923,29,False,8,10,1,1,False,7.035097,8,False,8,True,2048,7.035513648422838,1,1
82,1,2048,1,4,6.971330403169976,1024,False,1,DLMT,128,True,False,0.00113682232560762,1,False,8,10,12,1,False,6.972035,8,False,8,True,1,6.972739596830024,12,1
83,1,8,8,8,7.0046710025339,512,False,32,DLMT,32,True,False,0.0038867647214619245,1,False,1,10,20,1,False,7.007079999999999,32,True,8,True,16,7.009488997466098,1,20
84,1,32,256,1024,6.994645553432851,8,False,512,DLMT,1024,True,False,0.0008413209851181744,1,True,8,10,12,1,False,6.995167,1,False,32,True,2048,6.99568844656715,30,1
85,1,1024,2048,4,6.996840039328592,64,False,1,DLMT,2048,True,True,0.0008631251357711241,1,False,1,10,3,1,False,6.997375,1,False,32,True,1024,6.997909960671408,1,21
86,1,256,2,64,7.0002675874391995,1,False,256,DLMT,2,False,False,0.0034211512682136356,24,False,8,10,1,1,False,7.002388000000001,32,True,1,True,64,7.004508412560802,30,1
87,1,64,512,1,6.967863092788119,1024,False,64,DLMT,512,False,False,0.0041963989324180755,28,True,32,10,1,1,False,6.970464,1,True,1,True,2048,6.973064907211881,1,3
88,1,2,8,32,6.980821375762366,512,False,1024,DLMT,1,True,True,0.006816163437007717,1,True,1,10,7,1,False,6.985046,1,True,32,True,1024,6.9892706242376335,8,1
89,1,1,16,1024,7.005548164526156,2048,False,1,DLMT,512,True,False,0.00762483599823641,15,True,32,10,1,1,False,7.010274,8,True,1,True,1024,7.014999835473843,1,24
90,1,1024,16,1,6.983596153866551,1,False,1,DLMT,16,False,True,0.0026958043326620724,1,True,32,10,25,1,False,6.985267,32,True,32,True,8,6.98693784613345,16,1
91,1,64,128,32,6.959447422296058,256,False,1,DLMT,2048,True,False,0.0037134497438366418,10,False,8,10,1,1,False,6.961749,1,True,1,True,1,6.964050577703943,25,1
92,1,8,16,2048,6.980680858289973,32,False,256,DLMT,128,False,False,0.006081271248678078,16,True,32,10,1,1,False,6.98445,8,True,32,True,2048,6.988219141710027,1,30
93,1,64,4,8,6.9913230885181425,8,False,64,DLMT,1,True,False,0.0008033486167286832,11,False,1,10,1,1,False,6.991821,32,False,1,True,2048,6.992318911481857,23,1
94,1,64,512,64,6.98181691866038,32,False,2048,DLMT,2048,False,True,0.006968563984064376,19,False,1,10,1,1,False,6.986135999999999,1,True,8,True,1024,6.9904550813396185,1,25
95,1,2048,8,4,6.959990652416809,2048,False,2048,DLMT,32,True,False,0.0028369823756942687,1,False,32,10,26,1,False,6.961749,1,True,8,True,128,6.9635073475831915,29,1
96,1,1,256,2,6.987728060330926,128,False,2048,DLMT,256,False,True,0.0009857124327106064,5,True,8,10,1,1,False,6.988339000000001,32,False,32,True,512,6.988949939669076,1,18
97,1,1,1,1024,6.98797584137124,128,False,2048,DLMT,4,True,True,0.0006488574573818047,1,True,8,10,27,1,False,6.988377999999999,32,False,8,True,2048,6.988780158628758,22,1
98,1,1,1,4,6.996051855504449,16,False,1,DLMT,1024,False,False,0.007936727852207046,29,False,8,10,1,1,False,7.000971,1,True,8,True,64,7.005890144495551,19,1
99,1,4,4,512,6.9794846805650055,64,False,4,DLMT,64,False,False,0.0008169143161922256,9,False,1,10,1,1,False,6.979991,1,False,8,True,2048,6.980497319434995,6,1
100,1,1,16,1,6.996916739835873,4,False,4,DLMT,2048,True,False,0.007619067462622897,3,True,8,10,1,1,False,7.001639,32,True,8,True,2048,7.006361260164127,12,1
101,1,1,2048,256,7.048613923738225,2048,False,16,DLMT,1,False,True,0.007021799199635395,6,False,32,10,1,1,False,7.052966,1,True,32,True,512,7.057318076261774,23,1
102,1,4,2,1,6.989609563822314,256,False,8,DLMT,4,False,False,0.0031146364153782093,30,False,1,10,1,1,False,6.9915400000000005,8,True,8,True,1,6.993470436177687,1,20
103,1,8,8,1,6.993364518280446,512,False,512,DLMT,1,True,True,0.0010640319544073242,2,False,8,10,1,1,False,6.9940240000000005,32,False,1,True,8,6.994683481719555,1,23
104,1,16,128,1,6.958276240160763,512,False,16,DLMT,1024,False,True,0.004439790085127872,21,True,32,10,1,1,False,6.961028000000001,8,True,1,True,512,6.963779759839238,27,1
105,1,1,16,2,7.000123592360018,32,False,1,DLMT,64,False,True,0.004771589777003045,1,True,8,10,30,1,False,7.003081,32,True,1,True,2,7.0060384076399815,3,1
106,1,64,8,128,7.022987822154446,16,False,512,DLMT,16,True,True,0.0009602817294940853,30,True,32,10,1,1,False,7.0235829999999995,32,False,1,True,128,7.0241781778455525,12,1
107,1,1,16,32,6.9801764233126065,1024,False,128,DLMT,64,True,False,0.00092542962995576,19,False,8,10,1,1,False,6.9807500000000005,8,False,32,True,1,6.9813235766873944,9,1
108,1,16,2048,16,6.986526023520267,512,False,2048,DLMT,1,True,False,0.00595031629411403,19,False,8,10,1,1,False,6.990214,1,True,1,True,32,6.993901976479733,8,1
109,1,2048,128,512,6.983420936477205,64,False,1,DLMT,2048,False,False,0.000977845079754555,1,True,32,10,16,1,False,6.984027,32,False,8,True,512,6.984633063522796,1,9
110,1,2048,4,512,7.009884795667713,4,False,2048,DLMT,64,False,True,0.00421623955676145,21,True,1,10,1,1,False,7.012497999999999,1,True,8,True,1,7.015111204332285,1,9
111,1,1,2048,8,6.973396787068153,1,False,64,DLMT,1,False,False,0.004180757826040556,1,True,32,10,21,1,False,6.975988000000001,32,True,8,True,512,6.978579212931849,7,1
112,1,1,1,2048,6.957999001332363,1024,False,16,DLMT,8,True,False,0.004212680856651776,1,False,1,10,10,1,False,6.96061,1,True,1,True,2048,6.963220998667637,1,5
113,1,1,1,512,7.005650443537369,512,False,256,DLMT,32,False,True,0.003737617021579328,2,True,1,10,1,1,False,7.007967000000001,8,True,8,True,1,7.010283556462633,2,1
114,1,32,4,512,6.963733997981832,2048,False,2048,DLMT,512,False,True,0.0020974708579620336,20,False,8,10,1,1,False,6.965034,32,True,32,True,2048,6.9663340020181685,17,1
115,1,4,1,256,6.968733425551304,1,False,64,DLMT,512,False,True,0.007048417978525382,1,False,32,10,27,1,False,6.973102,1,True,32,True,512,6.977470574448696,1,22
116,1,2,1,32,6.952128758216757,2,False,512,DLMT,2048,True,True,0.000694167847137922,13,True,1,10,1,1,False,6.952558999999999,8,False,1,True,1024,6.952989241783241,7,1
117,1,32,256,32,6.950034124044144,2,False,1,DLMT,1,True,False,0.004853017205821594,1,True,1,10,29,1,False,6.953042000000001,8,True,32,True,128,6.956049875955857,1,10
118,1,128,8,4,6.960532085689516,2048,False,2048,DLMT,8,True,True,0.0005613376880275649,2,True,8,10,1,1,False,6.96088,1,False,8,True,128,6.961227914310485,1,17
119,1,2,256,128,7.003692279507508,8,False,128,DLMT,2048,False,False,0.000628789312886278,1,True,8,10,30,1,False,7.004082000000001,8,False,1,True,1024,7.004471720492495,1,29
120,1,4,1024,2,6.965220946050334,4,False,256,DLMT,2048,True,True,0.0050469167815606585,11,False,1,10,1,1,False,6.968348999999999,32,True,32,True,32,6.971477053949664,1,18
121,1,8,1,1,6.9782290656451975,1,False,256,DLMT,16,False,False,0.000612999999999966,10,True,1,10,1,1,False,6.9786090000000005,1,False,32,True,2,6.9789889343548035,20,1
122,1,2048,2048,256,6.995444079997701,4,False,1,DLMT,2048,True,False,0.0022457746992964275,13,True,8,10,1,1,False,6.996836,8,False,8,True,512,6.998227920002299,16,1
123,1,128,2048,64,6.986104718621643,1,False,1,DLMT,1,False,True,0.0008813903788901982,1,True,32,10,3,1,False,6.986651,32,False,8,True,2048,6.987197281378357,1,27
124,1,64,1,512,6.972546238320212,2,False,2048,DLMT,8,True,False,0.004188096942526374,1,False,1,10,9,1,False,6.975142,32,True,1,True,512,6.977737761679788,1,2
125,1,8,4,1024,6.958412370523675,2048,False,16,DLMT,32,True,True,0.005639976595696061,1,True,32,10,1,1,False,6.961908000000001,1,True,1,True,1,6.965403629476327,21,1
126,1,512,16,1,6.9795990796687,128,False,2048,DLMT,1024,True,False,0.005480715646701537,2,True,8,10,1,1,False,6.982996,1,True,8,True,16,6.9863929203312995,17,1
127,1,32,1,2,7.008423286790595,8,False,1,DLMT,1024,False,True,0.0009111289700146579,14,False,8,10,1,1,False,7.0089879999999996,1,False,1,True,16,7.009552713209404,29,1
128,1,8,2,4,6.96488879860627,2,False,256,DLMT,256,True,False,0.00501488594087633,1,False,8,10,24,1,False,6.9679969999999996,8,True,8,True,32,6.971105201393729,1,7
129,1,2048,1,32,6.9720620894790395,4,False,2048,DLMT,256,True,True,0.004830484861791683,1,False,32,10,8,1,False,6.975056,1,True,32,True,256,6.978049910520961,1,26
130,1,32,4,16,6.976765564169016,16,False,32,DLMT,512,False,False,0.0008638917756292289,1,False,1,10,10,1,False,6.977301,1,False,1,True,2048,6.977836435830984,2,1
131,1,1,256,128,7.007927152649282,2,False,128,DLMT,2048,False,False,0.001014605341992659,1,False,8,10,22,1,False,7.008555999999999,32,False,32,True,128,7.009184847350715,1,3
132,1,8,512,16,6.956914803879324,64,False,16,DLMT,2048,True,True,0.0006828001171645623,1,False,1,10,1,1,False,6.957338,8,False,8,True,1,6.957761196120676,1,26
133,1,2048,1,32,7.011134175976694,32,False,1,DLMT,1,False,False,0.003731594967302907,1,True,1,10,20,1,False,7.013447000000001,1,True,1,True,2048,7.015759824023308,11,1
134,1,512,2048,1,6.984182012111637,128,False,1,DLMT,1,True,True,0.0027186211578665623,1,False,8,10,19,1,False,6.985867000000001,1,True,8,True,128,6.987551987888365,1,28
135,1,128,2,512,6.970624978206251,128,False,512,DLMT,1,False,False,0.0011407348508744987,14,False,8,10,1,1,False,6.971331999999999,32,False,1,True,1,6.972039021793748,1,19
136,1,2,2,8,7.018158535044797,2048,False,1024,DLMT,2048,True,True,0.006775570529483045,1,True,32,10,29,1,False,7.022358,32,True,32,True,32,7.026557464955203,29,1
137,1,8,2,2048,6.963723834170395,32,False,256,DLMT,2048,False,False,0.0013458736939252207,23,True,8,10,1,1,False,6.964557999999999,1,False,8,True,2048,6.965392165829604,4,1
138,1,1,1,2,6.974914725567736,1,False,32,DLMT,512,True,True,0.0007652117354039194,29,True,1,10,1,1,False,6.975389,8,False,1,True,2,6.975863274432264,1,27
139,1,8,128,1,7.000333766069412,64,False,256,DLMT,2048,True,True,0.0010394306133647733,1,False,8,10,21,1,False,7.000978000000001,8,False,32,True,1024,7.00162223393059,1,12
140,1,1,16,2048,6.968095662329326,4,False,256,DLMT,32,True,False,0.0015074946102722761,1,False,32,10,12,1,False,6.969029999999999,8,False,32,True,2048,6.969964337670672,1,24
141,1,1024,8,2,6.9541734930286685,2048,False,1,DLMT,2048,True,False,0.0008156034575697879,2,False,8,10,1,1,False,6.9546790000000005,8,False,8,True,4,6.9551845069713325,1,19
142,1,256,32,2,6.992492989231744,2048,False,1024,DLMT,32,False,True,0.004223994436549383,30,False,32,10,1,1,False,6.995111,32,True,8,True,64,6.997729010768255,30,1
143,1,4,32,1,6.97863194605722,1,False,8,DLMT,2048,False,False,0.0007406544403432641,27,True,1,10,1,1,False,6.9790909999999995,1,False,32,True,32,6.979550053942779,1,22
144,1,2048,16,2,6.973599094900326,8,False,1,DLMT,32,True,True,0.0009259595023542877,1,True,32,10,2,1,False,6.974173,32,False,1,True,1,6.974746905099675,1,4
145,1,2,256,512,7.007987366105002,512,False,8,DLMT,256,True,False,0.0011514030571438281,1,True,1,10,30,1,False,7.008701,32,False,32,True,1,7.009414633894998,9,1
146,1,32,8,2,6.980131103811163,512,False,1,DLMT,8,False,False,0.0012131368430642775,1,False,8,10,11,1,False,6.980883,8,False,1,True,128,6.9816348961888375,24,1
147,1,64,4,128,6.9555804456220915,64,False,1,DLMT,2048,True,True,0.000975410170133478,20,True,32,10,1,1,False,6.956185,1,False,32,True,512,6.956789554377908,10,1
148,1,4,16,1,6.968410569501572,2,False,256,DLMT,2048,True,False,0.005204027670948813,5,False,32,10,1,1,False,6.971636000000001,1,True,1,True,1,6.97486143049843,1,30
149,1,128,128,4,6.98045620659433,1,False,1024,DLMT,128,True,True,0.002608593682427337,17,True,1,10,1,1,False,6.982073,1,True,8,True,1,6.983689793405669,1,1
150,1,8,4,16,7.015320715531562,256,False,2048,DLMT,4,True,True,0.0028207461778757227,9,False,8,10,1,1,False,7.017069000000001,32,True,32,True,2048,7.01881728446844,1,29
151,1,4,512,4,6.981707499644344,2048,False,4,DLMT,1,False,False,0.0009043317975168025,17,True,32,10,1,1,False,6.9822679999999995,32,False,1,True,1024,6.982828500355655,8,1
152,1,16,256,256,7.015008043510894,128,False,32,DLMT,2048,False,False,0.00584863753364836,1,True,32,10,24,1,False,7.0186329999999995,8,True,32,True,1,7.022257956489105,1,30
153,1,2,1024,2,6.982998721777247,1,False,1024,DLMT,2048,True,False,0.0028675257627440508,1,False,1,10,4,1,False,6.984776000000001,1,True,32,True,256,6.986553278222755,10,1
154,1,512,1,1,7.05511084558355,64,False,2048,DLMT,1,True,False,0.005860250933193974,3,True,32,10,1,1,False,7.0587430000000015,8,True,32,True,512,7.062375154416453,4,1
155,1,4,1,8,7.011250226996625,2048,False,2048,DLMT,8,True,False,0.00126779493609975,1,True,32,10,7,1,False,7.012036,1,False,32,True,1,7.012821773003376,1,24
156,1,1,4,8,6.992840314246545,2,False,16,DLMT,64,False,False,0.003620044751104421,4,True,1,10,1,1,False,6.995084,8,True,32,True,8,6.997327685753455,1,11
157,1,64,2,2048,6.9618252743656575,32,False,2048,DLMT,512,False,True,0.0008191831297092371,30,False,32,10,1,1,False,6.962332999999999,1,False,32,True,1,6.962840725634341,8,1
158,1,512,4,1,6.960220575084957,16,False,1024,DLMT,4,False,True,0.0010865284165634662,1,False,8,10,30,1,False,6.960894000000001,1,False,8,True,16,6.961567424915044,7,1
159,1,1,2,4,6.965406602684932,32,False,32,DLMT,8,True,False,0.008705131590045163,1,False,1,10,30,1,False,6.970801999999999,32,True,1,True,256,6.976197397315066,1,22
160,1,4,32,256,6.969692336571772,2,False,512,DLMT,1,False,False,0.0022986041416476755,7,True,32,10,1,1,False,6.971117,8,False,32,True,256,6.972541663428228,1,13
161,1,256,4,4,6.990399492846225,2048,False,2048,DLMT,1,True,True,0.001067299864143141,19,True,1,10,1,1,False,6.991061,1,False,8,True,128,6.991722507153775,1,30
162,1,64,256,4,7.0101668613173125,32,False,512,DLMT,512,True,False,0.008235204247618881,27,True,8,10,1,1,False,7.015271,1,True,8,True,512,7.020375138682688,1,14
163,1,128,1,1,6.982988130296042,1024,False,1,DLMT,128,False,False,0.0008161887036709466,9,False,32,10,1,1,False,6.983494,32,False,8,True,256,6.9839998697039585,17,1
164,1,1,2,128,6.994934701743078,32,False,1024,DLMT,128,False,True,0.0038275528735732724,1,False,32,10,21,1,False,6.997307000000001,32,True,8,True,128,6.9996792982569245,1,22
165,1,512,2048,4,6.958822566184899,128,False,1024,DLMT,2048,False,False,0.0013866419869596905,1,True,1,10,20,1,False,6.959682000000001,32,False,1,True,4,6.960541433815103,1,11
166,1,64,8,16,7.0011887975242635,128,False,64,DLMT,16,True,True,0.000852221215412875,30,False,8,10,1,1,False,7.001717000000001,32,False,32,True,16,7.002245202475739,7,1
167,1,256,2,2048,6.96442407240812,2,False,2048,DLMT,64,True,True,0.0007517446374933556,1,True,32,10,24,1,False,6.96489,32,False,8,True,2048,6.9653559275918795,11,1
168,1,2048,512,2048,7.072320877613478,512,False,1,DLMT,2048,True,True,0.005945711395619509,1,False,32,10,7,1,False,7.076006,1,True,8,True,2048,7.079691122386521,1,5
169,1,2048,8,1,6.99961440901514,1,False,2048,DLMT,64,True,False,0.000877049599509765,1,False,8,10,1,1,False,7.000158000000001,1,False,32,True,1024,7.000701590984861,24,1
170,1,2,1,256,7.0070924549961955,4,False,4,DLMT,8,True,False,0.0011754611860881512,1,True,1,10,4,1,False,7.007821,32,False,8,True,1,7.008549545003804,29,1
171,1,256,1,4,6.980750105738489,1,False,1,DLMT,1,True,False,0.006359996540879452,1,False,32,10,21,1,False,6.984692,1,True,8,True,64,6.988633894261511,26,1
172,1,256,2048,2,6.963521235145632,32,False,512,DLMT,1,True,True,0.008126500845997697,25,True,1,10,1,1,False,6.968558,32,True,32,True,2,6.973594764854368,23,1
173,1,4,4,2,6.980426280637011,256,False,2048,DLMT,8,True,False,0.0014693879678288559,26,False,32,10,1,1,False,6.981336999999999,1,False,1,True,2048,6.982247719362987,1,6
174,1,1,4,32,6.979624618265264,1,False,16,DLMT,1024,False,True,0.005353998599177864,1,False,8,10,8,1,False,6.982943000000001,8,True,8,True,1,6.986261381734737,22,1
175,1,16,16,16,7.011737087627729,2,False,32,DLMT,128,True,True,0.0008888621940435703,23,False,1,10,1,1,False,7.012288000000001,8,False,8,True,32,7.012838912372272,14,1
176,1,512,2,1,6.955787830023536,1,False,1,DLMT,2048,False,False,0.0070235638389639105,1,True,1,10,29,1,False,6.960141,32,True,1,True,32,6.964494169976464,8,1
177,1,8,32,32,7.081683994183079,4,False,8,DLMT,2048,True,False,0.004820957996083351,1,False,1,10,18,1,False,7.084672,1,True,8,True,256,7.087660005816922,1,26
178,1,16,1,1,6.9940078073003615,2048,False,64,DLMT,128,True,False,0.004434034731483289,1,True,8,10,1,1,False,6.996756,32,True,1,True,32,6.999504192699639,1,2
179,1,512,32,8,7.018543870261191,32,False,1,DLMT,256,False,False,0.0031883600800412123,1,False,32,10,30,1,False,7.020519999999999,8,True,1,True,16,7.0224961297388075,1,1
180,1,1,4,32,6.968365290385643,256,False,256,DLMT,512,True,False,0.000715897339008756,24,True,1,10,1,1,False,6.968809,32,False,8,True,1024,6.9692527096143575,11,1
181,1,512,16,128,6.97574096908628,4,False,512,DLMT,1,True,True,0.007218565300667277,1,True,32,10,16,1,False,6.980214999999999,32,True,32,True,2048,6.984689030913719,1,1
182,1,1024,2048,32,6.9642411996931735,2,False,1024,DLMT,2048,True,True,0.008604135284850012,1,True,32,10,8,1,False,6.969574,32,True,1,True,512,6.974906800306826,21,1
183,1,2,1,2048,7.008509066709121,4,False,512,DLMT,1024,False,False,0.0013680866200647323,8,False,8,10,1,1,False,7.009357,1,False,32,True,2048,7.010204933290878,1,8
184,1,512,8,2,7.079912504199938,4,False,2048,DLMT,128,True,False,0.0006155192929551071,1,True,32,10,15,1,False,7.080293999999999,32,False,8,True,4,7.080675495800061,1,11
185,1,1024,8,8,6.973460000188383,4,False,2048,DLMT,2048,False,True,0.003838365407305648,24,True,8,10,1,1,False,6.975839000000001,32,True,8,True,8,6.978217999811618,30,1
186,1,2,1024,4,6.976617981579064,2048,False,2048,DLMT,1024,False,True,0.0014972989013552942,1,False,1,10,29,1,False,6.977545999999999,8,True,1,True,2048,6.978474018420934,1,22
187,1,2048,256,2048,6.960891972862327,1024,False,1,DLMT,512,True,False,0.007226626391339073,1,True,32,10,10,1,False,6.965371,1,True,8,True,1,6.9698500271376735,2,1
188,1,128,64,1,6.9617827500149625,2,False,256,DLMT,1,False,True,0.005248912649301791,23,True,32,10,1,1,False,6.9650360000000004,32,True,1,True,512,6.968289249985038,29,1
189,1,256,2048,1,6.967139310529015,128,False,256,DLMT,2048,True,True,0.0009707878243984562,1,True,8,10,9,1,False,6.967740999999999,1,False,8,True,256,6.968342689470983,1,26
190,1,8,32,16,6.9474741841486445,4,False,128,DLMT,32,True,False,0.005275640624606665,9,False,1,10,1,1,False,6.950744,1,True,8,True,16,6.954013815851356,1,13
191,1,32,8,2048,6.992897072367077,1,False,64,DLMT,16,False,True,0.0032428908399760236,20,True,1,10,1,1,False,6.994907,32,True,32,True,1,6.996916927632924,1,24
192,1,512,32,16,6.989305585567547,128,False,1,DLMT,64,False,False,0.0008525631941387756,4,True,32,10,1,1,False,6.989834,8,False,32,True,512,6.990362414432453,1,14
193,1,4,1,128,6.980984421196965,2048,False,1024,DLMT,4,False,False,0.0029680438002158906,21,True,1,10,1,1,False,6.982824000000001,8,True,32,True,1,6.984663578803037,1,24
194,1,2,1,2,6.999250997939684,256,False,2048,DLMT,2,False,True,0.008262412238565699,10,True,8,10,1,1,False,7.004371999999999,1,True,1,True,1,7.009493002060315,1,26
195,1,4,64,1024,6.961982452978035,1,False,64,DLMT,64,True,True,0.0010157342172043653,1,True,32,10,20,1,False,6.962612,32,False,1,True,2048,6.963241547021965,1,1
196,1,64,64,128,6.971900257093255,8,False,1,DLMT,256,False,True,0.0013952078698173235,1,True,8,10,18,1,False,6.972765,1,False,32,True,128,6.973629742906745,1,30
197,1,1,1,2,6.998362762025012,8,False,1,DLMT,16,True,True,0.0030223507407314667,29,True,32,10,1,1,False,7.000235999999999,32,True,1,True,2,7.002109237974986,1,18
198,1,1,64,8,7.0300846593043795,256,False,128,DLMT,1024,True,False,0.004111586190267789,1,False,8,10,9,1,False,7.032633,8,True,8,True,64,7.03518134069562,1,30
199,1,4,4,4,6.958298657908821,1024,False,256,DLMT,4,True,True,0.0008847152084144643,1,True,32,10,12,1,False,6.9588470000000004,8,False,1,True,8,6.95939534209118,1,11
200,1,128,16,32,6.991076760671381,2,False,128,DLMT,256,True,False,0.0013621266460942495,14,True,8,10,1,1,False,6.991921,8,False,1,True,1,6.992765239328619,7,1
201,1,1,256,1,6.997525564016823,64,False,128,DLMT,2048,False,True,0.0013075870907899225,10,False,32,10,1,1,False,6.998336,32,False,32,True,4,6.999146435983177,9,1
202,1,1,64,4,6.9624160156958315,1024,False,8,DLMT,256,False,True,0.00481124266692092,19,True,1,10,1,1,False,6.965398,1,True,32,True,128,6.968379984304169,1,10
203,1,8,2,64,6.9885346215918975,64,False,1024,DLMT,2048,False,False,0.0006572792405058314,1,True,32,10,27,1,False,6.988942,8,False,8,True,256,6.989349378408102,1,2
204,1,2048,8,1,6.989426624067072,1024,False,1,DLMT,256,False,False,0.0010202984857382196,25,False,1,10,1,1,False,6.9900590000000005,32,False,1,True,256,6.990691375932929,1,21
205,1,256,2,1024,7.006871645816742,32,False,2048,DLMT,4,True,True,0.0005814086342666503,23,False,8,10,1,1,False,7.007231999999999,8,False,1,True,2048,7.007592354183257,15,1
206,1,4,16,1,6.980428635293415,64,False,1,DLMT,1,True,False,0.0011090193866654721,6,True,1,10,1,1,False,6.981116,32,False,32,True,1,6.981803364706585,4,1
207,1,16,8,4,7.000666923017701,1024,False,32,DLMT,32,True,False,0.006426442250576921,1,False,32,10,20,1,False,7.004650000000001,32,True,1,True,1,7.0086330769823,1,30
208,1,4,2,1,7.0086490534714585,1024,False,2048,DLMT,16,True,True,0.0029105533838087983,30,True,32,10,1,1,False,7.010453,8,True,32,True,64,7.012256946528542,25,1
209,1,32,2048,512,7.042329832745187,128,False,512,DLMT,2048,False,True,0.003493360130304358,1,False,8,10,20,1,False,7.044495,1,True,8,True,2048,7.046660167254814,1,8
210,1,8,128,1,6.971740147270469,4,False,32,DLMT,1,False,False,0.002223078046313284,1,True,32,10,13,1,False,6.9731179999999995,8,True,8,True,1024,6.97449585272953,9,1
211,1,2,16,64,6.991072880474972,1024,False,2,DLMT,1024,True,False,0.0008682217458691389,17,False,32,10,1,1,False,6.991611000000001,32,False,8,True,128,6.992149119525029,25,1
212,1,64,2,2048,7.010430548045653,128,False,1,DLMT,32,False,True,0.0009074805783047301,1,True,1,10,12,1,False,7.010992999999999,1,False,8,True,2048,7.0115554519543455,21,1
213,1,1,2048,4,6.978282466566092,2,False,32,DLMT,1,False,False,0.0011544678427744745,20,False,8,10,1,1,False,6.978997999999999,1,False,32,True,4,6.979713533433906,27,1
214,1,128,1,4,7.001663993136975,2,False,512,DLMT,2048,False,True,0.007834859283994864,1,False,1,10,9,1,False,7.00652,8,True,8,True,1,7.011376006863025,20,1
215,1,128,64,2048,6.96656613862579,512,False,2048,DLMT,2048,False,False,0.001025922024327307,1,True,1,10,30,1,False,6.967202,1,False,32,True,2048,6.9678378613742105,28,1
216,1,4,1,64,7.086353666487246,256,False,64,DLMT,256,True,False,0.006539796709378677,1,False,1,10,24,1,False,7.090407000000001,32,True,32,True,512,7.094460333512756,30,1
217,1,8,128,64,6.989643374364209,512,False,16,DLMT,256,False,False,0.0008012739856003776,1,False,32,10,5,1,False,6.990139999999999,32,False,1,True,2048,6.99063662563579,16,1
218,1,512,4,64,6.955912124232924,256,False,1024,DLMT,64,True,True,0.0011146842602279897,1,False,32,10,1,1,False,6.956603000000001,8,False,1,True,2048,6.957293875767078,1,24
219,1,2048,16,1,6.968930578598637,4,False,1,DLMT,32,True,True,0.0008606416211176169,1,True,8,10,29,1,False,6.969464,32,False,1,True,1,6.969997421401364,1,7
220,1,1,16,2,6.974360354482049,1024,False,128,DLMT,1024,True,False,0.004550932761533656,1,True,8,10,25,1,False,6.977181,8,True,1,True,4,6.980001645517951,19,1
221,1,8,512,16,6.9656425540243845,1,False,1024,DLMT,1,False,False,0.0007429003970922769,23,False,8,10,1,1,False,6.9661029999999995,32,False,1,True,16,6.9665634459756145,1,18
222,1,64,512,256,6.978017893877132,2048,False,128,DLMT,1,True,True,0.004963102255646256,30,False,32,10,1,1,False,6.981094000000001,1,True,8,True,2048,6.984170106122869,1,30
223,1,1,32,2048,6.982812036988157,256,False,16,DLMT,1,False,True,0.0010841697284095567,30,False,1,10,1,1,False,6.983484,1,False,32,True,1,6.984155963011843,1,17
224,1,32,8,256,7.026763106235446,1,False,1,DLMT,256,False,True,0.005650083627699573,1,False,32,10,1,1,False,7.030265,1,True,32,True,1,7.033766893764554,5,1
225,1,64,4,8,6.989089931419343,32,False,128,DLMT,512,True,True,0.004156323375292009,1,False,8,10,29,1,False,6.991666,32,True,8,True,128,6.9942420685806574,1,21
226,1,8,2048,512,6.98756577548197,64,False,16,DLMT,1,True,False,0.0060814048541434455,11,True,1,10,1,1,False,6.991335000000001,8,True,1,True,1,6.995104224518032,1,9
227,1,1,4,1024,7.0696771138594015,2048,False,512,DLMT,8,False,False,0.0024231980934293807,1,False,8,10,5,1,False,7.071178999999999,8,True,8,True,1024,7.0726808861405965,30,1
228,1,256,32,32,6.99273970053332,2048,False,1024,DLMT,32,False,True,0.0012170143795370522,1,True,1,10,25,1,False,6.993494,1,False,32,True,64,6.994248299466681,10,1
229,1,2048,128,4,7.004293763931858,16,False,1,DLMT,2048,False,True,0.00125402113219826,24,True,8,10,1,1,False,7.005070999999999,8,False,32,True,32,7.0058482360681404,17,1
