id,T2_J,T2_I,T4_I,T2_Ja,T3_I,T3_Ja,mean_confidence_interval_inf,T4_J,baseline,T2_Ia,technique,T4_Ia,VEC4,VEC2,VEC3,VEC1,RT4_J,T3_J,U2_J,SCR,RT4_I,U1_I,T3_Ia,RT2_I,runs,U2_I,RT2_J,cost_mean,RT3_I,cost_std,RT3_J,correct_result,U4_J,U4_I,T4_Ja,mean_confidence_interval_sup,U3_I,U3_J
1,4,64,256,4,32,128,4.203631907694629,4,False,2048,DLMT,1024,True,False,False,True,16,1,1,False,8,30,32,32,10,21,4,4.204133,32,0.000808480673856784,4,True,26,1,1024,4.20463409230537,1,14
2,1,1024,256,64,1024,2048,5.104583824869472,1,False,2048,DLMT,512,False,True,False,True,1,8,1,False,16,8,2048,8,10,26,2,5.104673,1,0.0001438784208976796,4,True,1,19,2,5.104762175130528,1,29
3,1,2,64,4,8,64,2.6931069705945148,4,False,256,DLMT,512,True,False,True,True,2,8,1,True,4,15,2048,1,10,29,2,2.693329,4,0.000358230372804966,8,True,1,12,4,2.693551029405485,18,1
4,64,64,32,256,128,2048,4.224338007020303,32,False,128,DLMT,64,True,True,False,True,4,256,1,True,1,12,256,8,10,19,2,4.2244839999999995,1,0.00023555041923120298,4,True,30,1,1,4.224629992979696,30,1
5,8,32,32,512,2048,64,3.017695379133571,64,False,64,DLMT,32,False,True,True,False,32,16,1,False,4,7,1,16,10,16,4,3.0178710000000004,8,0.00028335313656281593,4,True,1,19,2048,3.01804662086643,1,30
6,8,64,256,32,8,2048,inf,8,False,512,DLMT,2048,True,False,True,False,1,1024,1,True,1,7,32,32,1,12,4,inf,2,inf,1,False,1,7,256,inf,1,18
7,64,32,64,128,4,64,2.083183851377795,128,False,1024,DLMT,1024,True,False,False,True,16,4,1,False,4,27,2048,2,10,16,8,2.08344,4,0.000413279566395392,32,True,22,1,128,2.083696148622205,21,1
8,4,1,16,16,16,2048,4.219054759344807,64,False,32,DLMT,2048,True,True,True,True,1,512,1,False,16,27,1,16,10,9,8,4.219288000000001,2,0.0003763190136042102,4,True,1,28,256,4.219521240655194,9,1
9,128,1,2,1,64,1024,2.6686454288509975,2048,False,4,DLMT,32,False,True,False,False,1,2,1,False,8,18,2048,1,10,30,4,2.668868,1,0.0003591044416322147,8,True,1,5,2048,2.669090571149002,24,1
10,2048,64,16,2048,256,2048,3.6922890378841102,512,False,512,DLMT,512,False,False,False,False,4,4,1,False,8,27,512,1,10,1,2,3.6927399999999997,4,0.0007275987905432313,2,True,24,1,512,3.693190962115889,1,17
11,2,4,64,256,32,256,inf,512,False,256,DLMT,1,False,True,False,True,4,256,1,True,1,16,512,2,1,3,8,inf,1,inf,32,False,1,10,512,inf,2,1
12,32,8,2,256,8,1024,inf,32,False,128,DLMT,2048,False,False,False,True,1,1,1,False,16,18,32,4,1,18,16,inf,2,inf,8,False,14,1,32,inf,1,6
13,64,4,16,512,1,32,2.2271591471672414,1,False,16,DLMT,2048,False,True,True,True,4,2,1,False,1,15,8,4,10,10,1,2.227207,2,7.720751258785254e-05,16,True,23,1,2048,2.2272548528327585,27,1
14,256,2,64,2048,4,16,3.1111233428238005,32,False,2048,DLMT,128,True,False,True,True,16,2,1,False,4,15,64,8,10,11,4,3.115296,1,0.006732317877224772,16,True,1,8,1024,3.119468657176199,22,1
15,2048,1,512,2048,64,1024,10.073815331507474,4,False,256,DLMT,1024,False,True,True,True,2,256,1,False,1,19,1024,32,10,20,4,10.07414,16,0.0005238320341482703,1,True,29,1,32,10.074464668492526,1,14
16,1024,4,1,1,2,16,4.032786436499349,4,False,4,DLMT,32,True,True,False,False,4,16,13,False,16,7,128,4,10,1,8,4.032953,2,0.0002687396509635428,1,True,1,25,1024,4.033119563500651,1,29
17,256,16,16,256,1,1,2.447252398962971,512,False,128,DLMT,2048,False,True,True,True,16,8,17,False,4,17,64,1,10,1,2,2.4473840000000004,4,0.00021232993194548338,8,True,1,1,1,2.44751560103703,1,24
18,64,64,1,1,4,64,inf,64,False,1,DLMT,2048,True,True,False,False,1,1,18,False,2,21,32,4,1,1,4,inf,1,inf,32,False,30,1,512,inf,12,1
19,4,2048,8,256,128,32,3.1252363326034804,1024,False,1,DLMT,128,False,False,True,True,16,8,4,True,8,24,1,4,10,1,1,3.125552,4,0.0005093093362583961,1,True,28,1,1,3.1258676673965193,11,1
20,1,2,256,4,4,256,8.38078133017075,4,False,128,DLMT,1,True,False,False,False,2,2,9,True,1,25,512,1,10,1,32,8.380844,4,0.00010111379727783707,32,True,7,1,512,8.38090666982925,1,18
21,8,16,8,16,4,64,inf,256,False,1024,DLMT,64,True,False,True,False,2,16,10,True,16,10,64,2,1,1,1,inf,8,inf,2,False,1,7,1,inf,9,1
22,1,4,2,8,8,1024,1.9371468752944387,2,False,32,DLMT,128,False,True,True,True,32,8,20,True,2,18,1024,2,10,1,16,1.9375019999999998,4,0.0005729712034648857,1,True,1,11,1,1.937857124705561,25,1
23,8,8,1,8,4,256,4.486049267220043,256,False,2048,DLMT,64,True,True,False,True,4,2,1,True,32,29,64,8,10,30,1,4.486297,8,0.0003997011383520711,1,True,1,18,512,4.486544732779958,11,1
24,8,32,8,1024,32,128,3.0696195474899817,32,False,32,DLMT,128,True,True,True,True,4,8,1,False,8,12,64,16,10,23,2,3.0710649999999995,4,0.002332146007436047,8,True,3,1,1,3.0725104525100173,1,7
25,1,32,2,128,128,8,2.282889141926279,256,False,256,DLMT,64,False,True,False,True,1,2,1,True,8,29,256,2,10,15,16,2.2863739999999995,2,0.005622597620317558,32,True,1,22,2048,2.28985885807372,10,1
26,8,8,16,128,2,2048,1.899496002815685,32,False,8,DLMT,256,False,True,True,True,2,32,13,True,32,21,2048,16,10,1,4,1.899616,4,0.00019360785108049508,4,True,1,20,512,1.8997359971843149,1,12
27,1024,4,2,1024,8,64,2.5453965896416157,1,False,8,DLMT,256,True,False,True,False,16,32,1,True,4,29,16,1,10,28,8,2.5455490000000003,8,0.00024590445298940014,16,True,1,19,256,2.545701410358385,1,2
28,1024,16,1,1,32,512,3.0530290515437564,1,False,256,DLMT,2048,True,False,True,False,16,2,1,False,4,28,2048,16,10,10,1,3.053378,4,0.0005630062166619629,8,True,11,1,256,3.0537269484562435,8,1
29,64,4,2,256,2,2048,2.20550388020313,4,False,64,DLMT,1,True,False,True,False,1,8,1,False,16,3,2,16,10,6,8,2.2057069999999994,16,0.00032772091785542566,2,True,30,1,4,2.2059101197968687,1,8
30,1,4,4,1024,8,1024,1.911775890370548,1,False,1024,DLMT,64,True,False,False,False,1,256,1,True,1,10,512,8,10,18,16,1.9118479999999998,16,0.0001163443165779842,8,True,1,26,1024,1.9119201096294516,23,1
31,8,1,32,512,2,128,4.8763637685830465,1,False,8,DLMT,256,True,False,True,True,4,4,1,True,16,2,1,2,10,16,4,4.876487999999999,32,0.00020043951706176088,1,True,1,7,256,4.876612231416952,1,17
32,512,1,16,2048,2,256,1.9997031298047618,64,False,1,DLMT,1024,True,False,True,False,4,128,1,False,32,21,2048,1,10,7,1,1.9998740000000002,8,0.0002756882297088626,1,True,9,1,512,2.0000448701952385,1,23
33,2048,1,32,2048,1,2048,4.605407340702816,16,False,512,DLMT,1,True,False,True,False,1,16,25,False,32,23,256,4,10,1,2,4.6057690000000004,1,0.0005835143528653508,4,True,1,22,1,4.606130659297185,1,18
34,1,2,8,2,16,512,2.083412595140297,32,False,2,DLMT,32,True,True,True,False,1,64,1,True,32,10,256,4,10,13,1,2.0835870000000005,8,0.0002813911867845569,4,True,1,20,64,2.083761404859704,4,1
35,512,1,1,1,1,32,inf,16,False,2,DLMT,64,True,False,True,True,32,1,1,False,2,26,128,1,1,17,4,inf,4,inf,8,False,3,1,16,inf,1,27
36,1,4,1,8,256,4,2.1738603569785404,4,False,16,DLMT,32,True,True,True,False,8,4,9,True,2,1,512,1,10,1,32,2.1739240000000004,2,0.00010268398122404153,1,True,1,3,512,2.1739876430214604,1,2
37,4,256,1,64,64,2048,3.997352026805802,16,False,2048,DLMT,2048,False,True,True,True,2,128,1,True,4,20,128,4,10,7,32,3.9979579999999997,1,0.000977699340288187,8,True,1,4,2048,3.9985639731941975,29,1
38,8,128,1,64,2,2048,5.2046489543305405,1,False,512,DLMT,128,False,False,True,False,8,2,20,True,2,16,16,2,10,1,16,5.205474,2,0.0013311588935961069,2,True,1,29,256,5.206299045669459,1,14
39,8,2,2,1,256,256,2.6895756406497027,1,False,16,DLMT,8,False,False,True,False,16,64,10,False,1,21,512,8,10,1,4,2.689654,8,0.00012642784503420475,1,True,1,11,1,2.6897323593502973,1,7
40,16,2048,128,2048,1,512,5.208616013953254,4,False,2048,DLMT,512,True,True,False,True,2,4,10,True,8,3,2,8,10,1,2,5.209899,8,0.0020700166665996197,8,True,9,1,64,5.211181986046746,1,16
41,32,2048,1024,1,1,512,5.140134861619326,256,False,1,DLMT,1,False,True,False,True,2,128,1,False,32,7,512,2,10,30,32,5.140473,16,0.000545564844908498,4,True,1,29,1,5.140811138380674,1,23
42,1,256,32,256,2,16,5.798987963881681,2,False,1024,DLMT,32,False,False,True,True,2,8,1,True,16,20,32,1,10,10,4,5.799319,1,0.0005341057947634568,16,True,7,1,4,5.799650036118319,1,9
43,2,1,256,4,64,128,inf,8,False,2048,DLMT,256,False,False,False,False,16,1,24,False,1,4,256,2,1,1,16,inf,2,inf,16,False,1,21,2048,inf,18,1
44,4,1,8,256,1,1024,2.7697181572482097,1,False,128,DLMT,16,True,False,False,False,16,16,2,True,1,22,1,8,10,1,4,2.769771,4,8.525843066818505e-05,1,True,1,14,128,2.7698238427517903,1,5
45,1024,16,16,1024,128,2,4.354817491997887,1,False,512,DLMT,64,True,False,True,True,32,2,30,True,1,6,1024,8,10,1,1,4.356117,16,0.0020966737943704876,8,True,21,1,2,4.357416508002114,17,1
46,8,128,4,2048,4,1,2.139083290022697,8,False,1024,DLMT,256,True,True,True,False,1,4,1,True,1,29,1,2,10,11,32,2.139183,2,0.00016087572843659416,2,True,14,1,256,2.1392827099773033,16,1
47,32,2048,1,1024,512,64,3.756257620786397,2,False,1,DLMT,256,True,True,True,True,1,4,27,False,16,10,2048,1,10,1,16,3.7563680000000006,4,0.00017808986495588112,4,True,1,3,32,3.756478379213604,5,1
48,16,16,8,512,32,1,1.988457723154934,8,False,32,DLMT,16,False,False,True,False,32,256,4,True,4,26,128,2,10,1,1,1.988592,2,0.00021664717861076682,4,True,1,12,64,1.9887262768450658,25,1
49,2,16,256,512,4,64,2.2541109818631826,1,False,32,DLMT,1,True,False,False,False,16,8,23,False,8,17,1,1,10,1,1,2.254322,4,0.00034046438873988876,1,True,1,18,16,2.2545330181368177,18,1
50,2,1,4,2048,2,4,3.543276209247455,64,False,64,DLMT,2048,True,True,True,True,32,1,17,True,4,14,4,2,10,1,1,3.5460679999999996,2,0.004504377426459708,16,True,1,8,128,3.548859790752544,1,27
51,512,4,128,1024,2,1024,inf,1,False,32,DLMT,256,True,False,True,False,1,32,22,True,8,15,1024,2,1,1,16,inf,16,inf,8,False,27,1,512,inf,1,4
52,4,256,64,1,512,1024,4.502701664297258,8,False,512,DLMT,1,False,True,False,False,16,1024,19,True,2,22,1,16,10,1,1,4.503138000000001,32,0.0007040000000000041,2,True,1,5,2048,4.503574335702743,1,25
53,512,64,1,1024,2,64,3.2027416448566184,4,False,2048,DLMT,16,False,False,False,True,1,64,1,False,8,22,512,32,10,19,4,3.2031060000000005,1,0.0005878639298340466,32,True,28,1,1,3.2034703551433825,8,1
54,1,4,8,1,1,128,2.499184671361467,1,False,16,DLMT,32,False,False,False,True,32,128,1,False,4,7,1024,2,10,26,2,2.499558,1,0.0006023420954905546,16,True,23,1,4,2.499931328638533,1,27
55,4,2,256,8,16,8,2.5516911014289643,8,False,512,DLMT,1,False,True,False,False,4,8,1,True,2,23,32,4,10,19,8,2.552115,4,0.0006839334762972473,8,True,1,2,1024,2.552538898571036,14,1
56,32,1,16,1024,1,128,2.226079141721234,16,False,512,DLMT,16,False,True,True,False,8,1,1,True,1,1,2,2,10,1,1,2.2266519999999996,4,0.0009242705231694979,8,True,26,1,2048,2.2272248582787655,16,1
57,2,128,2,2,128,512,2.3548439432083055,8,False,1024,DLMT,1,False,False,False,False,1,512,24,False,2,28,1,1,10,1,4,2.354924,4,0.00012916655913975024,4,True,1,21,128,2.3550040567916946,1,14
58,8,8,2,256,8,2048,2.7838286889273602,4,False,512,DLMT,256,True,True,True,False,8,1024,24,True,16,1,64,1,10,1,2,2.784037,4,0.0003360967122718739,2,True,17,1,64,2.78424531107264,12,1
59,2048,8,4,1,1,512,2.066856716506643,256,False,32,DLMT,8,False,True,True,False,2,8,1,True,1,30,1,16,10,29,2,2.066912,2,8.919641248388498e-05,16,True,28,1,512,2.066967283493357,1,11
60,8,4,4,512,2,512,2.0416633454508486,4,False,4,DLMT,8,False,True,False,True,8,512,1,False,4,29,1024,2,10,2,1,2.0417619999999994,8,0.00015917286200857274,2,True,1,21,16,2.0418606545491502,1,4
61,4,1,32,512,1,64,5.230553284221078,8,False,512,DLMT,256,False,True,True,True,1,4,1,False,32,28,512,4,10,20,1,5.230641,1,0.00014152384958029355,32,True,1,12,8,5.230728715778922,1,29
62,1,2048,1,8,256,1,3.494257314000305,1024,False,1,DLMT,32,True,True,True,False,8,2048,1,True,4,17,2048,1,10,28,32,3.494473,8,0.0003479956896284959,8,True,1,30,1,3.4946886859996953,1,7
63,8,2048,128,64,4,256,1.868517693779999,16,False,2048,DLMT,1024,True,True,True,False,32,256,1,False,4,25,32,8,10,16,16,1.8688069999999999,1,0.00046677724880287694,4,True,1,7,32,1.8690963062200008,1,13
64,64,4,64,2048,16,2048,inf,32,False,1024,DLMT,256,False,False,True,True,32,64,14,False,1,18,16,2,1,1,1,inf,2,inf,4,False,1,12,128,inf,1,4
65,16,2048,128,64,8,512,2.6562314943112355,4,False,1,DLMT,128,True,False,False,False,4,512,1,False,1,8,32,8,10,11,8,2.656307,32,0.0001218236430255336,1,True,24,1,128,2.6563825056887644,1,4
66,8,32,1,1,4,64,5.452956870299811,4,False,512,DLMT,16,False,False,True,True,8,2,1,False,2,9,4,4,10,28,1,5.453076,1,0.00019220822042770598,2,True,15,1,1024,5.453195129700189,1,1
67,16,4,2,1,32,1024,2.1451200737040845,16,False,512,DLMT,64,True,False,True,True,1,64,12,False,2,21,2048,32,10,1,1,2.145262,8,0.0002289890827091895,2,True,29,1,32,2.145403926295915,1,27
68,4,64,8,2048,1,256,2.7997576702039866,4,False,128,DLMT,1024,False,True,True,True,16,128,1,True,8,23,2048,1,10,11,2,2.7998849999999997,2,0.00020543855529093436,16,True,1,18,256,2.800012329796013,1,5
69,64,8,8,1024,512,32,inf,64,False,256,DLMT,2048,True,True,True,False,1,8,1,False,8,4,1024,32,1,25,1,inf,1,inf,16,False,17,1,1,inf,13,1
70,32,2048,32,32,4,32,2.471778024341391,128,False,2048,DLMT,64,True,True,True,True,32,16,16,False,2,17,64,2,10,1,8,2.4721610000000003,32,0.0006179069509238266,1,True,28,1,2048,2.4725439756586094,1,25
71,8,64,2,64,2048,1024,2.7955407804733796,8,False,512,DLMT,128,True,True,True,True,2,128,1,False,8,14,1,1,10,26,4,2.795841,2,0.0004843851773124575,32,True,1,30,64,2.79614121952662,28,1
72,4,32,2048,16,8,16,5.455439677930499,32,False,1,DLMT,1,False,False,False,True,8,1,1,True,16,26,2048,2,10,5,16,5.455653,4,0.00034418163809255524,1,True,1,30,32,5.4558663220695,29,1
73,64,512,64,64,4,64,2.598843061766039,64,False,2048,DLMT,1,False,False,True,True,16,2,1,False,4,21,128,8,10,29,2,2.5989459999999998,16,0.00016608431593618178,2,True,1,13,512,2.5990489382339605,17,1
74,2,32,128,2,8,128,2.470681049686516,16,False,512,DLMT,128,False,False,True,True,1,4,5,True,4,11,16,1,10,1,16,2.4708319999999997,32,0.0002435487630845069,4,True,1,23,32,2.4709829503134833,30,1
75,256,2,16,256,1,512,1.9862282264407025,2,False,2048,DLMT,128,False,False,True,False,32,8,1,True,4,11,32,2,10,4,8,1.9863729999999997,2,0.00023358296170739612,1,True,1,29,32,1.986517773559297,18,1
76,8,1024,2,2048,16,512,3.082945660677126,1024,False,1024,DLMT,1024,True,True,True,False,2,4,1,False,16,15,64,16,10,30,8,3.08305,32,0.0001683448840921572,1,True,25,1,1,3.083154339322874,1,21
77,64,1,1,512,8,1,6.2437754174449696,2,False,2048,DLMT,1,False,False,True,False,4,128,17,True,32,27,2048,16,10,1,1,6.2438970000000005,2,0.00019616574624522898,2,True,1,21,4,6.244018582555031,1,4
78,1,2048,16,2048,64,16,3.9766955215097277,64,False,2048,DLMT,64,True,False,False,True,16,8,1,False,1,16,64,16,10,17,2,3.978974,16,0.0036761806266831032,1,True,4,1,512,3.9812524784902723,1,5
79,32,2,512,2048,2,512,inf,1024,False,8,DLMT,1024,True,False,False,True,16,2,15,False,1,23,8,8,1,1,1,inf,32,inf,2,False,1,11,2048,inf,27,1
80,1,1,128,128,8,512,inf,1,False,64,DLMT,1,False,True,False,True,1,32,10,False,1,11,1024,2,1,1,4,inf,1,inf,8,False,15,1,512,inf,1,7
81,32,1024,16,64,4,2,5.029172579654614,16,False,1024,DLMT,256,True,False,True,False,2,2,27,True,16,30,64,2,10,1,32,5.030383,4,0.001952936506904298,8,True,1,10,64,5.031593420345385,15,1
82,16,32,128,16,4,32,4.670780591290039,32,False,256,DLMT,1024,True,True,False,False,1,32,17,False,16,8,2048,16,10,1,4,4.670919,32,0.00022331368072742709,1,True,1,21,256,4.67105740870996,17,1
83,1,1,1,1,1,1,1.9178065195319356,1,True,1,DLMT,1,False,False,False,False,1,1,1,False,1,1,1,1,10,1,1,1.9181940000000002,1,0.0006251751754508229,1,True,1,1,1,1.9185814804680648,1,1
84,2,4,4,2048,256,128,2.758313325687991,256,False,2048,DLMT,256,True,False,True,True,4,64,1,False,8,23,2048,8,10,7,2,2.758395,1,0.00013177632564308079,8,True,1,16,512,2.7584766743120093,17,1
85,4,2,64,1,16,1024,4.914187794945436,2,False,2,DLMT,128,True,False,True,True,8,1,13,True,4,8,1,4,10,1,2,4.914387,32,0.0003214047292746052,1,True,1,29,4,4.9145862050545635,1,24
86,32,1,512,32,1,64,inf,16,False,2048,DLMT,512,False,True,False,False,1,32,16,False,32,6,2048,2,1,1,2,inf,2,inf,1,False,10,1,128,inf,24,1
87,64,64,1,2048,4,1,2.221060028679194,64,False,64,DLMT,2,True,False,False,False,2,32,1,False,16,25,1,8,10,28,16,2.221153,1,0.0001500033332962176,32,True,14,1,128,2.221245971320806,1,4
88,2048,2,128,2048,2,2048,2.1513840140803104,1024,False,2048,DLMT,512,True,False,False,True,32,16,21,False,2,5,4,8,10,1,16,2.1515210000000002,1,0.00022101809880639153,32,True,14,1,1024,2.15165798591969,26,1
89,16,128,8,1,128,2048,3.8294300909124304,128,False,128,DLMT,64,True,True,False,False,2,32,1,True,32,30,1,1,10,30,16,3.8295970000000006,4,0.00026929723355427173,4,True,9,1,512,3.829763909087571,24,1
90,128,4,128,512,32,8,3.7115667535683086,8,False,16,DLMT,1024,False,True,False,False,2,1,1,True,1,28,128,4,10,4,8,3.7119929999999997,4,0.0006877216006495781,8,True,28,1,512,3.7124192464316907,6,1
91,2048,64,2,2048,8,512,1.862943022865496,1,False,512,DLMT,128,True,False,False,True,1,16,1,False,4,21,256,4,10,13,32,1.8630110000000002,4,0.00010967679791098571,4,True,1,22,8,1.8630789771345044,1,1
92,2,512,8,4,4,2,2.2023365369268944,64,False,2048,DLMT,256,True,False,False,True,8,1,1,False,1,1,32,2,10,8,4,2.2024230000000005,16,0.00013950268814610274,4,True,1,30,512,2.2025094630731066,18,1
93,4,1024,2,512,8,8,2.9774917142683264,32,False,1024,DLMT,128,False,False,True,False,8,4,1,True,16,28,64,8,10,27,8,2.977569,2,0.00012469562943424325,1,True,5,1,64,2.9776462857316734,1,28
94,1,4,128,64,1,1,inf,1,False,16,DLMT,128,False,False,True,True,1,1,1,False,8,26,8,16,1,18,2,inf,4,inf,8,False,7,1,8,inf,1,21
95,1,1,32,8,256,16,inf,1,False,2,DLMT,64,True,False,False,True,1,2,1,False,1,8,1,1,1,26,16,inf,2,inf,8,False,25,1,256,inf,1,10
96,2048,1,32,1,2,256,2.77474125330096,16,False,1024,DLMT,128,True,True,True,False,16,128,1,False,4,25,16,1,10,9,8,2.7748239999999997,8,0.00013350655414625485,16,True,4,1,128,2.7749067466990396,7,1
97,8,128,8,8,128,1,5.4090354467391535,4,False,1,DLMT,256,False,True,False,False,8,16,7,True,8,18,2048,32,10,1,2,5.409236,2,0.00032357997465856924,2,True,11,1,16,5.409436553260846,21,1
98,1,2,4,1024,4,8,2.68802265951692,128,False,16,DLMT,4,False,True,True,True,16,2,16,True,4,22,1024,8,10,1,8,2.688255,4,0.00037486664295452237,1,True,1,2,128,2.68848734048308,14,1
99,2,256,2,2,2,128,2.190850530829711,64,False,1024,DLMT,2048,True,False,False,False,8,8,14,True,4,12,64,2,10,1,8,2.190912,2,9.917661014573548e-05,4,True,9,1,128,2.190973469170289,17,1
100,4,16,1,64,1,2048,9.861593871317211,4,False,32,DLMT,2048,False,True,True,False,32,2048,1,True,2,24,2,8,10,22,4,9.861739,2,0.0002341559309517224,4,True,1,30,4,9.861884128682789,12,1
101,32,1,1,2048,64,2048,4.695055204771174,128,False,8,DLMT,32,True,False,True,True,4,64,23,True,4,18,64,4,10,1,32,4.695596,32,0.000872538824351121,2,True,1,19,1024,4.696136795228826,19,1
102,8,32,2,1,1,2048,1.8615297221125235,2048,False,2048,DLMT,2048,True,True,False,False,2,32,22,False,16,30,64,2,10,1,32,1.8617030000000003,8,0.0002795728885281993,8,True,27,1,2048,1.8618762778874771,30,1
103,4,2,2,512,256,8,4.997438620462472,512,False,1024,DLMT,16,False,True,False,False,16,4,1,False,2,14,1,1,10,18,1,4.997643999999999,1,0.00033136686617710496,16,True,29,1,2048,4.997849379537526,1,18
104,2,2,2,64,32,8,3.896065853153827,8,False,32,DLMT,1024,True,True,False,True,4,4,1,False,2,21,64,2,10,9,2,3.8962959999999995,2,0.0003713273488446975,16,True,8,1,1024,3.8965261468461723,1,8
105,8,16,64,2048,1,64,6.111793749635236,1024,False,64,DLMT,1024,True,True,True,True,2,2,25,True,16,21,128,32,10,1,4,6.112416999999999,16,0.0010055749599109957,2,True,2,1,1,6.113040250364762,1,18
106,1,1,1,16,1,64,2.2040812935304768,2,False,4,DLMT,64,True,False,False,False,8,16,1,True,8,5,1,4,10,30,1,2.204475,1,0.0006352204341801737,4,True,1,16,256,2.204868706469523,7,1
107,1,4,64,1024,1,2,inf,64,False,1,DLMT,2048,True,True,False,True,1,1,1,True,32,26,256,4,1,14,2,inf,32,inf,1,False,16,1,128,inf,1,21
108,8,512,2,1,32,1024,3.8639775933702856,1024,False,1,DLMT,256,False,False,True,False,16,128,11,True,2,13,128,4,10,1,16,3.8677429999999995,1,0.006075244933333954,8,True,1,8,2048,3.8715084066297134,1,13
109,512,16,16,2048,32,4,2.605216320198746,32,False,64,DLMT,256,False,False,True,False,4,4,1,False,32,22,256,1,10,27,32,2.605284,4,0.00010919706955782565,32,True,15,1,512,2.605351679801254,2,1
110,16,4,2,1024,1,512,2.8481796771400414,4,False,16,DLMT,2048,False,False,True,True,16,512,11,True,1,15,256,8,10,1,16,2.8485150000000004,8,0.000541022180691294,4,True,1,19,4,2.8488503228599593,1,30
111,16,2,512,256,4,1024,3.8952363212398757,64,False,128,DLMT,1024,True,True,True,False,8,4,1,False,16,26,16,1,10,18,1,3.8954549999999997,4,0.0003528243188897234,2,True,1,10,128,3.8956736787601236,1,10
112,16,1024,2,1,16,1,2.512544206866099,2048,False,1,DLMT,8,True,False,True,True,1,4,1,True,16,19,32,8,10,14,4,2.512661,8,0.00018843831882071015,8,True,1,21,1,2.512777793133901,15,1
113,16,8,8,1,8,512,inf,1,False,2048,DLMT,1024,True,True,False,True,32,512,29,False,1,6,512,16,1,1,1,inf,32,inf,4,False,1,6,512,inf,1,1
114,8,64,16,32,32,32,2.409764562874742,64,False,512,DLMT,1,True,True,False,True,4,1,2,False,32,15,128,8,10,1,2,2.4099569999999995,4,0.00031048510431260206,16,True,17,1,2048,2.410149437125257,1,19
115,1024,2,8,2048,2,4,1.888320963462943,128,False,2,DLMT,8,False,False,False,False,1,1,1,False,1,28,16,4,10,8,1,1.8883839999999998,2,0.00010170545708070972,1,True,1,12,1024,1.8884470365370567,25,1
116,512,1024,2,1024,8,512,1.9015769844093007,1,False,1,DLMT,16,True,False,False,False,2,256,28,True,32,28,2048,1,10,1,32,1.9017240000000002,1,0.00023720033726790432,4,True,1,14,32,1.9018710155906997,1,4
117,256,2,32,1024,1,1,4.604510026782462,4,False,128,DLMT,2048,False,False,False,True,1,512,1,True,32,12,512,16,10,16,4,4.604772,4,0.0004226771817829734,2,True,1,8,1,4.605033973217537,14,1
118,1,1,4,128,1,32,inf,2048,False,32,DLMT,2048,True,False,False,False,1,32,1,True,2,25,128,32,1,2,1,inf,1,inf,4,False,6,1,2048,inf,5,1
119,2,64,32,1,8,256,3.6717855395411356,512,False,1,DLMT,2048,True,False,False,False,32,32,1,True,2,21,256,32,10,27,4,3.6719790000000003,1,0.0003121361882255462,16,True,1,1,1,3.672172460458865,1,20
120,256,1,16,256,8,1024,5.630899944584299,8,False,1,DLMT,256,False,False,False,False,16,1024,22,False,1,30,32,32,10,1,1,5.632524999999999,32,0.0026219239119395143,4,True,27,1,512,5.6341500554157,1,26
121,16,64,1,1,16,16,3.3926902011957116,4,False,64,DLMT,32,True,False,True,False,16,8,1,False,2,24,32,16,10,18,8,3.3931130000000005,2,0.0006821590723577569,4,True,21,1,1,3.3935357988042893,8,1
122,1,4,128,2,2,2048,3.5031011270004133,4,False,1024,DLMT,512,True,True,True,False,2,1024,1,False,16,6,16,8,10,17,1,3.5044450000000005,4,0.002168253905796073,8,True,1,1,1,3.5057888729995876,7,1
123,4,1,64,4,4,512,2.3012572692668374,4,False,512,DLMT,128,False,True,False,True,16,128,11,False,2,30,1024,1,10,1,1,2.301339,4,0.00013186735759848384,1,True,1,6,32,2.3014207307331627,6,1
124,2,1,256,64,32,512,4.35345180576657,4,False,32,DLMT,1,False,True,False,True,8,1,24,True,16,20,128,8,10,1,8,4.353619,4,0.0002697572983256208,1,True,16,1,16,4.353786194233431,28,1
125,8,2,256,32,8,2048,inf,32,False,32,DLMT,1,False,True,True,False,1,8,1,True,8,8,2048,1,1,9,16,inf,16,inf,8,False,10,1,256,inf,1,18
126,64,8,4,512,256,512,3.286361187158316,128,False,16,DLMT,4,True,False,True,True,2,64,1,True,32,30,256,1,10,20,1,3.286632,16,0.00043693935505975174,4,True,29,1,1024,3.286902812841684,5,1
127,64,64,64,64,4,64,2.680829872928716,1,False,64,DLMT,128,True,False,True,False,1,2,3,False,1,27,2048,1,10,1,32,2.680904,8,0.00011959933110172826,1,True,1,1,64,2.680978127071284,1,26
128,16,512,4,256,8,512,2.187752112030558,2,False,512,DLMT,4,True,True,False,True,4,256,18,True,16,26,64,2,10,1,4,2.187854,1,0.00016438978070435032,2,True,9,1,16,2.1879558879694425,1,27
129,16,8,64,128,4,256,4.51225012920473,1,False,16,DLMT,2048,False,False,True,False,4,1,13,True,32,6,64,4,10,1,4,4.51327,2,0.0016454968854422334,2,True,1,26,2048,4.51428987079527,1,5
130,512,256,4,1,32,128,2.4060086481253427,256,False,256,DLMT,32,True,True,False,True,32,8,1,True,2,8,1024,4,10,26,1,2.4060940000000004,4,0.00013770983988081335,4,True,24,1,512,2.406179351874658,22,1
131,2048,4,1,2048,2,512,2.2968620510052333,2048,False,1024,DLMT,8,False,False,True,True,2,4,9,False,16,18,16,32,10,1,4,2.296983,8,0.00019514353691582397,1,True,1,19,2048,2.2971039489947667,26,1
132,32,4,64,32,1,64,2.8951841629539588,32,False,1,DLMT,64,False,True,False,False,2,32,7,False,8,6,128,1,10,1,32,2.895348,16,0.00026434068926294946,8,True,1,4,128,2.895511837046041,1,14
133,16,16,1,16,128,64,3.5562456455289615,1024,False,512,DLMT,1,False,True,True,True,4,4,21,False,8,10,1024,8,10,1,2,3.556461,32,0.000347460789154731,1,True,1,13,1024,3.5566763544710387,8,1
134,2,2,64,16,32,1024,inf,16,False,128,DLMT,256,True,True,True,False,1,1024,1,True,1,2,1,32,1,23,2,inf,1,inf,2,False,8,1,256,inf,1,20
135,16,128,2048,512,512,64,3.776049718448882,1,False,512,DLMT,2048,True,False,True,False,2,2,1,True,8,27,2048,16,10,15,4,3.7763600000000004,2,0.0005006196160759559,1,True,22,1,64,3.7766702815511186,24,1
136,8,64,2,8,2,1024,2.9700455851441507,64,False,256,DLMT,1024,True,True,False,False,1,128,1,True,32,16,64,32,10,8,2,2.970123,16,0.00012490396310767455,1,True,1,22,256,2.9702004148558494,1,22
137,2,32,1024,2,2,2,2.852969176771632,8,False,128,DLMT,2048,True,True,True,True,1,1,1,True,8,7,1,8,10,10,4,2.853407,2,0.0007064000283125622,16,True,10,1,32,2.8538448232283677,3,1
138,512,32,32,1024,512,16,2.9595668656253338,512,False,32,DLMT,1,True,True,True,False,8,1,29,False,1,12,1,1,10,1,32,2.959823,16,0.00041325657889504803,2,True,25,1,512,2.9600791343746664,11,1
139,64,32,1,64,4,32,2.2815360813993983,2,False,128,DLMT,2048,True,True,True,True,4,16,2,False,8,3,4,8,10,1,2,2.2816730000000005,8,0.00022090948372571233,4,True,26,1,16,2.2818099186006027,1,23
140,1,256,4,2,1,1,3.147861101304512,128,False,256,DLMT,16,False,False,True,False,16,16,1,True,1,21,256,1,10,17,32,3.1480539999999997,4,0.00031122981862286383,8,True,1,29,1024,3.1482468986954872,1,2
141,2,2,2,512,2,2048,2.07848163931844,1024,False,128,DLMT,4,False,True,False,True,16,512,1,True,2,22,512,2,10,12,1,2.078853,8,0.0005991669216503803,8,True,1,18,2048,2.07922436068156,30,1
142,128,4,2,512,4,1,4.285756360185776,4,False,1,DLMT,128,False,True,False,False,16,16,19,True,1,4,2048,16,10,1,4,4.286041,1,0.0004592482988537914,1,True,7,1,2048,4.2863256398142235,4,1
143,4,1,2,1,4,512,2.4225358055303534,2,False,64,DLMT,1,True,True,False,False,1,16,1,True,16,14,256,1,10,12,16,2.422683,1,0.00023748894711122598,32,True,30,1,2,2.422830194469647,1,20
144,64,4,2,256,4,128,2.4034119547408044,512,False,32,DLMT,64,True,False,False,False,16,16,30,True,8,12,64,2,10,1,2,2.403519,4,0.0001727107408356644,1,True,1,20,2048,2.403626045259196,1,13
145,128,2,1,256,2,512,10.570589450541414,2,False,4,DLMT,2,False,False,False,False,2,2,1,True,4,14,1024,4,10,15,8,10.571929999999998,4,0.002162891583043102,8,True,18,1,256,10.573270549458583,1,28
146,32,4,16,64,1,8,1.9860380714284576,8,False,256,DLMT,512,True,False,True,False,16,1,1,True,2,28,4,2,10,22,8,1.9861430000000002,4,0.00016929559947031095,1,True,1,23,32,1.9862479285715429,14,1
147,4,4,1024,2048,32,256,8.557751318755829,8,False,16,DLMT,2048,False,False,False,False,4,128,20,False,32,4,128,4,10,1,16,8.557922000000001,32,0.0002753833691418339,2,True,19,1,2048,8.558092681244174,1,13
148,1,128,16,128,2,256,2.62054708048245,2048,False,2048,DLMT,128,True,False,False,True,4,64,1,False,4,3,128,32,10,12,4,2.62077,32,0.00035966651220262154,1,True,30,1,2048,2.6209929195175494,1,13
149,16,256,8,128,8,1024,2.022137291478191,1,False,256,DLMT,8,False,True,True,True,32,16,22,False,1,1,1,8,10,1,1,2.0221720000000003,1,5.599999999997829e-05,4,True,1,26,16,2.0222067085218094,12,1
150,1,256,256,256,8,2048,1.9907944634691426,32,False,1,DLMT,1024,True,True,False,True,2,64,29,True,2,26,512,4,10,1,4,1.9908709999999998,16,0.00012348684140423602,4,True,7,1,1024,1.990947536530857,8,1
151,1,128,16,512,8,2048,inf,1,False,2048,DLMT,16,True,False,False,False,16,64,1,False,1,7,1024,8,1,20,8,inf,1,inf,2,False,1,6,32,inf,1,1
152,32,64,2,512,128,32,2.535998135868878,1,False,64,DLMT,128,False,False,True,True,4,2,1,True,8,10,1,2,10,14,8,2.5360539999999996,1,9.013323471398864e-05,1,True,1,15,4,2.536109864131121,2,1
153,2,1024,2,4,2,8,3.0280862122092422,32,False,2048,DLMT,8,False,True,True,False,4,8,1,True,2,18,1024,1,10,11,2,3.0282379999999995,2,0.000244899979583557,2,True,20,1,1024,3.028389787790757,21,1
154,2,64,512,2048,1024,1,5.1559884294928064,1,False,64,DLMT,1,False,True,True,True,2,2048,27,False,32,28,1024,8,10,1,1,5.156095,1,0.00017194475857082746,4,True,1,5,64,5.156201570507193,21,1
155,32,1024,32,2048,2,2048,2.6829407109623147,2,False,1,DLMT,256,True,False,False,True,16,1024,1,False,8,24,512,16,10,1,2,2.683172,8,0.0003731702024545746,1,True,11,1,1,2.683403289037685,1,24
156,64,4,8,64,64,256,3.409967477072206,32,False,512,DLMT,128,False,False,False,False,16,16,8,True,4,22,256,4,10,1,16,3.410203,4,0.00038000131578718995,32,True,1,13,1,3.410438522927794,18,1
157,512,4,2,512,8,1024,2.3119110966256784,16,False,32,DLMT,8,False,True,False,True,2,8,1,False,4,17,32,2,10,2,32,2.3120719999999997,4,0.0002596073958884798,8,True,16,1,256,2.312232903374321,9,1
158,256,64,4,1024,64,256,3.8184321251570066,1,False,1024,DLMT,1,False,True,False,False,8,128,25,True,2,29,2048,32,10,1,4,3.8186279999999995,4,0.0003160316439852071,1,True,3,1,1024,3.8188238748429923,16,1
159,2,32,1,256,512,8,2.675714860684216,8,False,64,DLMT,256,False,True,True,False,4,1,1,True,8,24,512,2,10,7,2,2.6757990000000005,4,0.0001357534529947858,32,True,1,7,512,2.675883139315785,23,1
160,1,128,1,2048,2,256,inf,2,False,256,DLMT,1,True,True,False,False,16,8,1,True,1,14,64,4,1,11,8,inf,4,inf,2,False,1,25,512,inf,30,1
161,4,2048,256,16,1,16,5.327809426645801,32,False,1,DLMT,1024,True,False,True,False,4,16,20,False,8,3,8,1,10,1,4,5.32789,16,0.00012999999999998397,1,True,1,15,64,5.327970573354199,1,1
162,4,2,16,256,32,1,inf,512,False,8,DLMT,32,False,False,True,False,1,1,1,False,2,12,1,16,1,16,8,inf,2,inf,16,False,25,1,1,inf,29,1
163,1024,16,1,2048,8,512,13.486233781936427,4,False,16,DLMT,256,False,True,True,True,16,256,1,True,2,3,128,8,10,18,2,13.48633,32,0.00015524174696223843,2,True,28,1,1,13.486426218063574,1,3
164,128,512,4,128,1024,2048,3.323041126547053,128,False,2048,DLMT,2048,False,False,False,True,16,128,1,True,4,23,1024,1,10,25,1,3.324935,4,0.003055644776475131,2,True,1,24,512,3.3268288734529468,1,14
165,1024,128,1024,1024,256,256,2.228160405023384,8,False,128,DLMT,2048,True,True,False,True,4,128,1,False,8,21,256,2,10,18,8,2.22829,4,0.00020909328061900016,8,True,12,1,128,2.2284195949766157,20,1
166,64,1,4,512,32,32,2.083623216712178,1,False,256,DLMT,2048,True,True,False,True,8,2,1,False,2,10,64,2,10,4,2,2.083692,2,0.00011097747519205222,16,True,1,2,64,2.083760783287822,26,1
167,1,64,2,1024,1,2048,2.672971737934087,256,False,2048,DLMT,1,False,False,False,False,8,4,1,False,1,23,8,32,10,25,4,2.6730709999999998,2,0.0001601530517973198,32,True,13,1,256,2.6731702620659124,17,1
168,16,1,2048,32,4,1024,3.577242695954078,1,False,2,DLMT,2048,False,True,True,False,1,4,26,False,16,9,512,2,10,1,1,3.5773050000000004,32,0.00010052362906297792,4,True,1,16,8,3.577367304045923,15,1
169,4,1,512,16,256,2048,inf,128,False,1024,DLMT,1,True,True,True,False,8,256,29,False,1,7,1024,32,1,1,4,inf,4,inf,32,False,1,14,128,inf,25,1
170,128,64,4,512,4,1024,2.746358500578358,32,False,1024,DLMT,256,False,False,True,False,8,32,1,False,1,28,16,2,10,18,4,2.7464389999999996,8,0.00012988071450379123,1,True,9,1,2048,2.746519499421641,1,23
171,1,256,16,2,1,1,3.0080138080436867,32,False,512,DLMT,2048,False,False,True,False,1,4,8,False,2,23,8,16,10,1,2,3.0083770000000003,8,0.0005859872012253973,4,True,1,13,2048,3.008740191956314,1,25
172,256,2,2048,1024,8,256,2.1226004364993503,4,False,1024,DLMT,2048,True,False,True,True,8,1,1,True,2,28,32,1,10,28,16,2.1227670000000005,2,0.0002687396509635407,16,True,1,12,1024,2.1229335635006508,1,21
173,16,1024,1,512,8,8,3.150632214763585,64,False,2048,DLMT,512,False,False,True,False,16,1,2,True,2,18,8,16,10,1,2,3.150871,1,0.00038526484397108444,32,True,1,22,128,3.151109785236415,24,1
174,2,2,32,2048,1,512,2.705758061511843,2048,False,2048,DLMT,512,True,False,False,True,16,16,17,False,8,26,1,1,10,1,4,2.7059049999999996,8,0.00023707593720155508,8,True,1,4,2048,2.706051938488156,1,30
175,2,16,128,8,4,512,inf,128,False,1,DLMT,2048,True,True,False,True,8,32,1,True,1,14,128,4,1,13,2,inf,1,inf,32,False,1,23,256,inf,18,1
176,2,2,8,16,64,2048,2.9441681480488096,2,False,8,DLMT,1024,True,True,True,False,4,2,23,True,8,4,512,1,10,1,16,2.9443259999999998,8,0.0002546841180756654,2,True,1,2,16,2.94448385195119,1,29
177,64,16,2,1024,32,32,7.193480636350055,2,False,32,DLMT,16,False,False,False,True,4,2,22,True,32,14,32,8,10,1,4,7.195310000000001,16,0.002951562298173702,8,True,24,1,2048,7.1971393636499466,28,1
178,32,1,256,256,16,256,4.082511910489792,2,False,4,DLMT,1,True,True,False,True,1,4,1,False,32,22,16,4,10,18,2,4.083051,2,0.000869786755475182,8,True,8,1,256,4.083590089510208,19,1
179,128,64,2,256,8,1,1.967269142881907,32,False,64,DLMT,16,True,True,False,True,4,64,1,False,16,16,1,1,10,10,8,1.9674139999999998,1,0.0002337177785278647,1,True,8,1,512,1.9675588571180926,1,20
180,1,8,8,1024,64,128,1.9964567051055004,16,False,1024,DLMT,64,False,False,False,False,1,1,30,False,4,11,512,1,10,1,32,1.9965230000000003,4,0.00010696261028975138,4,True,1,10,1,1.9965892948945,6,1
181,64,32,4,128,32,2048,5.203942760740552,8,False,32,DLMT,32,False,False,True,True,4,8,1,False,1,12,1024,2,10,9,1,5.204064,2,0.00019561186058112,16,True,27,1,1024,5.204185239259448,1,5
182,1,2,4,2,2,128,2.431466515875546,1,False,256,DLMT,128,True,False,True,False,8,32,18,True,4,29,16,4,10,1,32,2.4316090000000004,16,0.0002298891036999894,8,True,1,22,2,2.4317514841244545,14,1
183,8,64,4,16,8,512,2.5705541332379487,1,False,64,DLMT,16,True,True,True,True,1,32,29,True,4,28,8,1,10,1,2,2.5706549999999995,8,0.00016274212730571223,16,True,1,24,512,2.5707558667620503,14,1
184,1,4,32,4,4,512,3.474499082929301,1,False,64,DLMT,1,False,False,True,False,2,4,9,False,8,28,256,4,10,1,4,3.474638,16,0.00022413388855765674,1,True,17,1,1,3.4747769170706992,24,1
185,32,4,32,2048,16,128,3.2743221552859434,512,False,8,DLMT,64,True,False,True,True,8,32,1,True,8,20,1024,1,10,4,4,3.2745419999999994,4,0.0003547055116571581,32,True,1,13,512,3.2747618447140554,16,1
186,256,16,128,512,128,16,inf,16,False,32,DLMT,1024,True,True,True,False,1,8,19,False,2,13,1,32,1,1,1,inf,4,inf,8,False,13,1,512,inf,1,24
187,1,128,8,512,2,128,1.9977984618616023,2,False,1024,DLMT,1024,True,False,True,True,4,4,1,False,4,8,256,2,10,11,4,1.9980699999999998,4,0.0004381095753347446,2,True,1,25,1,1.9983415381383973,15,1
188,8,64,16,256,32,256,2.261027581513669,1,False,128,DLMT,2048,True,True,True,False,2,8,8,False,32,12,1024,1,10,1,32,2.261157,1,0.0002088085247302175,8,True,25,1,512,2.2612864184863306,1,27
189,32,4,32,1024,32,8,1.9569594154646244,16,False,1,DLMT,32,False,False,False,True,1,4,1,False,8,22,32,32,10,18,2,1.9570379999999996,8,0.00012679116688476424,8,True,1,18,512,1.9571165845353748,3,1
190,1,8,8,512,1,1,5.398819338184932,32,False,8,DLMT,256,True,True,True,False,32,64,1,True,4,14,1024,2,10,21,16,5.399159000000001,1,0.000548022809744152,8,True,1,30,512,5.39949866181507,30,1
191,16,16,4,256,16,2048,4.040990977301444,4,False,256,DLMT,128,False,False,False,False,1,1024,22,True,1,17,32,4,10,1,8,4.041336,8,0.0005566722554611056,1,True,17,1,32,4.0416810226985564,4,1
192,2,4,8,32,256,1,2.2571974885241035,4,False,256,DLMT,1,True,False,False,True,2,256,1,False,4,1,1,16,10,16,1,2.2575629999999998,2,0.0005897295990536915,8,True,18,1,1024,2.257928511475896,1,9
193,8,256,2,8,32,512,2.986998206353675,4,False,256,DLMT,128,False,True,True,True,1,64,5,False,32,7,256,2,10,1,32,2.9871269999999996,4,0.00020780038498520792,16,True,11,1,128,2.9872557936463244,6,1
194,64,4,4,2048,32,1024,3.015138078233005,32,False,1024,DLMT,16,True,True,False,True,2,1,10,True,16,24,1024,2,10,1,4,3.0155070000000004,16,0.0005952318875866486,2,True,1,24,512,3.015875921766996,21,1
195,2,1024,32,2,64,64,10.997509812021377,64,False,2048,DLMT,128,False,False,False,False,8,2,30,True,16,26,1,4,10,1,16,10.997910000000001,4,0.000645677938294265,2,True,1,27,128,10.998310187978625,1,23
196,8,32,128,64,4,16,inf,16,False,1,DLMT,2048,False,False,True,False,32,16,14,False,1,16,4,16,1,1,1,inf,2,inf,8,False,3,1,64,inf,2,1
197,64,1,2,512,2,1024,2.3343642791770405,4,False,16,DLMT,1,True,False,False,False,4,64,1,False,16,12,16,4,10,23,4,2.3348240000000002,4,0.0007417304092458638,4,True,28,1,1,2.33528372082296,25,1
198,32,1024,16,512,4,2048,inf,2,False,1024,DLMT,64,False,True,True,True,2,64,29,False,1,24,2048,32,1,1,2,inf,4,inf,32,False,1,15,64,inf,1,22
199,8,1,4,128,8,64,3.008474655740602,64,False,4,DLMT,1,False,True,True,False,16,8,14,True,1,10,128,1,10,1,1,3.008647,8,0.00027806653879958946,4,True,4,1,256,3.008819344259398,1,1
200,2,2,4,1024,512,1024,2.8846042873557702,4,False,1,DLMT,1024,False,True,False,True,16,1024,1,True,8,24,512,8,10,15,4,2.8846600000000002,8,8.988882021697296e-05,8,True,1,13,2048,2.88471571264423,17,1
201,8,1,32,32,16,256,4.1541558544015365,2,False,2,DLMT,1,False,True,True,False,4,16,19,False,16,23,1,32,10,1,1,4.1543980000000005,32,0.00039068657514689767,2,True,23,1,64,4.1546401455984645,1,8
202,32,4,2,1024,256,1024,1.9173177320678503,256,False,8,DLMT,2048,True,False,False,False,1,4,1,True,2,22,512,16,10,13,4,1.9174440000000001,2,0.00020372530525189798,2,True,1,11,2048,1.91757026793215,28,1
203,2,8,2048,64,4,16,4.913447160060286,64,False,8,DLMT,2048,True,False,True,False,8,2,13,True,1,26,2048,1,10,1,4,4.913603,8,0.0002514378650880237,4,True,24,1,1024,4.913758839939715,1,23
204,1,2,64,128,1,256,2.1546853542704274,2,False,1024,DLMT,1024,True,False,False,True,4,32,12,False,8,1,2048,16,10,1,8,2.154807,2,0.00019626767436329076,2,True,1,10,256,2.1549286457295724,8,1
205,64,2,2,128,64,128,inf,4,False,64,DLMT,8,False,False,False,True,16,128,28,False,8,2,2048,2,1,1,4,inf,32,inf,2,False,4,1,4,inf,1,9
206,1024,4,1,1024,8,1,1.8606755918847264,1,False,128,DLMT,4,True,False,False,False,16,1,1,True,2,18,16,1,10,10,32,1.860761,2,0.00013780058055029627,2,True,6,1,2,1.8608464081152738,15,1
207,1,1024,128,32,128,2048,inf,256,False,2048,DLMT,1024,True,True,False,True,1,64,12,True,1,30,512,16,1,1,4,inf,16,inf,4,False,2,1,1,inf,1,21
208,16,256,1,32,4,2048,3.630993260737387,2048,False,1024,DLMT,1024,False,True,True,False,16,2,1,False,2,16,4,16,10,28,1,3.6312960000000003,32,0.0004884506116282308,4,True,18,1,2048,3.6315987392626137,1,15
209,16,4,1024,1,4,1,2.8099477662159438,2,False,128,DLMT,1,False,True,True,True,2,64,15,True,8,27,8,1,10,1,4,2.8100590000000003,2,0.00017946866021675367,4,True,1,1,128,2.810170233784057,1,28
210,512,256,512,1,1,16,3.1967369402331327,2,False,1,DLMT,1024,False,False,False,False,32,8,10,False,2,27,2,2,10,1,8,3.196793,1,9.044888059004866e-05,16,True,19,1,2048,3.1968490597668673,1,7
211,1,16,2,512,1,32,1.9771659708509277,1,False,1,DLMT,1,False,False,True,False,16,32,1,False,4,24,8,4,10,9,2,1.977259,8,0.00015009663553858566,2,True,1,21,16,1.9773520291490725,17,1
212,1024,2,1,1,1024,1,2.1056206846406638,1024,False,2,DLMT,8,False,True,True,True,4,2048,5,False,1,26,2048,4,10,1,32,2.105689,2,0.00011022250223975513,2,True,29,1,2048,2.105757315359336,10,1
213,256,128,1,512,1,256,4.431490459051288,16,False,512,DLMT,128,True,True,True,False,2,32,1,False,16,24,64,4,10,26,1,4.431673,16,0.000294518250707904,8,True,1,3,1,4.431855540948712,1,2
214,32,64,4,256,128,256,4.030930927456798,256,False,64,DLMT,1,False,False,True,True,8,4,1,True,8,13,1,16,10,5,8,4.031480999999999,4,0.0008875071830694766,2,True,1,1,1024,4.032031072543201,1,7
215,128,128,128,2048,128,2048,4.468252190372652,256,False,128,DLMT,1,False,True,True,False,16,2,1,False,4,1,1,16,10,12,8,4.468477999999999,32,0.00036432952117551235,2,True,1,5,256,4.468703809627346,1,5
216,2,32,2,2048,8,512,4.949731650455039,8,False,512,DLMT,2048,False,True,True,False,2,64,1,True,8,22,512,4,10,15,16,4.949809999999999,16,0.00012641202474451103,8,True,21,1,16,4.94988834954496,2,1
217,2048,8,64,2048,1,4,2.6748415607166334,256,False,64,DLMT,512,False,True,False,True,16,2,17,False,2,29,2048,1,10,1,1,2.674949,2,0.00017334647386087855,16,True,26,1,2048,2.6750564392833662,28,1
218,2,4,16,2,128,128,inf,256,False,1,DLMT,1,True,True,True,False,2,1,16,True,32,19,1,8,1,1,4,inf,16,inf,2,False,1,11,256,inf,1,1
219,4,8,2,512,512,8,3.851100654387095,8,False,512,DLMT,2048,False,True,True,False,4,4,10,True,32,29,512,4,10,1,4,3.8511740000000003,1,0.00011833849753990208,4,True,11,1,1024,3.8512473456129057,3,1
220,4,8,1,1,1,256,2.2354321124645797,4,False,1024,DLMT,4,True,True,False,False,8,256,28,True,1,30,4,32,10,1,4,2.2355980000000004,2,0.00026764902391005824,2,True,6,1,4,2.235763887535421,1,2
221,1,2048,128,1024,1,2048,2.020212716684576,4,False,1,DLMT,2048,True,False,True,True,1,1,1,False,1,24,1,4,10,21,8,2.020346,4,0.00021504418150699147,8,True,29,1,1,2.020479283315424,1,13
222,4,16,1,32,8,2048,inf,64,False,1,DLMT,1024,True,True,False,False,1,64,26,True,8,7,2048,32,1,1,1,inf,8,inf,4,False,9,1,128,inf,27,1
223,8,16,32,64,1,1024,1.9230896276272493,4,False,2048,DLMT,1,False,True,False,True,2,4,1,True,2,6,2048,1,10,6,1,1.923225,4,0.00021841474309214923,2,True,1,24,1,1.9233603723727506,9,1
224,256,16,64,1,32,256,inf,8,False,128,DLMT,1,True,False,True,False,16,32,1,False,1,10,1024,1,1,17,4,inf,1,inf,16,False,1,19,8,inf,7,1
225,2,16,16,32,2,512,4.1944806475275085,16,False,512,DLMT,128,True,False,False,False,8,4,28,False,8,20,16,32,10,1,4,4.194675999999999,2,0.0003151888322894603,32,True,1,2,128,4.19487135247249,1,5
226,1024,2,2,2048,2,2048,inf,512,False,32,DLMT,16,False,True,True,True,4,128,1,False,32,3,32,32,1,21,2,inf,2,inf,8,False,1,2,1024,inf,1,3
227,32,64,4,256,128,512,2.36029210241443,2,False,1024,DLMT,16,False,True,True,False,1,2,1,True,2,30,512,2,10,9,2,2.360679,2,0.0006242347314913193,1,True,1,17,256,2.3610658975855703,1,19
228,2048,64,2,1,4,64,2.373573457107525,8,False,2048,DLMT,1024,False,True,True,True,8,16,10,False,8,25,64,2,10,1,32,2.373819,2,0.00039616789370168644,4,True,1,3,32,2.374064542892475,23,1
229,16,4,4,1,128,16,3.670450355279775,4,False,512,DLMT,512,True,False,True,True,4,2,1,True,32,9,256,16,10,9,2,3.670657,2,0.0003334081582685654,4,True,1,18,64,3.6708636447202245,1,19
230,2,8,2,256,8,2048,5.249033257828492,1024,False,2048,DLMT,8,True,False,False,True,32,8,23,False,4,6,32,2,10,1,1,5.249083000000001,2,8.025584090894162e-05,32,True,17,1,1,5.2491327421715095,1,23
231,2,2,8,1,16,256,2.7504258634953924,16,False,2,DLMT,16,False,True,True,False,4,16,1,True,4,9,1,4,10,6,16,2.750528,1,0.00016479077644089134,1,True,9,1,32,2.7506301365046077,23,1
232,32,16,64,512,2048,2048,1.876044067347016,2,False,2048,DLMT,256,False,True,False,True,1,2048,1,False,4,14,1,8,10,21,4,1.876387,4,0.0005533000994035548,16,True,1,28,64,1.876729932652984,1,6
233,16,2,1,256,32,512,3.747822315898373,1,False,256,DLMT,32,False,True,True,True,2,2,1,False,16,3,64,1,10,11,2,3.7479199999999997,4,0.00015760710643873178,8,True,13,1,16,3.7480176841016264,30,1
234,2,2,1,512,4,1024,inf,1,False,32,DLMT,64,False,False,False,False,1,8,1,False,8,16,32,2,1,10,16,inf,2,inf,16,False,12,1,2048,inf,1,20
235,2,256,32,64,2,1024,4.457669990628683,8,False,1,DLMT,1024,True,False,False,True,2,32,1,False,16,5,256,16,10,25,2,4.4590380000000005,2,0.0022071964117404363,16,True,20,1,2048,4.460406009371318,1,1
236,32,4,8,64,2,256,2.668434734564666,64,False,256,DLMT,16,True,True,False,False,8,8,1,True,8,1,1,1,10,5,16,2.668931,2,0.0008006928249959507,16,True,1,18,128,2.6694272654353344,24,1
237,2,2048,512,512,128,2048,3.299815450830827,64,False,2048,DLMT,1,True,True,False,False,16,2048,26,False,1,18,1024,2,10,1,32,3.2999970000000003,32,0.00029291807728452554,2,True,28,1,2048,3.3001785491691735,1,7
238,512,64,512,1,2,1024,inf,2,False,256,DLMT,2048,False,True,True,False,32,8,25,True,1,14,1,4,1,1,16,inf,32,inf,2,False,1,2,512,inf,1,24
239,4,16,128,2048,16,512,6.0845376796714605,64,False,32,DLMT,1024,False,True,True,False,8,128,12,True,16,24,16,16,10,1,2,6.084885,8,0.0005603793358074249,1,True,1,29,1,6.085232320328539,23,1
240,8,4,2,512,1,32,3.649750145421704,32,False,64,DLMT,4,False,False,True,True,4,32,20,False,16,29,128,4,10,1,8,3.6499269999999995,16,0.00028534365246137705,2,True,1,3,512,3.650103854578295,27,1
241,32,128,32,512,1,32,1.9223505567631805,16,False,256,DLMT,128,False,False,False,True,4,32,1,False,4,17,8,4,10,3,16,1.922399,32,7.81600921186647e-05,2,True,1,18,64,1.9224474432368195,1,8
242,128,128,16,2048,1024,2,3.6913206425587037,256,False,1024,DLMT,256,False,True,True,True,16,1,12,True,1,9,1024,1,10,1,32,3.691449,1,0.00020709659581947203,4,True,1,27,1024,3.6915773574412962,22,1
243,8,2,64,1,1,256,2.6251418804253563,128,False,32,DLMT,1,True,False,False,True,16,128,1,True,4,16,512,32,10,25,4,2.6252250000000004,2,0.0001341081652996028,8,True,26,1,1024,2.6253081195746444,1,9
244,1024,32,2,1,64,1,inf,128,False,512,DLMT,4,False,True,True,False,1,2,21,False,8,20,128,8,1,1,8,inf,1,inf,2,False,21,1,1,inf,4,1
245,64,128,8,128,4,128,2.503752879629219,1024,False,256,DLMT,1024,False,True,False,True,8,16,10,True,8,22,512,1,10,1,32,2.5038729999999996,4,0.00019380660463462252,32,True,30,1,2048,2.50399312037078,6,1
246,8,4,8,512,64,2048,1.9609253373036897,1,False,1,DLMT,16,True,True,False,True,2,1024,1,False,1,18,256,32,10,1,4,1.961312,1,0.0006238557525582628,8,True,4,1,16,1.9616986626963102,1,11
247,4,2,4,512,8,256,2.81808129300653,16,False,64,DLMT,128,False,True,False,True,2,8,1,False,1,9,32,16,10,25,8,2.818312,8,0.0003722311110048982,8,True,11,1,16,2.8185427069934703,10,1
248,512,512,128,1,1,64,inf,512,False,512,DLMT,1024,False,False,False,False,1,8,1,False,4,13,8,16,1,24,1,inf,2,inf,8,False,29,1,2048,inf,1,14
249,512,2,2,1024,256,2048,4.76883714843815,4,False,512,DLMT,16,False,True,False,False,8,256,1,True,1,6,512,8,10,9,16,4.769055,8,0.0003514896869043186,4,True,26,1,256,4.769272851561849,1,27
250,2,4,8,16,8,1024,4.128775642346093,4,False,32,DLMT,2048,False,True,True,False,1,2,9,True,4,15,256,2,10,1,2,4.128998999999999,1,0.0003603734174436017,1,True,9,1,32,4.129222357653906,1,10
251,2,512,128,2048,2,256,1.8395146815189545,2048,False,1024,DLMT,128,True,False,True,True,2,1,28,False,4,26,128,4,10,1,1,1.839579,1,0.00010377379245261373,32,True,1,19,1,1.8396433184810457,1,8
252,64,32,256,1024,32,256,inf,512,False,64,DLMT,256,False,True,False,False,16,128,7,False,1,19,32,4,1,1,16,inf,1,inf,1,False,1,30,1,inf,1,3
253,32,2,32,2048,8,32,inf,1,False,32,DLMT,256,False,True,False,False,4,16,23,False,1,19,8,2,1,1,1,inf,8,inf,1,False,1,8,2048,inf,1,28
254,128,2,64,1,4,8,2.2395096949798248,8,False,32,DLMT,128,True,False,False,True,1,8,1,False,8,28,2048,1,10,26,1,2.2396629999999997,1,0.0002473479330821353,32,True,20,1,64,2.2398163050201747,26,1
255,16,2,1,16,64,256,inf,1,False,8,DLMT,64,False,True,True,False,1,4,28,False,4,27,1,16,1,1,4,inf,8,inf,8,False,13,1,1,inf,9,1
256,4,16,2,64,4,512,2.390213249284815,8,False,1,DLMT,8,False,True,True,True,1,4,1,True,8,6,2048,32,10,28,4,2.3903359999999996,4,0.00019805049861083192,1,True,1,21,256,2.390458750715184,1,29
257,64,512,1024,64,64,512,2.529317834586638,8,False,1,DLMT,2048,True,True,False,True,8,256,1,False,1,11,512,4,10,24,32,2.52985,4,0.0008586151640869318,1,True,28,1,32,2.5303821654133625,30,1
258,1,4,16,1,2,2048,inf,1,False,8,DLMT,256,True,False,True,False,1,1024,1,False,1,26,2048,16,1,7,4,inf,2,inf,1,False,21,1,1,inf,7,1
259,8,128,512,1,1024,2048,2.2544520714490717,2,False,2048,DLMT,1,False,False,True,False,16,64,6,True,4,28,2048,1,10,1,1,2.255166,1,0.001151878465811343,1,True,5,1,512,2.2558799285509283,1,9
260,2,2,32,32,256,2048,4.950750146682427,2,False,64,DLMT,32,False,True,True,False,1,256,11,False,32,3,2048,32,10,1,1,4.950903000000001,4,0.00024661913956542384,32,True,30,1,128,4.951055853317575,17,1
261,32,16,1,64,1,256,3.621556224006899,1,False,128,DLMT,8,False,True,False,True,2,1,24,True,16,12,256,8,10,1,8,3.621681,2,0.0002013181561608254,2,True,5,1,4,3.6218057759931015,21,1
262,32,8,4,256,512,1024,3.9245246408683334,32,False,8,DLMT,256,False,False,True,True,1,512,28,True,8,1,1,4,10,1,2,3.92471,32,0.00029906521028031833,4,True,1,12,2048,3.924895359131667,20,1
263,1,256,1,32,8,32,2.841964980093414,1,False,1,DLMT,8,False,False,True,False,1,4,1,True,4,3,32,1,10,4,8,2.842167,2,0.0003259463145979779,1,True,1,16,128,2.842369019906586,1,15
264,1,1,16,4,8,32,inf,32,False,32,DLMT,128,False,False,True,True,1,32,28,False,4,7,256,16,1,1,8,inf,16,inf,2,False,24,1,1,inf,11,1
265,8,4,1024,64,1,128,inf,32,False,256,DLMT,2048,False,True,False,True,1,4,3,True,2,15,1,2,1,1,16,inf,8,inf,8,False,26,1,256,inf,21,1
266,256,1,128,1024,4,512,1.922389228382181,2,False,4,DLMT,2048,True,True,True,False,1,1,1,False,4,3,64,1,10,5,16,1.922542,16,0.00024648732218920407,4,True,20,1,256,1.9226947716178189,7,1
267,512,512,512,2048,4,64,3.472429497610114,1,False,512,DLMT,2048,False,True,False,False,1,2,1,True,2,14,256,16,10,8,1,3.4729669999999997,32,0.0008672260374319867,1,True,1,30,4,3.4735045023898854,1,8
268,8,1024,8,2048,512,16,2.5486284019155376,8,False,2048,DLMT,32,False,False,False,True,16,4,4,True,8,6,1,8,10,1,16,2.548805,4,0.0002849298159196637,2,True,1,1,32,2.548981598084463,6,1
269,1,4,2,128,1,64,1.8917382518433754,1,False,1024,DLMT,2,False,False,False,False,4,8,1,False,8,25,512,16,10,25,2,1.8920249999999998,2,0.0004626499756835291,1,True,1,24,128,1.8923117481566243,10,1
270,256,8,32,1,2,1024,4.988093859034138,64,False,256,DLMT,1024,False,False,True,True,2,32,1,True,32,22,32,4,10,25,16,4.988175999999999,4,0.00013252924205613232,32,True,22,1,256,4.98825814096586,8,1
271,4,128,4,8,1,8,5.918692695142245,32,False,2048,DLMT,16,False,False,True,False,16,8,2,True,1,3,1,16,10,1,8,5.919302,32,0.0009830747682654654,4,True,15,1,64,5.919911304857755,1,9
272,8,2048,2048,64,16,16,3.1428361822771107,16,False,2048,DLMT,2048,False,False,True,True,8,4,25,True,1,1,512,1,10,1,1,3.142945,4,0.00017557049866081647,8,True,10,1,2048,3.1430538177228895,17,1
273,1,128,1,256,1,2048,4.3702913736358795,16,False,1024,DLMT,256,True,False,False,True,1,1024,23,True,16,10,4,4,10,1,2,4.370398000000001,4,0.0001720348801842546,4,True,27,1,512,4.370504626364122,6,1
274,512,128,2,1,32,4,2.5173159595264636,8,False,256,DLMT,256,False,True,True,True,1,2,1,True,32,21,512,2,10,3,8,2.517454,2,0.0002227195545972844,16,True,1,1,16,2.517592040473536,13,1
275,256,4,2,2048,128,32,2.6026508391328833,512,False,16,DLMT,1024,True,True,False,False,2,8,1,True,2,11,128,32,10,28,1,2.6046570000000004,8,0.003236813402097835,8,True,1,7,2048,2.6066631608671176,21,1
276,256,128,2,1,16,32,3.155195071666233,2,False,128,DLMT,256,False,True,True,False,16,2,5,False,8,17,256,1,10,1,4,3.158126,32,0.004728867094770212,1,True,23,1,4,3.1610569283337675,13,1
277,32,16,32,2048,2,256,3.5114193970889547,256,False,16,DLMT,128,True,False,False,True,4,4,26,False,2,5,16,4,10,1,4,3.511506,32,0.00013972830779757387,4,True,24,1,1024,3.511592602911045,1,8
278,64,128,2,1024,8,2048,inf,16,False,1024,DLMT,8,True,True,False,True,32,16,5,False,2,27,256,8,1,1,8,inf,8,inf,1,False,5,1,16,inf,1,13
279,1,128,8,4,8,1024,2.221281707086489,8,False,256,DLMT,8,False,True,True,False,1,1024,29,False,8,21,8,2,10,1,16,2.2214180000000003,4,0.00021989997726240245,2,True,1,10,256,2.2215542929135115,23,1
280,8,8,4,512,2,2048,3.4221123735243486,32,False,2048,DLMT,8,False,True,True,False,32,2,8,True,4,1,512,2,10,1,2,3.4225339999999997,2,0.0006802675944067314,2,True,1,29,512,3.422955626475651,1,8
281,16,1,4,1024,4,16,1.8736626519698412,32,False,1,DLMT,512,False,False,True,True,4,1,1,False,1,7,64,2,10,27,16,1.873746,16,0.00013447676379210987,2,True,1,14,64,1.8738293480301587,22,1
282,32,256,512,1,1,16,1.917948734805761,512,False,256,DLMT,1024,True,False,False,False,2,16,1,False,2,26,2,8,10,25,2,1.9183080000000001,16,0.0005796516195094801,2,True,1,24,1,1.9186672651942394,5,1
283,32,128,2048,32,1,2048,inf,16,False,256,DLMT,2048,False,True,False,True,1,32,4,True,1,24,128,8,1,1,1,inf,32,inf,2,False,16,1,64,inf,9,1
284,2,1,512,128,4,8,5.038071229387338,1,False,1,DLMT,1024,True,True,False,False,4,1,24,True,32,26,4,8,10,1,1,5.038760999999999,8,0.001112901163625873,4,True,1,12,8,5.03945077061266,1,18
285,32,1024,16,1,1024,32,3.953000764742484,512,False,1,DLMT,2048,True,True,True,True,4,2,1,True,2,25,1,32,10,25,4,3.953253,2,0.0004069656005119196,16,True,1,17,2048,3.9535052352575164,29,1
286,32,16,8,64,2,128,4.065244006997963,8,False,32,DLMT,1,False,False,True,False,4,8,1,True,4,13,16,1,10,22,4,4.06555,2,0.0004937003139558586,8,True,10,1,2048,4.065855993002037,1,10
287,128,2,16,256,16,16,3.6974656010815137,256,False,32,DLMT,1024,True,False,False,True,2,4,14,False,16,21,256,2,10,1,8,3.6976800000000005,2,0.00034591906567864653,16,True,1,18,512,3.6978943989184874,26,1
288,2048,512,128,1,32,64,4.347493927109548,1,False,1,DLMT,1024,False,False,False,True,2,16,27,True,16,26,64,4,10,1,1,4.34763,8,0.0002195449840007892,8,True,1,28,64,4.347766072890451,6,1
289,4,64,64,32,32,32,2.344873483468501,8,False,256,DLMT,64,True,True,False,True,16,8,4,True,2,12,2048,4,10,1,1,2.345004,4,0.00021058015101149943,2,True,1,12,64,2.3451345165314987,16,1
290,256,32,1,512,16,512,3.76146287962922,64,False,2048,DLMT,8,True,True,True,True,4,4,4,True,8,14,128,4,10,1,32,3.7615830000000003,1,0.0001938066046346633,1,True,1,22,1,3.7617031203707807,1,24
291,16,32,16,1,32,256,4.310831583253928,128,False,512,DLMT,1,False,False,True,True,4,4,1,False,16,23,512,4,10,5,32,4.310931000000001,2,0.00016040261843244956,8,True,1,11,256,4.311030416746074,1,21
292,2,4,2048,128,1,16,2.0713847911711953,8,False,64,DLMT,2048,False,False,True,True,16,1,1,False,2,26,1,32,10,28,2,2.0714930000000003,2,0.00017458808664961404,1,True,1,12,512,2.071601208828805,27,1
293,16,2,32,128,512,256,2.6296641627724857,4,False,256,DLMT,256,True,False,False,True,8,64,18,False,2,20,1,16,10,1,1,2.629809,4,0.0002336856863395079,4,True,23,1,4,2.629953837227514,30,1
294,2048,4,1,2048,1,64,5.721318068300263,128,False,256,DLMT,2048,True,True,False,True,8,16,5,True,16,27,2048,32,10,1,1,5.7214909999999986,4,0.0002790143365493953,4,True,1,24,128,5.721663931699734,1,24
295,2,128,512,1024,32,2048,1.8475955376402038,512,False,1024,DLMT,1024,False,True,True,True,8,1024,11,False,4,19,32,1,10,1,4,1.8477039999999998,4,0.0001749971428338345,8,True,1,6,1,1.8478124623597958,22,1
296,64,1,16,1,4,1024,inf,1,False,512,DLMT,1024,False,False,True,False,1,512,16,False,4,28,8,1,1,1,4,inf,2,inf,1,False,3,1,16,inf,8,1
297,32,32,1024,256,4,32,inf,16,False,128,DLMT,1,True,True,False,False,8,1,21,False,1,29,16,2,1,1,4,inf,32,inf,2,False,1,2,32,inf,9,1
298,2,256,1,16,8,8,2.1490623702016105,512,False,1024,DLMT,2,True,False,False,False,2,2,1,False,8,7,256,2,10,27,2,2.1491930000000004,1,0.00021076289996102514,8,True,3,1,512,2.14932362979839,5,1
299,4,8,4,512,1,2048,2.029762009197061,128,False,8,DLMT,128,False,True,True,False,4,512,1,False,4,1,4,4,10,15,1,2.029846,4,0.0001355138369318863,4,True,15,1,256,2.029929990802939,2,1
300,256,4,8,1,64,1,3.763907851796283,4,False,64,DLMT,256,False,False,False,True,4,1024,2,True,8,1,2048,1,10,1,16,3.7640629999999993,4,0.00025032179289867826,32,True,1,9,512,3.7642181482037156,1,2
301,2,16,32,2,16,1024,3.1460010082349257,64,False,256,DLMT,2048,False,True,True,False,2,512,1,False,16,24,128,32,10,1,1,3.146139,1,0.000222640966580643,16,True,15,1,2048,3.146276991765074,1,13
302,4,64,128,1024,8,128,3.149208938448533,32,False,1,DLMT,512,False,False,True,True,8,4,30,True,4,22,1,2,10,1,1,3.149538,4,0.0005309199563022287,32,True,1,13,1,3.1498670615514675,1,22
303,4,2,4,256,16,64,inf,4,False,256,DLMT,16,True,False,True,False,32,2,1,True,1,15,512,8,1,19,4,inf,4,inf,2,False,2,1,8,inf,1,8
304,16,1,128,512,2,16,3.5364215731165225,16,False,2048,DLMT,1024,True,True,False,True,8,2,1,True,8,26,2048,1,10,8,8,3.536744,4,0.0005202153400276099,32,True,29,1,1,3.5370664268834777,4,1
305,2,4,2,8,1,8,4.235350694157186,4,False,512,DLMT,16,False,False,False,True,32,8,11,True,4,1,2048,4,10,1,1,4.235971,8,0.0010008241603799563,4,True,18,1,128,4.236591305842814,1,16
306,256,16,32,512,2,16,1.939158515099494,2,False,32,DLMT,2048,True,True,True,False,32,16,23,False,2,30,64,1,10,1,16,1.9394110000000002,4,0.00040736838365294505,2,True,1,14,512,1.9396634849005063,24,1
307,512,4,512,2048,16,64,2.4412282640670377,2,False,2048,DLMT,2048,True,True,True,True,4,4,9,False,4,1,2048,16,10,1,8,2.441414,1,0.00029967315528759596,8,True,23,1,256,2.441599735932962,17,1
308,1,1,512,128,2048,1024,inf,4,False,4,DLMT,2048,False,False,True,False,32,128,1,True,1,22,1,8,1,6,2,inf,1,inf,16,False,1,10,128,inf,1,29
309,8,16,2,512,256,256,1.881241211395479,32,False,16,DLMT,1024,True,False,True,True,1,256,1,False,8,9,2048,4,10,27,32,1.882761,4,0.002452082584253663,1,True,1,23,256,1.8842807886045208,1,16
310,512,16,16,1,16,8,3.940687691528118,8,False,1,DLMT,256,True,True,True,True,2,4,12,False,16,6,512,2,10,1,2,3.9410559999999997,32,0.0005942423747933081,2,True,8,1,1024,3.9414243084718814,18,1
311,4,2,1,64,16,512,3.5633863629681795,8,False,1024,DLMT,256,False,True,False,False,2,256,1,True,2,1,1,1,10,25,2,3.5635040000000004,4,0.00018979989462588955,2,True,12,1,64,3.5636216370318214,11,1
312,4,1024,32,16,1,1024,4.93117961342324,16,False,1,DLMT,512,True,True,True,True,16,4,1,True,4,22,2048,2,10,30,16,4.931395,1,0.00034751258970006316,1,True,2,1,256,4.93161038657676,22,1
313,256,16,128,256,4,64,5.607775313957692,4,False,1,DLMT,128,True,True,False,False,8,2,28,True,16,8,4,8,10,1,2,5.611157,32,0.005456136087012433,1,True,30,1,512,5.614538686042309,1,20
314,32,8,256,128,256,4,2.8527617273038377,2,False,2048,DLMT,512,True,True,True,False,1,1,1,False,2,28,1,32,10,4,1,2.8531429999999998,16,0.0006151593289547023,2,True,1,2,8,2.853524272696162,1,4
315,64,8,1024,64,64,256,5.88668151901615,2,False,512,DLMT,1024,True,True,False,True,16,2,1,True,8,10,2048,4,10,5,16,5.887931999999999,16,0.002017571807891934,4,True,27,1,1024,5.889182480983848,1,27
316,2,4,32,256,4,1,inf,8,False,128,DLMT,64,False,True,False,False,16,256,4,False,8,12,256,32,1,1,4,inf,1,inf,32,False,6,1,1024,inf,11,1
317,2,1,512,1024,64,1,3.1041504408483602,8,False,32,DLMT,1024,False,True,True,False,8,1024,1,False,8,29,1024,4,10,22,2,3.107112,4,0.004778287977926851,32,True,1,9,32,3.1100735591516395,1,19
318,64,256,1,2048,8,1,2.077374262967048,1024,False,2048,DLMT,32,False,False,True,False,2,256,15,True,2,27,64,4,10,1,4,2.077451,32,0.00012381033882519836,2,True,1,6,1024,2.077527737032952,1,2
319,16,64,2,16,4,1,2.897275315419063,1,False,1024,DLMT,16,True,False,False,False,8,1,1,True,8,26,512,16,10,20,4,2.89758,1,0.0004915892594433519,1,True,1,1,64,2.897884684580937,1,12
320,1,4,1,128,512,1,2.6850556897193583,16,False,16,DLMT,2048,True,False,True,False,4,256,20,True,8,30,2048,1,10,1,16,2.685172,8,0.00018765926569181454,8,True,1,25,256,2.685288310280642,30,1
321,2,1,1024,2,1,4,3.1688376267399265,64,False,8,DLMT,2048,False,False,True,False,16,1,1,True,8,18,8,16,10,28,2,3.172693,32,0.006220400389042474,1,True,24,1,1024,3.176548373260074,9,1
322,256,8,2048,256,2,64,5.72019018785943,1024,False,1,DLMT,2048,False,True,False,True,32,2,22,False,2,9,2048,4,10,1,2,5.720888,1,0.0011258756592092832,4,True,1,20,2048,5.721585812140571,1,8
323,16,2,2,128,64,128,4.339612967962442,8,False,512,DLMT,1,False,True,False,False,1,8,7,True,1,25,256,8,10,1,1,4.339758000000001,16,0.00023399999999993806,8,True,28,1,1,4.33990303203756,1,29
324,2,1,2,256,32,256,1.9001553678665584,32,False,2,DLMT,2048,True,False,False,False,2,1,1,False,4,3,256,32,10,18,4,1.9002729999999999,1,0.00018979199140110224,1,True,1,1,2048,1.9003906321334414,1,5
325,8,1,2,128,128,512,2.499380360840165,128,False,8,DLMT,8,False,False,True,True,1,128,7,False,32,28,256,16,10,1,2,2.499518,8,0.00022207206037681593,2,True,1,21,512,2.4996556391598355,2,1
326,2,16,64,256,32,1024,inf,1024,False,32,DLMT,1,False,True,True,True,4,64,1,True,1,5,32,2,1,2,2,inf,4,inf,2,False,1,2,1,inf,21,1
327,2,2,1024,64,512,1024,2.267860201931462,16,False,2048,DLMT,1,False,True,True,False,1,1,1,True,8,1,1,2,10,21,16,2.267988,4,0.00020619408332926724,16,True,1,22,1,2.268115798068538,29,1
328,16,4,1,64,4,4,inf,4,False,4,DLMT,2048,False,False,True,True,4,2,8,True,1,6,64,1,1,1,8,inf,32,inf,4,False,1,20,512,inf,1,4
329,64,2,32,256,32,1024,inf,32,False,2048,DLMT,1,False,True,True,True,1,64,1,False,1,14,64,1,1,9,8,inf,32,inf,4,False,1,14,32,inf,8,1
