id,RT1_K,RT1_J,T1_Ja,RT1_I,T2_K,T2_J,T2_I,T2_Ja,U2_I,mean_confidence_interval_inf,T1_I,T1_J,T1_K,technique,RT2_J,VEC2,VEC1,SCR,T1_Ia,T1_Ka,OMP1,U1_K,U1_J,U1_I,T2_Ka,RT2_I,runs,T2_Ia,U2_J,U2_K,cost_mean,RT2_K,OMP2,cost_std,correct_result,mean_confidence_interval_sup
1,32,1,512,1,64,64,32,256,21,0.1599587919217314,128,512,1,DLMT,1,False,False,False,2048,1,True,1,24,20,512,1,35,64,25,1,0.16183474285714286,1,True,0.005662489459304509,True,0.16371069379255432
2,1,8,1,1,512,1,32,1,1,0.14690346853187566,256,64,256,DLMT,1,False,True,True,256,512,False,3,29,1,512,1,35,2048,1,6,0.15035782857142857,32,True,0.010426859755967384,True,0.15381218861098148
3,1,1,128,1,1,32,128,1024,3,0.1264820234559632,512,64,32,DLMT,8,False,True,True,1,1,True,10,1,1,2048,1,35,128,1,4,0.12810837142857143,1,False,0.0049090720222037575,True,0.12973471940117964
4,32,1,128,1,32,256,16,256,1,0.1948852492657616,1,1,1,DLMT,8,False,False,True,2048,1,True,13,4,1,1,1,35,1024,16,21,0.19914274285714284,8,True,0.012851089081903539,True,0.2034002364485241
5,8,1,512,1,512,32,16,1,2,0.09220878504403686,128,16,1,DLMT,8,False,True,False,512,1024,False,4,1,28,2048,1,35,1,1,29,0.09222492571428571,1,False,4.872002429542547e-05,True,0.09224106638453457
6,1,32,128,1,16,1,16,128,1,0.2798005356425103,1,1,256,DLMT,1,False,False,False,64,256,True,1,19,29,64,1,35,128,16,4,0.2835336571428571,1,False,0.011268291055480438,True,0.28726677864320393
7,32,1,1024,1,32,128,32,1024,1,0.11356550316092753,1,32,256,DLMT,1,True,True,False,128,1,False,21,1,30,256,32,35,1024,12,8,0.1135994,1,False,0.00010231637210143928,True,0.11363329683907247
8,8,1,1024,1,16,64,512,128,29,0.096287011032348,128,512,512,DLMT,1,False,True,False,128,1024,False,1,2,5,128,1,35,1024,1,7,0.09691825999999999,1,True,0.001905401979365883,True,0.09754950896765198
9,1,32,512,1,128,512,128,2048,3,0.192997048589224,256,128,256,DLMT,1,True,False,True,2048,2048,False,1,14,6,2048,8,35,2048,4,1,0.19303948571428572,1,False,0.00012809491378964043,True,0.19308192283934744
10,1,1,2048,1,128,512,1,1,16,0.1368524960490299,32,512,1,DLMT,1,False,True,True,64,64,True,23,1,30,256,8,35,1,1,7,0.13732762857142855,1,True,0.0014341701848747503,True,0.1378027610938272
11,32,1,1024,1,128,32,256,1024,1,inf,16,16,1,DLMT,1,True,False,True,128,2048,True,10,27,1,1,1,1,1024,15,30,inf,32,False,inf,False,inf
12,1,1,64,32,32,512,512,1,1,0.18798103949535264,64,64,16,DLMT,8,True,False,True,1024,1,False,3,1,7,64,1,35,1,16,18,0.19001765714285715,1,True,0.006147456068246475,True,0.19205427479036166
13,1,32,1024,1,16,32,1,1024,1,0.23211028914962722,128,512,32,DLMT,1,False,False,False,1024,1,True,1,9,16,128,1,35,2048,26,27,0.2406219142857143,8,True,0.02569202994857291,True,0.2491335394218014
14,1,32,1,1,1,256,1,1,16,0.222358685819437,32,128,128,DLMT,32,True,False,False,1,1,False,19,6,1,2048,1,35,128,27,1,0.2224234,1,False,0.00019533739309936883,True,0.222488114180563
15,1,1,1,1,16,32,16,64,27,0.1085839871681611,256,64,32,DLMT,1,True,False,False,1024,128,True,1,22,28,1,32,35,1024,1,22,0.11056822857142859,1,False,0.0059893602858293125,True,0.11255246997469608
16,1,1,128,1,512,512,256,2048,20,0.20241913858196023,1,64,128,DLMT,8,False,True,False,64,256,False,1,28,20,2048,8,35,2048,29,1,0.20337745714285715,1,True,0.002892649614284523,True,0.20433577570375408
17,1,32,1024,1,64,16,1,512,11,0.11253922893856558,1,32,256,DLMT,1,True,True,False,1024,1,False,30,1,11,2048,1,35,1,1,20,0.11256017142857143,8,False,6.321414204987781e-05,True,0.11258111391857728
18,1,1,1024,8,128,512,1,1024,29,0.08921374601242445,256,1,64,DLMT,8,True,False,False,512,128,False,1,10,11,512,1,35,2048,1,26,0.08922649714285714,1,False,3.848882201897376e-05,True,0.08923924827328984
19,1,1,1024,32,256,64,32,128,1,0.34788139682246993,1,256,1,DLMT,8,False,True,False,128,256,False,30,1,1,1,8,35,512,7,6,0.34802654285714285,1,False,0.00043811801038123193,True,0.34817168889181577
20,1,1,512,32,256,512,1,1,1,0.2892623328036728,256,32,512,DLMT,8,False,False,False,256,1,True,26,25,1,1,1,35,128,27,10,0.29058865714285714,8,False,0.004003461630302724,True,0.2919149814820415
21,1,1,256,32,16,128,512,512,22,0.13977987263157976,1,256,32,DLMT,1,False,False,True,1,64,True,1,1,29,2048,1,35,512,1,19,0.142311,32,False,0.007640115619917951,True,0.14484212736842023
22,1,8,1,1,256,512,16,2048,29,0.1351862842403175,32,512,16,DLMT,1,False,True,True,2048,128,False,1,18,7,256,8,35,128,21,1,0.1352221142857143,8,False,0.00010815168486332454,True,0.13525794433111107
23,8,8,2048,1,32,512,32,1,15,0.24018758253616426,32,512,128,DLMT,32,False,True,True,128,256,True,22,30,1,128,1,35,256,1,10,0.2411876,1,True,0.003018516231528335,True,0.24218761746383574
24,1,8,2048,1,128,32,16,256,4,0.19143927309834227,1,32,512,DLMT,1,True,True,True,512,1024,False,1,27,29,256,32,35,1,28,1,0.19305399999999998,1,True,0.004873994243504426,True,0.19466872690165768
25,1,32,128,1,128,1,256,128,1,0.18794735188957945,1,64,1,DLMT,8,True,True,True,1024,512,True,24,1,16,512,8,35,1024,29,26,0.18898251428571428,1,False,0.0031245999275009255,True,0.1900176766818491
26,1,1,1,32,1,16,128,2048,10,0.10500490152654193,1,512,32,DLMT,32,True,False,False,2048,64,True,1,2,27,2048,1,35,512,10,1,0.10736174285714287,1,True,0.007114039573137279,True,0.1097185841877438
27,1,1,1,1,256,16,1,2048,15,0.08103475722820544,16,1,1,DLMT,1,True,False,False,1,2048,True,28,10,1,256,1,35,64,1,6,0.08373271142857144,32,True,0.008143676325899268,True,0.08643066562893745
28,1,8,1024,1,64,512,256,1024,6,0.14187477293824236,128,128,512,DLMT,1,False,False,False,1024,1024,False,28,1,20,256,32,35,1,1,10,0.14189468571428568,1,False,6.010598802048419e-05,True,0.141914598490329
29,1,32,2048,1,128,16,64,2048,27,0.15845683977885425,128,32,128,DLMT,8,False,True,True,2048,2048,True,12,1,28,128,1,35,2048,18,1,0.1589947142857143,8,True,0.001623554575991976,True,0.15953258879257434
30,1,32,256,1,64,512,16,1,15,0.02474666092724964,1,16,1,DLMT,1,True,True,False,1,2048,True,1,6,12,512,1,35,1,6,1,0.033045297142857144,32,True,0.025049130662457106,True,0.041343933358464646
31,1,1,1,32,1,1,16,1024,27,0.3000746592177024,512,256,1,DLMT,1,False,True,True,1,2048,False,4,23,1,128,32,35,1,1,18,0.30473168571428577,1,True,0.014057064580327938,True,0.30938871221086917
32,1,8,2048,1,1,512,64,2048,14,0.1787137316370518,512,64,16,DLMT,1,True,True,True,1024,256,False,28,20,1,2048,1,35,2048,1,19,0.18162634285714285,8,True,0.008791610708731227,True,0.18453895407723392
33,8,1,512,1,128,1,64,1,22,0.14501826152472516,16,512,512,DLMT,8,True,False,True,2048,2048,False,24,1,15,256,8,35,512,24,1,0.1454150285714286,1,False,0.0011976268554512132,True,0.14581179561813204
34,32,1,1,1,512,256,16,1024,1,0.239207406822011,512,64,64,DLMT,1,True,True,True,1,2048,True,29,1,26,1024,1,35,1024,10,30,0.24115480000000003,1,True,0.005878135262138841,True,0.24310219317798906
35,1,1,256,8,32,128,1,256,24,0.1824658560402769,1,1,256,DLMT,1,False,True,False,2048,2048,True,24,26,1,2048,8,35,2048,20,1,0.18493051428571428,1,True,0.007439480997148844,True,0.18739517253115165
36,1,8,1,8,32,128,16,1024,13,0.1762870274498884,1,1,16,DLMT,32,False,False,False,128,512,False,25,1,30,128,1,35,256,1,1,0.17748368571428572,1,True,0.0036120693140907355,True,0.17868034397868304
37,8,8,1024,1,256,32,512,1,24,0.15942349300060413,256,1,1,DLMT,1,True,False,True,1,64,False,21,10,1,2048,32,35,1024,1,7,0.16039348571428572,1,True,0.002927887618563728,True,0.1613634784279673
38,1,1,64,1,1,32,256,1,22,0.12833543577387097,256,16,128,DLMT,1,True,True,False,2048,512,True,15,1,29,64,1,35,512,28,1,0.13077485714285716,1,False,0.007363304406283354,True,0.13321427851184336
39,1,1,1024,32,16,1,16,64,1,0.2553297238431017,1,1,32,DLMT,1,False,False,True,64,2048,False,26,1,19,2048,1,35,512,14,7,0.25538837142857146,32,False,0.0001770255971344749,True,0.2554470190140412
40,1,1,1,1,1,1,1,1,1,0.05148439778135172,1,1,1,DLMT,1,False,False,False,1,1,False,1,1,1,1,1,35,1,1,1,0.05149884000000001,1,False,4.359331010274722e-05,True,0.0515132822186483
41,32,1,512,1,16,1,1,512,29,0.1121859823492888,1,1,512,DLMT,8,True,True,False,512,2048,True,5,1,16,512,1,35,128,2,1,0.11293742857142856,8,False,0.002268213006950175,True,0.11368887479356833
42,1,32,512,1,64,32,512,256,29,0.1389679113066108,1,32,1,DLMT,1,True,False,False,512,128,True,5,1,6,2048,8,35,1024,2,1,0.1411055714285714,8,False,0.00645244909111799,True,0.14324323155053204
43,1,8,256,1,512,64,512,1,29,0.09391909394310588,32,64,1,DLMT,8,True,False,False,1,256,True,5,1,28,2048,1,35,1,2,1,0.09595406285714286,8,True,0.00614247942642456,True,0.09798903177117985
44,8,8,512,1,16,32,1,2048,29,0.1880028529885207,1,512,512,DLMT,1,True,True,False,64,1,True,5,8,1,1,8,35,1,2,1,0.19030622857142857,8,True,0.0069526551642857546,True,0.19260960415433642
45,8,1,512,1,256,1,512,512,29,0.14052802204727627,256,1,512,DLMT,1,True,False,False,1,1024,False,5,24,1,1,8,35,1024,2,1,0.14059345714285715,8,False,0.00019751344878002626,True,0.14065889223843803
46,32,1,2048,1,32,16,1,512,29,0.11272280533668026,16,1,1,DLMT,8,True,False,True,2048,2048,True,5,24,1,64,1,35,1,2,1,0.11357537142857142,8,False,0.002573439644696949,True,0.11442793752046258
47,1,32,1024,1,32,32,64,128,29,0.1356139892043769,16,32,256,DLMT,1,True,True,False,2048,1,False,5,28,1,256,1,35,1,2,1,0.13752828571428571,8,True,0.005778234176985357,True,0.13944258222419453
48,8,1,1024,1,1,512,128,512,29,0.1538719102323093,1,256,32,DLMT,8,True,False,False,64,2048,True,5,29,1,2048,1,35,2048,2,1,0.15581777142857142,8,False,0.00587351103118649,True,0.15776363262483353
49,32,1,64,1,1,256,32,512,29,0.111758633278298,512,32,256,DLMT,8,True,False,True,512,1024,True,5,1,28,2048,1,35,2048,2,1,0.11318294285714287,8,True,0.004299226501479124,True,0.11460725243598772
50,1,32,128,1,16,512,128,1024,29,0.26114275212024707,256,64,512,DLMT,8,True,False,True,2048,1,False,5,29,1,2048,1,35,1024,2,1,0.26122491428571426,8,False,0.00024800349898782795,True,0.26130707645118145
51,8,8,256,1,512,64,1,1024,29,0.21618281711091095,32,1,1,DLMT,1,True,True,True,2048,1024,False,5,28,1,2048,8,35,1024,2,1,0.21836614285714287,8,True,0.006590289111988327,True,0.2205494686033748
52,32,1,2048,1,1,32,64,128,29,0.09514737348709591,512,512,128,DLMT,1,True,True,False,1024,256,False,5,5,1,64,8,35,64,2,1,0.09525848857142856,8,False,0.0003353968283106097,True,0.0953696036557612
53,1,32,128,1,256,32,512,1024,29,0.14190257808317214,1,64,512,DLMT,1,True,True,True,512,2048,True,5,1,3,1,8,35,2048,2,1,0.14846360000000003,8,True,0.019804205293970124,True,0.15502462191682792
54,32,1,128,1,64,256,256,1,29,0.10710494675895461,64,1,256,DLMT,1,True,True,False,1,1024,False,5,1,12,2048,8,35,1,2,1,0.1078072,8,True,0.0021197257881959294,True,0.1085094532410454
55,1,1,2048,1,64,128,256,2048,29,0.13947529159988387,128,1,1,DLMT,1,True,False,True,1,1024,False,5,8,1,64,1,35,2048,2,1,0.14095280000000002,8,True,0.0044598052026646046,True,0.14243030840011617
56,1,32,256,1,1,16,16,1024,29,0.1410627277658214,32,32,1,DLMT,1,True,False,True,1,1024,False,5,1,28,512,1,35,128,2,1,0.14338805714285713,8,True,0.007018921890933141,True,0.14571338651989285
57,1,1,512,1,512,16,1,1024,29,0.1728045857931291,256,256,1,DLMT,8,True,True,False,2048,1024,False,5,21,1,1024,1,35,256,2,1,0.17350202857142857,8,True,0.0021052055818947526,True,0.17419947134972805
58,1,32,128,1,16,1,1,128,29,0.07088024023494581,1,16,1,DLMT,8,True,True,False,512,2048,False,5,12,1,1,1,35,2048,2,1,0.07092115142857143,8,False,0.00012348894541948274,True,0.07096206262219705
59,8,1,1,1,64,512,512,2048,29,0.11672748730227112,64,32,64,DLMT,8,True,True,True,1,128,False,5,2,1,64,1,35,1,2,1,0.11675522857142859,8,False,8.373600888311649e-05,True,0.11678296984058606
60,1,1,1024,1,32,512,16,512,29,0.09228518817953638,256,1,1,DLMT,1,True,True,True,2048,64,True,5,1,13,128,8,35,128,2,1,0.09471109428571427,8,False,0.007322509078566011,True,0.09713700039189216
61,32,1,2048,1,256,16,256,256,29,0.11625294550284519,1,1,64,DLMT,8,True,True,False,64,64,False,5,1,27,1,1,35,2048,2,1,0.11630420000000001,8,False,0.00015470982977358453,True,0.11635545449715483
62,32,1,1,1,1,64,32,1024,29,0.11761418217346599,32,512,16,DLMT,1,True,False,False,512,1,False,5,3,1,1,8,35,2048,2,1,0.11826448571428573,8,True,0.0019629175133157348,True,0.11891478925510547
63,1,1,1,1,16,1,1,1,29,0.0682947394160775,16,128,128,DLMT,1,True,True,True,64,2048,False,5,1,1,2048,8,35,2048,2,1,0.06830326857142857,8,False,2.5744944262944623e-05,True,0.06831179772677964
64,32,1,256,1,256,64,1,2048,29,0.11176186144102566,16,256,16,DLMT,1,True,True,False,64,1,True,5,8,1,2048,1,35,256,2,1,0.1132134,8,False,0.004381416184620804,True,0.11466493855897435
65,1,32,2048,1,512,128,32,1,29,0.141638761064593,1,512,128,DLMT,1,True,False,True,1024,1024,False,5,1,19,2048,1,35,256,2,1,0.14317939999999998,8,True,0.004650362420285112,True,0.14472003893540697
66,1,1,1024,1,256,16,64,2048,29,0.06759322865835914,1,16,512,DLMT,1,True,False,False,2048,2048,False,5,1,29,2048,1,35,64,2,1,0.06760316285714285,8,False,2.9986016605024227e-05,True,0.06761309705592657
67,8,1,1,1,32,1,1,1,29,0.10897503350787308,512,1,128,DLMT,1,True,False,True,1024,128,True,5,9,1,1,1,35,64,2,1,0.11093765714285715,8,True,0.005924107840934399,True,0.11290028077784123
68,32,1,512,1,1,128,1,1,29,0.10574111053076055,1,512,1,DLMT,1,True,True,True,256,1024,True,5,1,24,1,1,35,1024,2,1,0.107511,8,False,0.005342346793043566,True,0.10928088946923945
69,1,1,1,1,16,1,512,256,29,0.1251851422591487,256,512,32,DLMT,1,True,True,False,1024,2048,True,5,4,1,2048,1,35,512,2,1,0.12794788571428573,8,False,0.008339240327756577,True,0.13071062916942275
70,1,8,2048,1,256,256,1,1,29,0.18414128506662675,512,16,512,DLMT,1,True,True,False,1,2048,True,5,12,1,2048,1,35,2048,2,1,0.18781554285714283,8,True,0.011090613094847003,True,0.19148980064765891
71,1,1,2048,1,1,1,32,2048,29,0.08529792343613854,1,256,128,DLMT,8,True,True,True,256,128,False,5,1,6,2048,1,35,256,2,1,0.08743119142857143,8,True,0.006439191608374075,True,0.08956445942100433
72,1,32,64,1,256,512,64,2048,29,0.07334930299779283,512,16,1,DLMT,8,True,False,False,512,2048,False,5,1,30,1,1,35,128,2,1,0.07339850285714287,8,False,0.00014850798051805543,True,0.07344770271649292
73,1,1,1,1,32,16,512,512,29,0.09386431643634359,16,128,16,DLMT,1,True,False,True,1,1,False,5,29,1,1,8,35,1,2,1,0.09716153999999999,8,True,0.00995254903619312,True,0.10045876356365639
74,1,32,256,1,512,1,512,256,29,0.1541389802892196,256,256,16,DLMT,8,True,True,True,1,64,True,5,1,18,1024,1,35,1024,2,1,0.15608699999999998,8,False,0.005880026428512033,True,0.15803501971078035
75,1,1,1,1,1,1,128,64,29,0.10710534803125735,1,128,64,DLMT,8,True,False,False,512,1024,True,5,1,2,512,1,35,1,2,1,0.11050385714285715,8,True,0.010258275767518097,True,0.11390236625445696
76,1,32,1,1,512,1,128,1024,29,0.21016780681532227,128,256,1,DLMT,1,True,False,False,128,1024,False,5,7,1,1,8,35,1,2,1,0.21018822857142852,8,False,6.164232577158795e-05,True,0.21020865032753477
77,8,1,64,1,32,256,512,2048,29,0.11111926056717535,512,64,256,DLMT,1,True,True,True,1024,1024,False,5,1,6,1024,8,35,1024,2,1,0.11230617142857144,8,True,0.003582647133740353,True,0.11349308228996753
78,1,32,2048,1,16,1,256,1,29,0.10988380119697279,1,1,256,DLMT,1,True,True,True,64,1,True,5,1,25,1,1,35,1,2,1,0.11063568571428571,8,True,0.002269535984940265,True,0.11138757023159863
79,1,8,1024,1,512,512,1,2048,29,0.2986906435904712,16,64,32,DLMT,1,True,True,True,1024,256,False,5,10,1,1024,8,35,1,2,1,0.3025808,8,True,0.011742295199832099,True,0.30647095640952876
80,1,32,64,1,16,1,256,1024,29,0.10186644042917813,16,1,16,DLMT,8,True,False,True,2048,2048,True,5,1,4,512,1,35,1,2,1,0.10306791428571428,8,True,0.003626605003277296,True,0.10426938814225044
81,1,1,2048,1,512,1,1,64,29,0.15118566510084078,512,1,128,DLMT,1,True,False,True,512,2048,False,5,26,1,2048,1,35,2048,2,1,0.15123842857142855,8,False,0.00015926461102998052,True,0.15129119204201633
82,1,1,1024,1,32,512,64,1,29,0.06786238431725614,512,256,1,DLMT,1,True,True,True,1024,1,False,5,1,30,512,1,35,1,2,1,0.06787499428571427,8,False,3.8062729748645134e-05,True,0.0678876042541724
83,1,8,512,1,128,1,256,1,29,0.12102343650728456,256,64,256,DLMT,1,True,False,False,2048,1,False,5,5,1,2048,8,35,1,2,1,0.12103745714285713,8,False,4.232077696906523e-05,True,0.1210514777784297
84,32,1,2048,1,1,1,1,2048,29,0.10918972069685105,32,128,512,DLMT,8,True,False,False,2048,1,True,5,1,6,1,1,35,1,2,1,0.11211148571428572,8,True,0.008819241112060212,True,0.1150332507317204
85,1,32,512,1,16,1,128,512,29,0.271743985073522,32,512,1,DLMT,8,True,False,True,64,1,False,5,30,1,256,1,35,2048,2,1,0.2725266571428572,8,True,0.0023624670875150456,True,0.27330932921219236
86,1,1,1024,1,128,512,128,1,29,0.08307337792260622,16,512,1,DLMT,8,True,False,False,1,1024,False,5,1,11,512,1,35,128,2,1,0.08705030000000001,8,True,0.012004194202860932,True,0.0910272220773938
87,1,32,256,1,128,1,512,64,29,0.14220247492529245,512,256,256,DLMT,1,True,True,False,1,512,True,5,1,25,2048,8,35,1024,2,1,0.1438584,8,True,0.004998349425846211,True,0.14551432507470755
88,32,1,1,1,32,512,16,1,29,0.13485304217616417,64,16,1,DLMT,8,True,False,True,2048,64,True,5,1,29,2048,1,35,128,2,1,0.13527985714285717,8,False,0.0012883254057187586,True,0.13570667210955017
89,1,8,128,1,128,256,1,256,29,0.13767896274054517,16,128,512,DLMT,8,True,True,True,256,1024,True,5,5,1,1,1,35,1024,2,1,0.1384534857142857,8,False,0.0023378693397612944,True,0.13922800868802623
90,1,1,1,1,32,256,1,1,29,0.18545187979912706,512,128,1,DLMT,8,True,True,False,2048,1,True,5,10,1,64,1,35,512,2,1,0.18645765714285714,8,True,0.0030359022188550435,True,0.18746343448658723
91,32,1,512,1,64,1,32,2048,29,0.1613851382064531,32,16,32,DLMT,8,True,True,False,1,1,False,5,7,1,2048,1,35,1024,2,1,0.16145842857142856,8,False,0.00022122429286834897,True,0.16153171893640403
92,1,8,512,1,16,512,1,1024,29,0.1104514523832317,256,1,128,DLMT,1,True,False,False,1,1024,False,5,1,26,128,1,35,2048,2,1,0.11389808571428571,8,True,0.010403536968252474,True,0.11734471904533972
93,8,1,1,1,64,512,512,1,29,0.12223645872413003,512,256,64,DLMT,1,True,True,False,1,1024,True,5,2,1,128,1,35,512,2,1,0.1229223142857143,8,False,0.0020702299909696508,True,0.12360816984729858
94,32,1,2048,1,512,1,16,128,29,0.20075483745856051,1,512,32,DLMT,1,True,True,False,2048,2048,False,5,22,1,2048,1,35,512,2,1,0.2026028,8,True,0.005578007513184511,True,0.20445076254143948
95,1,1,64,1,16,1,32,1024,29,0.07126920764973282,64,64,16,DLMT,1,True,False,False,64,1,True,5,1,3,64,1,35,128,2,1,0.07245721714285713,8,False,0.003585963313531224,True,0.07364522663598144
96,1,32,2048,1,512,512,256,2048,29,0.2199677579340977,256,32,128,DLMT,8,True,True,True,1,256,True,5,7,1,2048,1,35,512,2,1,0.2219460285714286,8,False,0.005971337746677702,True,0.22392429920875948
97,1,1,1,1,1,1,512,256,29,0.15494554210175274,128,1,256,DLMT,8,True,True,False,2048,512,False,5,25,1,1,1,35,1,2,1,0.1550488285714286,8,False,0.00031176644057593516,True,0.15515211504110446
98,1,32,256,1,1,32,256,512,29,0.09204280314752351,1,16,64,DLMT,1,True,False,True,1024,128,False,5,1,11,1,1,35,2048,2,1,0.09328204000000001,8,True,0.0037405912288376478,True,0.09452127685247651
99,32,1,2048,1,1,256,64,1024,29,0.22462910033613326,256,512,64,DLMT,1,True,False,True,1024,2048,False,5,29,1,128,1,35,1,2,1,0.2246728857142857,8,False,0.00013216456655647715,True,0.22471667109243815
100,32,1,1,1,256,64,32,1,29,0.09663418090568607,128,1,1,DLMT,1,True,False,True,1,1,False,5,1,16,1,8,35,1,2,1,0.09800561428571429,8,True,0.0041396216244029465,True,0.09937704766574251
101,8,8,2048,1,1,512,16,1024,29,0.10446667091496185,1,1,1,DLMT,1,True,False,False,2048,512,True,5,1,9,128,8,35,512,2,1,0.10625205714285715,8,False,0.005389123193686955,True,0.10803744337075245
102,1,1,1,1,128,128,512,1024,29,0.08293524929192128,1,512,512,DLMT,1,True,False,True,256,512,True,5,1,30,128,8,35,2048,2,1,0.08639298000000001,8,False,0.010437033995942386,True,0.08985071070807873
103,8,1,256,1,512,128,128,512,29,0.0952768721197409,16,32,512,DLMT,1,True,False,False,1024,1,True,5,1,20,2048,1,35,1,2,1,0.10415456000000001,8,True,0.02679697698700039,True,0.11303224788025912
104,1,1,128,1,1,256,1,512,29,0.11611117016399454,64,1,128,DLMT,1,True,False,True,1,128,True,5,26,1,2048,8,35,1024,2,1,0.11819614285714286,8,True,0.006293414009413139,True,0.12028111555029118
105,8,8,1,1,16,32,128,1024,29,0.196940215955428,1,1,16,DLMT,1,True,True,False,256,1,True,5,30,1,1024,8,35,2048,2,1,0.20611322857142855,8,True,0.027688403927674136,True,0.21528624118742912
106,1,1,2048,1,512,16,256,2048,29,0.10206421749642325,256,64,16,DLMT,1,True,True,True,256,1024,True,5,1,20,1,8,35,2048,2,1,0.10581382857142858,8,True,0.011318064235007466,True,0.10956343964643392
107,1,32,1,1,1,1,1,1,29,0.06579129974859745,1,512,256,DLMT,1,True,True,True,1,256,True,5,1,20,2048,1,35,128,2,1,0.06766246571428573,8,False,0.005648046202762402,True,0.06953363167997402
108,1,1,64,1,1,1,32,512,29,0.09533494953160236,16,32,16,DLMT,1,True,False,True,128,1024,True,5,1,25,512,8,35,64,2,1,0.09675915714285716,8,False,0.004298918716028533,True,0.09818336475411195
109,32,1,256,1,16,512,16,2048,29,0.06267367867879049,1,128,1,DLMT,1,True,True,False,1,256,True,5,1,25,64,8,35,2048,2,1,0.06610104285714286,8,True,0.010345373733807943,True,0.06952840703549522
110,8,1,1,1,1,32,256,1024,29,0.10445661591415835,512,512,1,DLMT,1,True,False,False,1024,2048,True,5,1,25,1024,8,35,1,2,1,0.10880042857142858,8,True,0.013111640033160754,True,0.1131442412286988
111,1,1,2048,1,16,1,512,1024,29,0.09154073022562384,128,16,1,DLMT,8,True,True,True,2048,2048,True,5,1,25,1024,1,35,1,2,1,0.09302455714285714,8,True,0.0044788774160679215,True,0.09450838406009043
112,1,1,2048,1,512,1,128,1024,29,0.09023312072742012,16,256,32,DLMT,1,True,False,False,128,1024,True,5,1,25,1,1,35,512,2,1,0.09132406571428572,8,True,0.003292977642537686,True,0.09241501070115132
113,32,1,2048,1,16,256,64,1,29,0.10790787135646618,1,128,256,DLMT,1,True,False,True,1024,2048,True,5,1,25,256,8,35,2048,2,1,0.108324,8,False,0.0012560691291258043,True,0.10874012864353383
114,32,1,1,1,32,16,1,64,29,0.11349569397877944,32,512,512,DLMT,8,True,True,True,256,1,True,5,1,25,256,1,35,1,2,1,0.11539342857142858,8,False,0.005728242633955844,True,0.11729116316407771
115,8,1,64,1,16,256,512,1,29,0.13516877631367374,512,1,16,DLMT,1,True,True,False,2048,1,True,5,1,25,64,1,35,1,2,1,0.14492274285714285,8,True,0.029441992163131172,True,0.15467670940061196
116,8,1,64,1,128,512,1,1,29,0.10888254734959102,16,1,1,DLMT,8,True,True,False,1024,2048,True,5,1,25,256,1,35,128,2,1,0.11244265714285714,8,True,0.010746061529543497,True,0.11600276693612327
117,1,1,2048,1,64,128,1,128,29,0.08561258289516945,512,16,512,DLMT,8,True,False,False,1,1,True,5,1,25,512,1,35,1,2,1,0.08739680857142858,8,False,0.005385620110912892,True,0.08918103424768771
118,1,1,2048,1,128,512,256,512,29,0.08086977401613524,512,512,1,DLMT,1,True,True,False,2048,128,True,5,1,25,2048,8,35,512,2,1,0.08298700571428572,8,False,0.006390786639125461,True,0.0851042374124362
119,32,1,128,1,512,16,512,2048,29,0.1129902534185783,512,1,128,DLMT,8,True,False,True,1,512,True,5,1,25,1,1,35,2048,2,1,0.11552885714285713,8,True,0.007662682727321537,True,0.11806746086713596
120,1,1,1,1,128,16,1,128,29,0.09440869978050308,256,512,16,DLMT,1,True,False,True,1024,1,True,5,1,25,1,1,35,64,2,1,0.09851509714285715,8,True,0.012395010626941464,True,0.10262149450521123
121,32,1,1,1,512,1,512,1,29,0.13185068353649154,256,128,32,DLMT,8,True,True,False,1024,1,True,5,1,25,2048,1,35,2048,2,1,0.13250111428571426,8,True,0.001963301487239267,True,0.13315154503493698
122,32,1,1024,1,512,512,256,1,29,0.10535694534394728,32,16,256,DLMT,1,True,False,False,128,1,True,5,1,25,2048,8,35,1,2,1,0.1070480857142857,8,False,0.005104645510968717,True,0.10873922608462412
123,32,1,512,1,16,128,512,1,29,0.10568680699598836,128,256,512,DLMT,1,True,True,False,1024,2048,True,5,1,25,256,1,35,2048,2,1,0.10699491428571428,8,False,0.003948474131114657,True,0.10830302157544021
124,1,1,1,1,256,512,16,2048,29,0.09597159292890108,512,1,32,DLMT,1,True,False,True,2048,64,True,5,1,25,1024,1,35,256,2,1,0.09900914285714287,8,False,0.009168733641217409,True,0.10204669278538465
125,8,1,2048,1,512,32,16,1,29,0.0998970019741432,512,1,512,DLMT,1,True,False,False,2048,1024,True,5,1,25,2048,8,35,1024,2,1,0.10321451428571429,8,True,0.010013789881590941,True,0.10653202659728539
126,32,1,2048,1,256,1,1,1024,29,0.1094498357912458,16,16,1,DLMT,8,True,True,False,2048,128,True,5,1,25,512,1,35,512,2,1,0.11118028571428573,8,False,0.005223299961690495,True,0.11291073563732566
127,1,1,1,1,256,1,128,512,29,0.052502102640618054,1,128,512,DLMT,1,True,True,True,1,512,True,5,1,25,2048,1,35,512,2,1,0.053110797142857144,8,False,0.0018373221483585786,True,0.053719491645096235
128,32,1,2048,1,64,1,64,1,29,0.10565016401630416,256,512,1,DLMT,1,True,True,True,1,2048,True,5,1,25,1024,1,35,512,2,1,0.107648,8,True,0.006030395030889058,True,0.10964583598369583
129,32,1,256,1,1,64,128,256,29,0.10587365400223231,1,1,1,DLMT,1,True,False,True,128,512,True,5,1,25,2048,1,35,2048,2,1,0.10787482857142858,8,True,0.006040472429422407,True,0.10987600314062484
130,1,1,256,1,16,512,256,1024,29,0.09126002173124566,64,128,512,DLMT,8,True,False,True,1024,1,True,5,1,25,2048,1,35,1024,2,1,0.09476515999999999,8,True,0.01058013198829904,True,0.09827029826875432
131,8,1,1,1,256,512,1,1024,29,0.1019745009319017,256,256,128,DLMT,1,True,False,False,1,1024,True,5,1,25,1,1,35,2048,2,1,0.10353385714285714,8,False,0.004706859833676542,True,0.10509321335381257
132,1,1,1,1,256,256,128,512,29,0.057044547937457245,32,64,16,DLMT,1,True,True,True,1,1,True,5,1,25,1024,8,35,2048,2,1,0.060154768571428575,8,True,0.009388087515258638,True,0.0632649892053999
133,1,1,256,1,16,16,16,1,29,0.10415856384420803,128,1,16,DLMT,1,True,True,False,1024,1,True,5,1,25,64,8,35,2048,2,1,0.1051192857142857,8,False,0.002899903915368119,True,0.10608000758436338
134,32,1,1024,1,16,1,16,2048,29,0.10579489776885606,512,16,256,DLMT,1,True,True,False,512,1024,True,5,1,25,2048,8,35,256,2,1,0.10885140000000001,8,True,0.00922594047610169,True,0.11190790223114397
135,1,1,1,1,16,256,128,2048,29,0.0826457929948786,64,1,512,DLMT,1,True,True,True,2048,2048,True,5,1,25,1,8,35,1,2,1,0.08630607428571431,8,False,0.011048425540458382,True,0.08996635557655001
136,8,1,1,1,1,1,128,512,29,0.08165766474641942,32,1,16,DLMT,8,True,False,False,1,2048,True,5,1,25,128,1,35,512,2,1,0.08538774000000002,8,False,0.011259096070750969,True,0.08911781525358062
137,1,1,1,1,128,128,128,512,29,0.06029156577994259,1,512,256,DLMT,1,True,True,True,1,2048,True,5,1,25,128,1,35,256,2,1,0.06279177142857144,8,True,0.00754677953682691,True,0.06529197707720029
138,1,1,1024,1,128,1,1,512,29,0.08998915996855536,1,16,512,DLMT,8,True,True,True,1,1,True,5,1,25,1,1,35,2048,2,1,0.09095384571428572,8,True,0.002911868729413943,True,0.09191853146001608
139,1,1,1,1,1,128,64,512,29,0.059919639230526754,1,16,16,DLMT,8,True,True,False,1,128,True,5,1,25,1024,1,35,1,2,1,0.0654016257142857,8,True,0.01654717620507832,True,0.07088361219804465
140,1,1,256,1,64,256,1,512,29,0.04467701546247271,1,1,1,DLMT,1,True,False,True,1,2048,True,5,1,25,2048,1,35,64,2,1,0.05076462285714286,8,True,0.0183752208301457,True,0.056852230251813005
141,1,1,2048,1,64,512,128,512,29,0.05438375601933346,1,16,256,DLMT,1,True,False,True,1,1,True,5,1,25,128,1,35,128,2,1,0.05908893714285715,8,False,0.014202417564949704,True,0.06379411826638084
142,1,1,2048,1,256,1,256,512,29,0.08785732413642727,1,512,16,DLMT,8,True,False,False,1,128,True,5,1,25,1024,1,35,1,2,1,0.10831515142857141,8,True,0.061751205330234524,True,0.12877297872071555
143,1,1,512,1,1,16,32,512,29,0.09258783171937236,1,1,512,DLMT,8,True,False,False,1,2048,True,5,1,25,1,1,35,2048,2,1,0.09935334857142858,8,False,0.020421465795486187,True,0.1061188654234848
144,1,1,1,1,32,512,16,512,29,0.08892326218264231,1,512,1,DLMT,8,True,True,False,1,256,True,5,1,25,1,1,35,2048,2,1,0.09352057714285714,8,False,0.013876827486220857,True,0.09811789210307197
145,1,1,1024,1,1,512,512,512,29,0.08546533417740827,1,1,1,DLMT,8,True,False,False,1,1,True,5,1,25,1,1,35,512,2,1,0.08979616285714287,8,True,0.013072448370656416,True,0.09412699153687747
146,1,1,2048,1,1,16,256,512,29,0.091503625490337,1,1,64,DLMT,8,True,True,True,1,1,True,5,1,25,2048,1,35,2048,2,1,0.09586191142857142,8,False,0.013155327103730834,True,0.10022019736680585
147,1,1,512,1,512,1,512,512,29,0.08188335091014518,1,16,1,DLMT,8,True,True,True,1,2048,True,5,1,25,1,1,35,1,2,1,0.08466150285714287,8,False,0.008385750298298921,True,0.08743965480414057
148,1,1,2048,1,1,512,1,512,29,0.06242013550017413,1,32,1,DLMT,1,True,True,False,1,2048,True,5,1,25,1024,1,35,128,2,1,0.0657788257142857,8,False,0.010138083878139692,True,0.06913751592839726
149,1,1,2048,1,1,1,64,512,29,0.06166750753220919,1,512,128,DLMT,1,True,False,False,1,1024,True,5,1,25,64,1,35,1024,2,1,0.06644639714285716,8,True,0.014424903944270146,True,0.07122528675350513
150,1,1,128,1,256,512,1,512,29,0.09920209325174982,1,64,512,DLMT,8,True,False,False,1,2048,True,5,1,25,2048,1,35,64,2,1,0.10583479142857143,8,False,0.020020557469837583,True,0.11246748960539303
151,1,1,1,1,256,32,1,512,29,0.059906264660113034,1,16,256,DLMT,1,True,False,False,1,1,True,5,1,25,1,1,35,1024,2,1,0.06455382285714287,8,True,0.01402848486355195,True,0.0692013810541727
152,1,1,2048,1,16,512,512,512,29,0.08658513290443881,1,512,512,DLMT,8,True,True,False,1,1024,True,5,1,25,1,1,35,512,2,1,0.08897903428571428,8,True,0.007225903984057945,True,0.09137293566698976
153,1,1,128,1,1,1,512,512,29,0.08623163883990367,1,1,512,DLMT,8,True,False,True,1,512,True,5,1,25,64,1,35,1,2,1,0.09280046285714287,8,True,0.01982775564942215,True,0.09936928687438207
154,1,1,512,1,512,1,256,512,29,0.056958856654761275,1,1,1,DLMT,1,True,False,False,1,512,True,5,1,25,1,1,35,2048,2,1,0.05887257428571428,8,True,0.005776486851976125,True,0.06078629191666729
155,1,1,1,1,16,128,128,512,29,0.06044210891244266,1,512,1,DLMT,1,True,False,True,1,128,True,5,1,25,2048,1,35,2048,2,1,0.06467564857142859,8,False,0.012778785010865724,True,0.06890918823041452
156,1,1,2048,1,256,512,512,512,29,0.07978368781151306,1,64,128,DLMT,8,True,True,True,1,2048,True,5,1,25,2048,1,35,2048,2,1,0.08125892285714285,8,True,0.0044529431650850385,True,0.08273415790277265
157,1,1,1,1,1,64,256,512,29,0.05891272923651759,1,1,64,DLMT,1,True,True,False,1,1,True,5,1,25,256,1,35,1,2,1,0.06532299428571428,8,False,0.019349151189001147,True,0.07173325933491097
158,1,1,1024,1,256,1,512,512,29,0.058791785241686184,1,1,512,DLMT,1,True,True,False,1,512,True,5,1,25,2048,1,35,1,2,1,0.06494699714285714,8,False,0.018579282566642197,True,0.07110220904402809
159,1,1,2048,1,16,64,16,512,29,0.0648333171085844,1,256,1,DLMT,1,True,True,True,1,1,True,5,1,25,1,1,35,1,2,1,0.06764993428571428,8,False,0.00850185619214812,True,0.07046655146284415
160,1,1,1,1,16,128,256,512,29,0.06023041249562532,1,1,16,DLMT,1,True,True,True,1,512,True,5,1,25,1,1,35,1024,2,1,0.06439610285714287,8,True,0.01257398438176416,True,0.06856179321866042
161,1,1,256,1,256,32,1,512,29,0.06340304253073406,1,16,16,DLMT,1,True,True,False,1,1,True,5,1,25,1,1,35,1024,2,1,0.06721779428571428,8,True,0.011514689001021828,True,0.0710325460406945
162,1,1,2048,1,512,16,256,512,29,0.061284481965796875,1,1,16,DLMT,1,True,False,True,1,2048,True,5,1,25,1,1,35,2048,2,1,0.06268030000000001,8,False,0.004213225813418638,True,0.06407611803420314
163,1,1,2048,1,64,32,256,512,29,0.06274918881966854,1,512,16,DLMT,1,True,False,False,1,128,True,5,1,25,64,1,35,1,2,1,0.06492224285714286,8,True,0.006559284333840336,True,0.06709529689461718
164,1,1,1,1,1,256,1,512,29,0.059737298527302134,1,256,16,DLMT,1,True,True,True,1,512,True,5,1,25,64,1,35,1,2,1,0.06637212857142856,8,False,0.020026992433521476,True,0.07300695861555498
165,1,1,1,1,16,1,1,512,29,0.06466212919767352,1,256,16,DLMT,1,True,True,False,1,512,True,5,1,25,2048,1,35,128,2,1,0.0696875542857143,8,True,0.01516906228856885,True,0.07471297937375508
166,1,1,1,1,512,512,1,512,29,0.061206933995905655,1,64,16,DLMT,1,True,False,False,1,512,True,5,1,25,2048,1,35,2048,2,1,0.0675260857142857,8,True,0.019074128923966135,True,0.07384523743266574
167,1,1,256,1,1,16,256,512,29,0.06016416992164295,1,256,16,DLMT,1,True,True,False,1,2048,True,5,1,25,1,1,35,2048,2,1,0.06409547714285714,8,False,0.011866507423623267,True,0.06802678436407134
168,1,1,1,1,1,32,1,512,29,0.061940693631585254,1,256,16,DLMT,1,True,False,True,1,1,True,5,1,25,256,1,35,1,2,1,0.06412799999999998,8,False,0.006602304474824358,True,0.06631530636841469
169,1,1,1024,1,16,1,512,512,29,0.05239024333876502,1,512,16,DLMT,1,True,True,True,1,1,True,5,1,25,128,1,35,2048,2,1,0.054361685714285714,8,False,0.005950726887515165,True,0.05633312808980641
170,1,1,128,1,1,512,512,512,29,0.060188534461024075,1,1,16,DLMT,1,True,False,False,1,128,True,5,1,25,256,1,35,2048,2,1,0.06384393142857142,8,False,0.011033682388804394,True,0.06749932839611876
171,1,1,2048,1,64,128,1,512,29,0.06004219110360792,1,512,16,DLMT,1,True,False,True,1,1,True,5,1,25,1,1,35,512,2,1,0.06462342285714284,8,True,0.013828280913611903,True,0.06920465461067776
172,1,1,512,1,1,1,512,512,29,0.06028942515575692,1,32,16,DLMT,1,True,False,True,1,2048,True,5,1,25,2048,1,35,512,2,1,0.06506316000000001,8,True,0.014409344469935373,True,0.0698368948442431
173,1,1,512,1,512,512,64,512,29,0.06175443198052749,1,256,16,DLMT,1,True,False,True,1,1024,True,5,1,25,2048,1,35,128,2,1,0.06589585714285714,8,False,0.012500740763268748,True,0.0700372823051868
174,1,1,1,1,512,16,256,512,29,0.060093114470200104,1,1,16,DLMT,1,True,False,False,1,64,True,5,1,25,512,1,35,1,2,1,0.062125565714285715,8,False,0.0061348799315270285,True,0.06415801695837133
175,1,1,2048,1,1,512,256,512,29,0.06246726805792026,1,1,16,DLMT,1,True,True,True,1,64,True,5,1,25,2048,1,35,2048,2,1,0.06765442857142859,8,False,0.01565725476984248,True,0.07284158908493692
176,1,1,512,1,256,1,1,512,29,0.05745720766255713,1,1,16,DLMT,1,True,True,True,1,1,True,5,1,25,512,1,35,256,2,1,0.06001302571428572,8,True,0.007714643546708257,True,0.0625688437660143
177,1,1,64,1,128,512,256,512,29,0.060315312637948,1,1,16,DLMT,1,True,True,True,1,256,True,5,1,25,1,1,35,1,2,1,0.06342674857142856,8,True,0.009391755852490186,True,0.06653818450490913
178,1,1,1,1,512,64,512,512,29,0.060268417716907045,1,512,16,DLMT,1,True,True,True,1,2048,True,5,1,25,1,1,35,512,2,1,0.06485877428571428,8,True,0.013855823835616,True,0.0694491308545215
179,1,1,2048,1,1,128,1,512,29,0.06158281460388866,1,1,16,DLMT,1,True,False,False,1,2048,True,5,1,25,1,1,35,128,2,1,0.06579543142857143,8,True,0.012715630198837322,True,0.0700080482532542
180,1,1,2048,1,64,256,128,512,29,0.06349612170329344,1,512,16,DLMT,1,True,True,False,1,1,True,5,1,25,1024,1,35,1,2,1,0.06718744571428571,8,True,0.011142126858737337,True,0.07087876972527798
181,1,1,2048,1,64,16,16,512,29,0.062217296582382085,1,1,16,DLMT,1,True,True,False,1,2048,True,5,1,25,512,1,35,1,2,1,0.06679937428571428,8,False,0.01383083438221266,True,0.07138145198904647
182,1,1,1,1,1,1,64,512,29,0.05991631811225187,1,1,16,DLMT,1,True,True,True,1,2048,True,5,1,25,2048,1,35,1024,2,1,0.06538352857142857,8,True,0.016502575313941954,True,0.07085073903060526
183,1,1,1,1,64,512,512,512,29,0.06084149623282819,1,128,16,DLMT,1,True,False,False,1,2048,True,5,1,25,1,1,35,512,2,1,0.06493727142857143,8,False,0.012362948004549065,True,0.06903304662431468
184,1,1,1,1,16,256,512,512,29,0.05953631844042043,1,64,16,DLMT,1,True,True,False,1,128,True,5,1,25,2048,1,35,1,2,1,0.06457668,8,False,0.015214147482990017,True,0.06961704155957957
185,1,1,2048,1,1,512,16,512,29,0.058669490835375836,1,256,16,DLMT,1,True,True,True,1,1,True,5,1,25,128,1,35,1024,2,1,0.0661855542857143,8,False,0.022686963320642895,True,0.07370161773605276
186,1,1,1,1,64,1,512,512,29,0.06980978203668162,1,16,16,DLMT,1,True,False,True,1,64,True,5,1,25,1,1,35,1,2,1,0.08061922857142859,8,False,0.03262792001033621,True,0.09142867510617556
187,1,1,2048,1,256,64,1,512,29,0.06170731977923345,1,16,16,DLMT,1,True,False,False,1,1,True,5,1,25,256,1,35,128,2,1,0.06319716285714284,8,True,0.004497036977584602,True,0.06468700593505224
188,1,1,2048,1,1,64,64,512,29,0.061954806971949584,1,512,16,DLMT,1,True,False,True,1,2048,True,5,1,25,128,1,35,1024,2,1,0.06378659142857143,8,True,0.005529174554378227,True,0.06561837588519329
189,1,1,128,1,1,512,32,512,29,0.06284257960243245,1,1,16,DLMT,1,True,True,False,1,1,True,5,1,25,1,1,35,2048,2,1,0.0662587342857143,8,False,0.010311538281887161,True,0.06967488896899615
190,1,1,1,1,512,16,16,512,29,0.061477995393864934,1,512,16,DLMT,1,True,True,True,1,1024,True,5,1,25,1,1,35,64,2,1,0.06586859714285714,8,False,0.013252871199544125,True,0.07025919889184935
191,1,1,1,1,512,16,512,512,29,0.06006157266867844,1,64,16,DLMT,1,True,True,False,1,64,True,5,1,25,1024,1,35,2048,2,1,0.06592818,8,True,0.017708140201545732,True,0.07179478733132157
192,1,1,1024,1,256,32,1,512,29,0.06183770561955152,1,512,16,DLMT,1,True,False,False,1,2048,True,5,1,25,2048,1,35,512,2,1,0.06713368571428571,8,False,0.015985722705770793,True,0.07242966580901991
193,1,1,1024,1,1,32,512,512,29,0.053749970077902394,1,512,16,DLMT,1,True,False,True,1,64,True,5,1,25,2048,1,35,1,2,1,0.0633953257142857,8,True,0.02911415410248172,True,0.07304068135066902
194,1,1,512,1,1,1,16,512,29,0.06135002569093581,1,16,16,DLMT,1,True,False,False,1,2048,True,5,1,25,512,1,35,1,2,1,0.06185232571428572,8,False,0.001516174295359937,True,0.06235462573763563
195,1,1,1,1,128,512,1,512,29,0.061663516492927825,1,512,16,DLMT,1,True,False,True,1,128,True,5,1,25,2048,1,35,128,2,1,0.06536387428571429,8,True,0.011169394999508838,True,0.06906423207850075
196,1,1,1024,1,32,16,512,512,29,0.06329949932032446,1,256,16,DLMT,1,True,True,False,1,2048,True,5,1,25,1,1,35,1024,2,1,0.06898385428571428,8,True,0.01715801808398865,True,0.07466820925110411
197,1,1,1,1,16,1,1,512,29,0.01934692022624686,1,256,16,DLMT,1,True,False,False,1,1,True,5,1,25,1,1,35,1,2,1,0.02624400285714286,8,True,0.020818592299075716,True,0.03314108548803886
198,1,1,1024,1,512,1,128,512,29,0.0593356059400422,1,512,16,DLMT,1,True,True,False,1,1024,True,5,1,25,2048,1,35,1,2,1,0.06111333714285715,8,False,0.005366016779755763,True,0.06289106834567211
199,1,1,1024,1,256,512,64,512,29,0.042612352402689374,1,1,16,DLMT,1,True,True,False,1,1024,True,5,1,25,1,1,35,1,2,1,0.048264425714285714,8,True,0.01706057708972594,True,0.05391649902588205
200,1,1,128,1,512,256,128,512,29,0.06053141677431201,1,1,16,DLMT,1,True,False,True,1,2048,True,5,1,25,2048,1,35,512,2,1,0.06483985999999999,8,False,0.013004878694292274,True,0.06914830322568796
201,1,1,1024,1,512,1,256,512,29,0.055186742716076764,1,16,16,DLMT,1,True,False,True,1,1,True,5,1,25,1,1,35,1024,2,1,0.059941391428571425,8,False,0.014351733677561079,True,0.06469604014106609
202,1,1,512,1,1,256,16,512,29,0.06136377889151621,1,1,16,DLMT,1,True,True,True,1,2048,True,5,1,25,2048,1,35,1,2,1,0.06614666285714284,8,False,0.014436960759049487,True,0.07092954682276947
203,1,1,2048,1,64,512,1,512,29,0.02531190693437322,1,128,16,DLMT,1,True,False,False,1,2048,True,5,1,25,512,1,35,1,2,1,0.030180934285714285,8,True,0.014696981426109099,True,0.03504996163705535
204,1,1,2048,1,16,512,16,512,29,0.04045689847471943,1,32,16,DLMT,1,True,True,False,1,2048,True,5,1,25,2048,1,35,64,2,1,0.05155639714285715,8,True,0.03350343179317167,True,0.06265589581099487
205,1,1,2048,1,512,128,256,512,29,0.06066547771377824,1,512,16,DLMT,1,True,True,False,1,512,True,5,1,25,1024,1,35,2048,2,1,0.06450112285714285,8,True,0.011577754931618667,True,0.06833676800050746
206,1,1,128,1,512,64,1,512,29,0.061353174504707675,1,1,16,DLMT,1,True,True,False,1,2048,True,5,1,25,1,1,35,1,2,1,0.06262674,8,False,0.0038442109847851564,True,0.06390030549529233
207,1,1,2048,1,1,32,1,512,29,0.062456331024537314,1,512,16,DLMT,1,True,True,True,1,64,True,5,1,25,128,1,35,1024,2,1,0.0680012542857143,8,True,0.01673714857162854,True,0.07354617754689129
208,1,1,128,1,512,512,64,512,29,0.05942984775673379,1,1,16,DLMT,1,True,False,False,1,1,True,5,1,25,2048,1,35,1024,2,1,0.06259060857142858,8,True,0.009540641206944157,True,0.06575136938612336
209,1,1,1,1,32,512,512,512,29,0.061346621157151164,1,128,16,DLMT,1,True,True,True,1,128,True,5,1,25,1024,1,35,2048,2,1,0.06642445714285715,8,False,0.015327262671094754,True,0.07150229312856314
210,1,1,64,1,16,16,512,512,29,0.06183110438643032,1,32,16,DLMT,1,True,True,True,1,512,True,5,1,25,2048,1,35,1,2,1,0.06632762857142856,8,True,0.013572594208321232,True,0.0708241527564268
211,1,1,2048,1,1,512,1,512,29,0.061431908009816794,1,256,16,DLMT,1,True,False,False,1,1,True,5,1,25,1024,1,35,64,2,1,0.06482369142857143,8,False,0.01023797450903453,True,0.06821547484732607
212,1,1,2048,1,1,1,256,512,29,0.06269285386657474,1,512,16,DLMT,1,True,False,False,1,1024,True,5,1,25,1,1,35,512,2,1,0.06575623714285714,8,False,0.009246710659814911,True,0.06881962041913954
213,1,1,64,1,1,32,64,512,29,0.06165414902981441,1,1,16,DLMT,1,True,False,True,1,1,True,5,1,25,64,1,35,2048,2,1,0.06678676285714286,8,False,0.015492607587603761,True,0.07191937668447129
214,1,1,1,1,512,1,1,512,29,0.060288612684372446,1,512,16,DLMT,1,True,False,False,1,512,True,5,1,25,2048,1,35,512,2,1,0.0657944542857143,8,False,0.01661918200720984,True,0.07130029588705616
215,1,1,2048,1,128,1,1,512,29,0.059007283339332264,1,1,16,DLMT,1,True,False,True,1,2048,True,5,1,25,2048,1,35,2048,2,1,0.06446021428571429,8,False,0.016459473125522452,True,0.06991314523209631
216,1,1,256,1,1,512,32,512,29,0.05948718353223628,1,1,16,DLMT,1,True,False,True,1,2048,True,5,1,25,1,1,35,1024,2,1,0.06904917142857142,8,True,0.028862511620603454,True,0.07861115932490656
217,1,1,2048,1,32,16,256,512,29,0.06155764251651491,1,1,16,DLMT,1,True,True,False,1,1024,True,5,1,25,1,1,35,2048,2,1,0.06555884285714286,8,False,0.012077477254703381,True,0.06956004319777082
218,1,1,256,1,512,512,32,512,29,0.06080326330310404,1,128,16,DLMT,1,True,True,True,1,1,True,5,1,25,1,1,35,1,2,1,0.06622611714285714,8,False,0.01636868647644879,True,0.07164897098261025
219,1,1,2048,1,32,1,1,512,29,0.020948044960440174,1,512,16,DLMT,1,True,False,True,1,256,True,5,1,25,2048,1,35,1,2,1,0.029655945714285713,8,True,0.026284480740166736,True,0.03836384646813125
220,1,1,1,1,32,16,1,512,29,0.04842200975003745,1,1,16,DLMT,1,True,True,False,1,64,True,5,1,25,64,1,35,64,2,1,0.05164099142857142,8,True,0.009716378760404558,True,0.054859973107105386
221,1,1,1,1,1,256,1,512,29,0.06047313259005843,1,64,16,DLMT,1,True,True,False,1,1024,True,5,1,25,2048,1,35,512,2,1,0.06180721142857142,8,False,0.004026868303623366,True,0.06314129026708441
222,1,1,1024,1,1,512,512,512,29,0.06091442719984084,1,16,16,DLMT,1,True,False,False,1,512,True,5,1,25,256,1,35,1,2,1,0.06427361142857142,8,False,0.01013957504324435,True,0.06763279565730201
223,1,1,2048,1,1,16,256,512,29,0.07712316682592762,1,1,16,DLMT,1,True,True,True,1,128,True,5,1,25,2048,1,35,1,2,1,0.08798051714285715,8,False,0.03277251582920826,True,0.09883786745978668
224,1,1,1,1,128,512,128,512,29,0.06526299741703936,1,512,16,DLMT,1,True,False,True,1,2048,True,5,1,25,1,1,35,1,2,1,0.06651896857142858,8,True,0.0037911031086533117,True,0.0677749397258178
225,1,1,512,1,64,1,1,512,29,0.06347473200206637,1,512,16,DLMT,1,True,False,False,1,1,True,5,1,25,256,1,35,128,2,1,0.07107859428571431,8,True,0.02295198089587343,True,0.07868245656936225
