id,RT2_I,T2_J,T2_I,T2_Ja,mean_confidence_interval_inf,baseline,T2_Ia,technique,RT2_J,VEC2,VEC1,SCR,U1_K,U1_J,cost_std,runs,U2_I,U2_J,cost_mean,correct_result,OMP,mean_confidence_interval_sup
1,8,4,2,1024,inf,False,2048,RS,8,True,False,True,2,30,inf,1,27,1,inf,False,False,inf
2,1,2,8,2048,9.724168350912905,False,128,RS,32,False,False,False,28,7,0.4795305441251892,10,1,20,10.021379,True,True,10.318589649087095
3,2,1,64,4,inf,False,1024,RS,2,True,False,True,28,2,inf,1,1,27,inf,False,True,inf
4,2,1024,64,1024,2.9125836721800167,False,256,RS,2,True,True,False,21,13,0.0001328307193385128,10,1,18,2.912666,True,False,2.9127483278199837
5,1,4,256,1024,11.160778795329287,False,1,RS,1,True,True,False,23,24,0.0007925276020430205,10,1,3,11.161269999999998,True,False,11.161761204670709
6,2,16,1024,2048,3.896260186332156,False,2048,RS,2,False,True,False,25,6,0.26156197648932084,10,27,1,4.058375,True,True,4.220489813667843
7,8,32,1,64,0.6704530957993857,False,16,RS,1,False,True,False,22,28,7.712904770576231e-05,10,1,5,0.6705009000000002,True,False,0.6705487042006146
8,32,2048,64,1,inf,False,1,RS,1,True,True,True,30,7,inf,1,1,10,inf,False,True,inf
9,8,1,2,4,inf,False,8,RS,2,False,True,True,21,9,inf,1,1,7,inf,False,True,inf
10,16,128,16,2048,0.8327220280166515,False,128,RS,1,True,False,False,26,13,0.01446715690832169,10,1,7,0.8416887,True,True,0.8506553719833484
11,32,8,8,1,inf,False,64,RS,4,False,False,False,17,20,inf,1,1,21,inf,False,False,inf
12,4,4,4,4,inf,False,128,RS,4,True,False,True,11,9,inf,1,9,1,inf,False,False,inf
13,1,1024,16,2048,inf,False,1024,RS,32,True,False,False,20,15,inf,1,1,11,inf,False,True,inf
14,4,8,1,1024,13.414935422740296,False,16,RS,16,False,False,False,17,27,0.00020099751242267408,10,27,1,13.41506,True,False,13.415184577259705
15,2,4,2,128,12.39951881855142,False,2048,RS,1,True,False,False,28,9,0.01902432390388689,10,1,21,12.41131,True,True,12.423101181448581
16,4,1,8,1,2.7820692914767013,False,1024,RS,1,True,True,False,14,3,0.03746514139837189,10,1,16,2.8052900000000003,True,True,2.828510708523299
17,2,64,64,2048,4.217050088736075,False,2048,RS,8,False,True,False,30,4,0.0083461644484158,10,1,19,4.222223,True,True,4.227395911263924
18,8,512,1,1024,inf,False,8,RS,16,False,False,True,27,10,inf,1,6,1,inf,False,True,inf
19,1,256,4,2048,inf,False,32,RS,8,False,False,True,17,6,inf,1,13,1,inf,False,False,inf
20,32,1,4,2,21.48331901531168,False,16,RS,2,True,False,False,22,28,0.0013084723917606825,10,1,3,21.48413,True,False,21.484940984688322
21,1,16,256,2048,1.6478904123167695,False,512,RS,32,True,True,False,7,8,0.05186648167169238,10,1,8,1.680037,True,True,1.7121835876832305
22,8,512,64,1,3.375746736966438,False,2048,RS,2,True,False,False,23,3,0.014182532249214173,10,19,1,3.3845370000000004,True,True,3.3933272630335627
23,32,16,4,64,inf,False,512,RS,1,True,False,False,27,20,inf,1,1,10,inf,False,False,inf
24,8,128,1,512,3.4852592917303498,False,2,RS,16,False,True,False,20,5,0.00023186418438384503,10,9,1,3.4854030000000003,True,False,3.4855467082696507
25,1,256,2,512,inf,False,32,RS,16,True,True,True,19,10,inf,1,26,1,inf,False,False,inf
26,1,128,2,512,inf,False,256,RS,16,True,False,True,4,10,inf,1,30,1,inf,False,False,inf
27,4,64,4,1,inf,False,128,RS,16,False,True,True,2,17,inf,1,1,26,inf,False,False,inf
28,4,4,4,1,inf,False,1,RS,4,True,False,True,20,15,inf,1,24,1,inf,False,False,inf
29,16,4,4,1024,inf,False,64,RS,4,False,False,True,3,11,inf,1,1,1,inf,False,False,inf
30,4,128,2,1024,inf,False,512,RS,2,True,False,True,14,2,inf,1,16,1,inf,False,False,inf
31,16,32,128,1024,inf,False,1024,RS,8,False,False,True,21,30,inf,1,1,16,inf,False,True,inf
32,2,2048,2,2048,0.2445391106227627,False,16,RS,1,True,False,False,17,5,0.018695356970114263,10,1,10,0.2561264,True,True,0.2677136893772373
33,32,32,32,64,inf,False,2048,RS,4,False,False,True,19,16,inf,1,12,1,inf,False,True,inf
34,4,128,4,2048,2.2836026346268987,False,32,RS,4,True,False,False,19,15,0.00022163032283503218,10,20,1,2.28374,True,False,2.283877365373101
35,2,2,1024,1024,10.189668696363206,False,2048,RS,2,False,True,True,12,10,0.007585255434064034,10,5,1,10.194370000000001,True,True,10.199071303636796
36,16,8,128,512,inf,False,128,RS,1,False,False,True,1,5,inf,1,1,2,inf,False,True,inf
37,2,32,64,1024,inf,False,512,RS,2,True,True,True,8,26,inf,1,1,19,inf,False,False,inf
38,2,1,4,256,inf,False,4,RS,16,False,True,True,24,21,inf,1,28,1,inf,False,True,inf
39,1,4,128,16,5.080575153870675,False,128,RS,8,False,True,False,18,25,0.00036761528803889895,10,3,1,5.080803,True,False,5.081030846129326
40,16,4,8,512,inf,False,1,RS,8,True,False,False,16,14,inf,1,1,23,inf,False,False,inf
41,1,256,8,1,inf,False,128,RS,32,False,True,True,30,16,inf,1,27,1,inf,False,True,inf
42,1,4,8,256,inf,False,16,RS,2,False,True,True,1,13,inf,1,14,1,inf,False,True,inf
43,2,64,1,128,3.908684656993061,False,256,RS,8,False,False,False,17,27,0.0007362805171944025,10,7,1,3.9091410000000004,True,False,3.90959734300694
44,32,16,64,2048,inf,False,64,RS,4,True,True,False,19,13,inf,1,1,30,inf,False,False,inf
45,4,32,64,64,3.854701079399881,False,64,RS,16,True,True,False,5,8,0.00024511425907102375,10,28,1,3.854853,True,False,3.855004920600119
46,1,2,1,2,7.435090171880659,False,32,RS,1,False,True,False,17,21,0.007164994696438993,10,1,22,7.439531000000001,True,False,7.443971828119342
47,32,2,8,64,18.43985583730484,False,64,RS,4,True,False,False,30,25,0.00102318131335539,10,11,1,18.440490000000004,True,False,18.441124162695168
48,16,512,1,1,inf,False,2048,RS,1,True,False,True,10,12,inf,1,15,1,inf,False,True,inf
49,1,1,2,1024,2.4561534330920134,False,32,RS,8,True,True,False,14,25,0.00021550174013215887,10,3,1,2.456287,True,False,2.456420566907987
50,4,4,2,8,1.0179163004768146,False,32,RS,8,True,False,False,19,5,0.028710619794772824,10,1,19,1.0357109999999998,True,True,1.053505699523185
51,32,4,16,1,0.5531287442065924,False,64,RS,2,False,True,False,9,13,0.03598553494447457,10,25,1,0.5754324,True,True,0.5977360557934075
52,1,512,16,2048,inf,False,128,RS,32,True,False,True,22,27,inf,1,1,13,inf,False,False,inf
53,8,1024,8,2048,3.4524492702097014,False,256,RS,16,True,True,False,17,26,0.0009934409896918566,10,6,1,3.453065,True,False,3.4536807297902987
54,32,4,2,256,6.85369663936151,False,1024,RS,4,False,False,False,9,2,0.048458537214818964,10,22,1,6.883731,True,True,6.91376536063849
55,1,4,2,32,2.800158325021866,False,256,RS,8,False,True,False,2,6,0.0314792374272313,10,29,1,2.8196689999999998,True,True,2.8391796749781335
56,32,1,2,2,7.512835954962403,False,512,RS,2,False,True,False,6,2,0.004708080712986937,10,23,1,7.515754000000001,True,False,7.518672045037599
57,1,2,1,128,1.480137131046328,False,4,RS,2,False,False,False,13,9,0.038557696832150115,10,16,1,1.504035,True,True,1.527932868953672
58,16,1,1,2048,inf,False,128,RS,2,False,True,True,26,17,inf,1,19,1,inf,False,True,inf
59,8,2,2,2048,inf,False,4,RS,4,False,False,True,13,11,inf,1,1,27,inf,False,True,inf
60,32,128,32,256,inf,False,1,RS,2,True,True,True,24,27,inf,1,15,1,inf,False,True,inf
61,16,4,1,512,4.293290665247732,False,16,RS,1,True,True,False,6,22,0.0007782165508390825,10,17,1,4.293773,True,False,4.294255334752267
62,1,1,2,1,inf,False,2048,RS,2,True,True,True,24,10,inf,1,29,1,inf,False,True,inf
63,4,32,8,256,6.758913674687675,False,16,RS,32,False,True,False,14,7,0.0002780359688960843,10,1,10,6.759085999999999,True,False,6.759258325312323
64,1,128,2048,128,2.1056171875040066,False,2048,RS,16,False,True,True,16,23,0.00021267110758164967,10,1,11,2.1057490000000003,True,False,2.105880812495994
65,16,1,32,128,inf,False,256,RS,2,False,False,True,29,14,inf,1,1,17,inf,False,True,inf
66,4,32,16,2048,inf,False,2048,RS,1,True,True,True,1,2,inf,1,1,29,inf,False,False,inf
67,4,32,4,64,inf,False,2048,RS,8,False,False,True,23,23,inf,1,1,6,inf,False,False,inf
68,8,64,1,512,inf,False,512,RS,8,True,False,True,28,30,inf,1,1,24,inf,False,False,inf
69,1,128,2,128,inf,False,2,RS,4,False,True,True,15,13,inf,1,26,1,inf,False,False,inf
70,4,16,1,128,2.4251693843460953,False,1024,RS,1,True,True,False,29,24,0.06738778705373846,10,30,1,2.466936,True,True,2.5087026156539047
71,4,512,2,512,inf,False,4,RS,2,True,True,True,12,4,inf,1,26,1,inf,False,False,inf
72,2,16,16,128,inf,False,32,RS,32,True,False,True,25,27,inf,1,13,1,inf,False,False,inf
73,2,16,2,16,0.8676780173371523,False,256,RS,1,True,False,False,9,30,0.03230274787521953,10,11,1,0.8876991000000001,True,True,0.9077201826628478
74,8,4,1024,1024,4.418512780757011,False,1024,RS,16,True,False,False,8,5,0.0001988064385274943,10,1,28,4.418636,True,False,4.41875921924299
75,4,128,2,512,inf,False,32,RS,4,True,False,True,2,30,inf,1,1,17,inf,False,True,inf
76,8,64,4,128,4.215551751987348,False,1024,RS,2,False,False,False,12,27,0.046915910094551184,10,26,1,4.244629999999999,True,True,4.27370824801265
77,2,1,2,128,inf,False,512,RS,16,False,True,True,4,8,inf,1,30,1,inf,False,False,inf
78,8,512,4,1,inf,False,32,RS,2,True,False,True,7,6,inf,1,30,1,inf,False,False,inf
79,2,2,8,512,12.066371890586687,False,2048,RS,1,True,False,False,5,12,0.02924855551988867,10,1,30,12.084499999999998,True,True,12.10262810941331
80,1,32,256,256,inf,False,2048,RS,32,False,True,True,14,27,inf,1,1,16,inf,False,True,inf
81,4,4,256,128,4.9268518596386235,False,1,RS,32,True,True,False,27,14,0.00013898201322480556,10,16,1,4.926938,True,False,4.927024140361376
82,16,16,1024,128,inf,False,2048,RS,2,False,False,True,17,13,inf,1,1,29,inf,False,False,inf
83,16,16,4,1024,0.24036153821399445,False,1,RS,4,True,True,False,6,18,0.030783663617087557,10,11,1,0.2594411,True,True,0.27852066178600554
84,4,64,1024,512,3.3787840777318374,False,1024,RS,1,True,False,False,2,29,0.022152359332585803,10,28,1,3.392514,True,True,3.406243922268162
85,2,4,32,512,9.250257470214962,False,128,RS,8,True,False,False,26,7,0.0003654914499681079,10,24,1,9.250484000000002,True,False,9.250710529785042
86,2,32,1,256,inf,False,64,RS,32,True,True,True,9,25,inf,1,14,1,inf,False,False,inf
87,1,32,4,32,7.078685011244458,False,2048,RS,8,False,False,False,16,28,0.0061471753675977295,10,19,1,7.082495,True,True,7.086304988755542
88,16,32,128,512,3.981383438553437,False,2048,RS,1,False,False,True,1,22,0.0002703497734416693,10,28,1,3.9815510000000005,True,False,3.981718561446564
89,8,32,16,512,3.819353417416622,False,2048,RS,1,False,False,False,25,13,0.0004059125521586908,10,1,11,3.819605,True,False,3.819856582583378
90,4,16,256,32,2.7015640383787005,False,2048,RS,2,True,False,False,10,21,0.00026776855677988244,10,15,1,2.70173,True,False,2.7018959616212994
91,4,1,1,2048,inf,False,1,RS,16,True,True,True,20,6,inf,1,11,1,inf,False,True,inf
92,1,64,256,1,2.1131912358759455,False,512,RS,16,False,True,False,15,17,0.043107418955442046,10,1,25,2.139909,True,True,2.166626764124054
93,1,32,512,32,4.542041339770612,False,1,RS,2,False,True,False,11,13,0.000686775800389073,10,1,17,4.542467,True,False,4.542892660229389
94,1,32,64,1024,3.2391325907884494,False,128,RS,8,False,False,True,2,26,0.0004185403206383138,10,1,23,3.239392,True,False,3.2396514092115507
95,8,2,4,128,inf,False,256,RS,2,True,True,True,2,24,inf,1,1,28,inf,False,False,inf
96,32,2,16,32,inf,False,1024,RS,1,True,True,True,14,10,inf,1,1,4,inf,False,False,inf
97,4,2,16,16,0.45189933244081354,False,32,RS,4,True,True,False,2,6,0.020955262437154055,10,20,1,0.4648873,True,True,0.47787526755918647
98,2,512,32,2048,inf,False,1024,RS,4,True,True,True,15,3,inf,1,3,1,inf,False,True,inf
99,1,2,4,2048,inf,False,128,RS,2,True,True,True,1,9,inf,1,21,1,inf,False,True,inf
100,8,8,128,2048,inf,False,256,RS,2,True,True,True,28,7,inf,1,1,28,inf,False,False,inf
101,1,8,16,16,7.437586593275867,False,512,RS,8,True,False,False,28,12,0.0007912401658156661,10,1,6,7.438077,True,False,7.4385674067241325
102,16,8,2,128,4.71436755705557,False,2048,RS,2,False,True,False,17,28,0.0010881709424533518,10,4,1,4.715042,True,False,4.715716442944431
103,2,2,64,512,inf,False,2048,RS,32,False,False,True,27,3,inf,1,1,8,inf,False,True,inf
104,8,128,4,256,inf,False,1,RS,8,True,False,True,17,14,inf,1,1,23,inf,False,False,inf
105,8,8,128,2048,2.518426219616839,False,512,RS,4,False,True,False,28,29,0.00023036709834528974,10,29,1,2.518569,True,False,2.5187117803831605
106,2,1,512,4,inf,False,512,RS,2,False,False,True,1,17,inf,1,28,1,inf,False,True,inf
107,2,512,2,1,inf,False,512,RS,16,True,True,True,8,30,inf,1,1,3,inf,False,False,inf
108,1,2,1,2,10.059057631178952,False,4,RS,2,False,True,True,9,24,0.001859274051881592,10,9,1,10.060210000000001,True,False,10.061362368821051
109,8,256,512,2048,4.63571430659347,False,2048,RS,16,True,False,False,5,29,0.1240550333561681,10,1,7,4.712603,True,True,4.7894916934065295
110,1,64,1,1024,inf,False,512,RS,32,True,False,True,22,22,inf,1,1,14,inf,False,True,inf
111,16,32,16,64,inf,False,1,RS,4,False,True,True,29,10,inf,1,1,13,inf,False,True,inf
112,8,16,64,128,5.354116289120028,False,2048,RS,16,True,True,False,6,14,0.00032706115636070066,10,1,18,5.354319,True,False,5.354521710879973
113,1,1,2,128,inf,False,16,RS,16,True,True,True,30,13,inf,1,1,16,inf,False,False,inf
114,1,256,1,1024,2.5842501458500764,False,1024,RS,8,False,True,False,16,19,0.06235586304430405,10,1,20,2.6228979999999997,True,True,2.661545854149923
115,2,512,2048,2048,2.08988845971119,False,1,RS,2,True,False,True,19,8,9.445104552093713e-05,10,4,1,2.089947,True,False,2.09000554028881
116,16,256,512,256,inf,False,512,RS,4,False,True,True,1,15,inf,1,1,28,inf,False,True,inf
117,2,2,1,32,43.0600792242984,False,4,RS,8,False,False,False,22,11,0.00046914816422885855,10,1,29,43.06037,True,False,43.0606607757016
118,8,128,32,256,3.5835185578568267,False,1024,RS,1,False,True,False,29,1,0.0006122058477342802,10,1,19,3.583898,True,False,3.5842774421431733
119,4,1024,64,1,0.8779057093650628,False,256,RS,8,False,False,False,26,29,0.024477109115457252,10,14,1,0.8930764999999999,True,True,0.908247290634937
120,8,512,2,512,inf,False,256,RS,2,False,False,True,7,3,inf,1,27,1,inf,False,True,inf
121,16,2,128,1,2.9570323926109214,False,1024,RS,1,False,False,True,20,19,0.07334135483477248,10,12,1,3.0024889999999997,True,True,3.047945607389078
122,4,4,2,512,inf,False,32,RS,1,False,False,True,5,10,inf,1,1,19,inf,False,True,inf
123,8,8,4,128,inf,False,16,RS,16,True,True,True,18,25,inf,1,1,27,inf,False,False,inf
124,2,2,4,16,22.556673439011124,False,2048,RS,16,False,False,False,18,16,0.04646142593593083,10,24,1,22.58547,True,True,22.614266560988877
125,2,16,4,256,4.040711072703455,False,64,RS,2,False,True,False,12,5,0.0002322175703947064,10,1,29,4.040855,True,False,4.0409989272965445
126,1,512,4,1,0.23412195000166663,False,8,RS,16,False,False,False,19,27,0.03122491951310683,10,27,1,0.253475,True,True,0.2728280499983334
127,1,2,128,2,inf,False,2048,RS,16,False,True,True,6,18,inf,1,5,1,inf,False,False,inf
128,4,2,64,256,inf,False,1024,RS,1,False,False,True,12,20,inf,1,1,26,inf,False,True,inf
129,8,2048,4,2048,3.076031842239555,False,512,RS,16,True,True,False,1,4,0.00011480853626806379,10,9,1,3.0761030000000003,True,False,3.0761741577604456
130,1,32,256,32,3.6031537515011536,False,256,RS,4,True,True,False,16,10,0.000129475866477111,10,1,22,3.6032339999999996,True,False,3.6033142484988456
131,2,8,2,16,inf,False,128,RS,4,False,True,True,22,3,inf,1,13,1,inf,False,False,inf
132,8,8,8,16,0.2647266046844179,False,32,RS,1,True,True,False,3,11,0.04857524463149928,10,1,25,0.29483329999999996,True,True,0.32493999531558204
133,1,32,1,2048,0.3251896619656065,False,16,RS,16,True,True,False,22,17,0.06796914437625355,10,1,20,0.3673166,True,True,0.4094435380343935
134,2,2048,2,1,inf,False,1,RS,8,False,False,True,9,16,inf,1,1,20,inf,False,False,inf
135,4,512,256,1024,inf,False,256,RS,4,False,False,True,29,18,inf,1,14,1,inf,False,True,inf
136,4,1,16,2,inf,False,1,RS,16,True,False,True,10,29,inf,1,1,8,inf,False,False,inf
137,16,8,1,64,inf,False,2048,RS,8,True,False,True,1,2,inf,1,1,28,inf,False,True,inf
138,32,16,8,1,inf,False,1024,RS,2,False,True,True,24,30,inf,1,14,1,inf,False,True,inf
139,1,2,2,8,inf,False,1,RS,1,False,True,True,3,11,inf,1,1,27,inf,False,True,inf
140,16,16,4,64,7.3567299559602315,False,512,RS,8,False,False,False,19,15,0.001879724713887693,10,25,1,7.357894999999999,True,False,7.359060044039767
141,2,1,4,2048,inf,False,1,RS,4,True,True,True,21,19,inf,1,17,1,inf,False,True,inf
142,32,2,4,2,1.1717527885469905,False,1,RS,4,True,True,False,7,20,0.04830340659829285,10,18,1,1.2016909999999998,True,True,1.2316292114530092
143,2,2,32,4,1.0168959179409884,False,1,RS,4,False,True,False,8,30,0.01805287470183072,10,25,1,1.028085,True,True,1.0392740820590114
144,8,4,4,1024,6.931680689300799,False,1024,RS,4,False,True,False,27,17,0.00022638241981211906,10,9,1,6.931820999999999,True,False,6.9319613106992
145,4,1,2,32,0.3040182983496187,False,1,RS,1,False,False,False,19,27,0.016240210272345616,10,20,1,0.3140839,True,True,0.32414950165038137
146,1,1024,32,1024,inf,False,128,RS,32,True,True,True,29,5,inf,1,1,25,inf,False,False,inf
147,1,64,1,128,inf,False,128,RS,16,False,False,True,4,8,inf,1,1,30,inf,False,False,inf
148,1,2,8,2048,inf,False,2048,RS,32,True,True,True,18,22,inf,1,1,7,inf,False,False,inf
149,8,128,256,512,inf,False,1,RS,4,False,False,True,1,10,inf,1,9,1,inf,False,False,inf
150,4,2,4,512,1.2992957966904841,False,256,RS,32,True,False,False,2,14,0.0672741811990306,10,20,1,1.3409920000000002,True,True,1.3826882033095163
151,1,16,64,1024,1.5515527336146617,False,128,RS,4,False,False,False,2,6,0.014845660106576604,10,1,25,1.560754,True,True,1.5699552663853382
152,2,1,128,128,1.4440242516227508,False,1024,RS,1,False,False,True,24,22,0.016789015456541774,10,1,7,1.45443,True,True,1.464835748377249
153,32,1,8,128,0.21116523760118538,False,16,RS,2,False,False,False,4,3,0.0242305304432239,10,14,1,0.2261832,True,True,0.24120116239881462
154,2,16,64,2048,inf,False,64,RS,4,True,True,True,10,27,inf,1,1,21,inf,False,True,inf
155,8,4,256,2048,3.2759652718059886,False,512,RS,1,False,True,False,27,5,0.0008095066398740214,10,29,1,3.2764670000000002,True,False,3.276968728194012
156,2,1,2,2,0.8956861707270631,False,4,RS,16,True,True,False,11,18,0.06582019401034914,10,1,24,0.9364812,True,True,0.9772762292729369
157,8,1,64,256,inf,False,64,RS,4,False,True,True,9,20,inf,1,1,20,inf,False,True,inf
158,32,4,256,256,24.519127745298047,False,1024,RS,1,True,True,False,29,27,1.2767644357515604,10,17,1,25.31046,True,True,26.10179225470195
159,8,64,64,128,inf,False,256,RS,16,False,False,True,7,9,inf,1,1,23,inf,False,True,inf
160,4,1,1,256,inf,False,2048,RS,32,False,False,True,16,24,inf,1,1,30,inf,False,False,inf
161,1,256,512,512,3.9462594698203817,False,2048,RS,1,False,True,False,10,12,0.011733766488216793,10,1,13,3.953532,True,True,3.9608045301796184
162,8,1,16,32,inf,False,128,RS,2,True,False,True,1,16,inf,1,1,9,inf,False,True,inf
163,1,4,1,128,inf,False,64,RS,8,False,True,True,27,16,inf,1,1,28,inf,False,False,inf
164,16,64,2,128,inf,False,8,RS,8,True,True,True,3,9,inf,1,1,7,inf,False,True,inf
165,4,1,4,1,inf,False,1024,RS,16,False,False,True,23,2,inf,1,1,20,inf,False,True,inf
166,1,128,1,512,0.351831693159555,False,1,RS,16,True,False,False,20,29,0.03508661042278093,10,27,1,0.3735782,True,True,0.3953247068404451
167,1,2,8,64,5.51367065616724,False,512,RS,1,False,True,True,30,17,0.005805699699433166,10,11,1,5.517269000000001,True,False,5.520867343832761
168,32,4,1,8,12.097217207170853,False,2048,RS,4,False,False,False,6,6,0.03327356909019543,10,10,1,12.11784,True,True,12.138462792829145
169,4,2,1024,1024,inf,False,1,RS,16,True,False,True,26,25,inf,1,28,1,inf,False,False,inf
170,1,64,1024,128,3.3942456540326327,False,1,RS,4,True,False,False,24,25,0.00017642278764380662,10,17,1,3.3943549999999996,True,False,3.3944643459673665
171,32,512,128,2048,2.24111549861361,False,512,RS,4,True,True,False,17,9,0.01640623247427634,10,2,1,2.2512840000000005,True,True,2.261452501386391
172,1,1,16,16,inf,False,64,RS,2,True,False,True,5,22,inf,1,28,1,inf,False,True,inf
173,4,256,8,256,inf,False,1,RS,8,False,True,True,26,27,inf,1,1,11,inf,False,True,inf
174,1,8,512,16,8.193917468182192,False,1024,RS,1,False,True,True,29,10,0.0011302636860486964,10,1,5,8.194618,True,False,8.195318531817808
175,8,1,1,1,inf,False,1,RS,4,False,False,True,5,11,inf,1,5,1,inf,False,True,inf
176,8,8,64,256,inf,False,128,RS,4,True,True,True,24,27,inf,1,1,12,inf,False,True,inf
177,1,4,1024,4,7.997048468696867,False,1024,RS,4,False,False,True,25,14,0.033428037049758205,10,1,2,8.017767,True,True,8.038485531303133
178,2,1024,8,1024,inf,False,128,RS,2,True,False,True,6,19,inf,1,1,11,inf,False,False,inf
179,4,128,8,2048,inf,False,512,RS,8,True,True,True,20,25,inf,1,1,16,inf,False,False,inf
180,16,128,2,512,inf,False,1024,RS,1,False,False,True,13,14,inf,1,16,1,inf,False,True,inf
181,8,64,16,256,inf,False,64,RS,16,True,False,True,2,9,inf,1,4,1,inf,False,False,inf
182,1,2,1,1024,23.719401649831035,False,2048,RS,32,True,True,False,11,18,0.0006749814812279068,10,1,15,23.71982,True,False,23.720238350168962
183,16,1,128,128,4.150811062122768,False,2048,RS,2,True,True,False,3,9,0.10808724559817405,10,1,8,4.217803,True,True,4.284794937877232
184,16,128,4,128,inf,False,8,RS,2,False,True,True,10,24,inf,1,21,1,inf,False,True,inf
185,4,8,1,32,0.33049002110770564,False,4,RS,8,False,True,False,24,20,0.048341269824136814,10,19,1,0.36045170000000004,True,True,0.39041337889229444
186,16,2,8,4,inf,False,512,RS,4,True,True,False,17,13,inf,1,1,29,inf,False,True,inf
187,2,64,8,1024,4.0447424451864045,False,128,RS,16,False,False,False,8,21,0.00011867602959315106,10,1,7,4.044816,True,False,4.0448895548135955
188,4,1024,8,1024,inf,False,64,RS,32,False,True,False,5,24,inf,1,1,4,inf,False,False,inf
189,2,1,1,32,inf,False,256,RS,32,False,False,True,13,5,inf,1,1,5,inf,False,False,inf
190,1,128,16,1024,inf,False,1,RS,16,True,True,True,18,13,inf,1,28,1,inf,False,False,inf
191,1,1,128,8,1.026153117936783,False,1,RS,32,False,False,False,25,15,0.045881106786998936,10,9,1,1.0545900000000001,True,True,1.0830268820632172
192,2,32,64,256,4.373317396175097,False,1024,RS,8,False,False,False,23,11,0.0007867178655656636,10,1,11,4.373805,True,False,4.374292603824903
193,8,32,512,128,3.846792140607374,False,1024,RS,1,False,True,False,14,20,0.025637280979074157,10,1,26,3.8626820000000004,True,True,3.878571859392627
194,4,2,64,512,inf,False,64,RS,32,False,True,True,11,14,inf,1,23,1,inf,False,True,inf
195,16,1,8,1,2.3096583629804748,False,256,RS,4,True,True,False,9,9,0.00014462364951832663,10,1,26,2.309748,True,False,2.309837637019525
196,4,16,64,2048,inf,False,128,RS,32,False,False,True,30,2,inf,1,1,29,inf,False,False,inf
197,4,256,16,256,inf,False,64,RS,16,True,True,True,25,20,inf,1,1,28,inf,False,False,inf
198,16,2,8,8,inf,False,32,RS,1,True,False,True,25,9,inf,1,7,1,inf,False,False,inf
199,1,8,64,256,inf,False,1,RS,16,False,True,True,20,26,inf,1,15,1,inf,False,True,inf
200,1,128,16,2048,0.4364326294505366,False,128,RS,4,True,False,False,20,2,0.03484243890946786,10,18,1,0.4580278,True,True,0.47962297054946335
201,1,32,1,64,0.1900507968292348,False,2,RS,2,True,True,False,7,5,0.03693544152111898,10,22,1,0.2129432,True,True,0.23583560317076518
202,8,4,128,1024,0.7064404495711389,False,256,RS,1,False,True,True,17,29,0.023158705185955444,10,13,1,0.7207941,True,True,0.735147750428861
203,2,1,32,256,4.740763614151518,False,2048,RS,16,True,True,False,19,12,0.019841052618245848,10,1,28,4.753061000000001,True,True,4.765358385848483
204,1,64,8,1024,inf,False,16,RS,16,True,False,True,3,27,inf,1,20,1,inf,False,False,inf
205,32,2,2,32,0.7334224035494358,False,8,RS,1,True,False,False,27,18,0.02090932610798349,10,1,17,0.7463819,True,True,0.7593413964505643
206,16,1,2,8,inf,False,64,RS,8,True,True,True,16,14,inf,1,24,1,inf,False,True,inf
207,32,32,16,1,inf,False,2048,RS,4,False,True,True,13,28,inf,1,17,1,inf,False,False,inf
208,4,4,32,4,3.1014188861173295,False,2048,RS,4,True,False,False,3,16,0.00020831706603151307,10,26,1,3.101548,True,False,3.101677113882671
209,32,2,128,128,inf,False,1024,RS,1,False,True,True,29,29,inf,1,6,1,inf,False,False,inf
210,8,2,256,32,3.3950491566128975,False,1024,RS,1,False,True,False,26,3,0.017066679847000117,10,9,1,3.4056270000000004,True,True,3.4162048433871033
211,2,1,32,128,3.6867040426563578,False,1024,RS,1,False,False,True,28,19,0.03679435322165615,10,30,1,3.7095089999999997,True,True,3.7323139573436417
212,16,1,8,512,2.5514568746756274,False,32,RS,8,True,True,False,13,1,0.00022285645604283626,10,1,9,2.551595,True,False,2.5517331253243722
213,8,2,16,2048,inf,False,128,RS,16,True,False,True,8,30,inf,1,1,26,inf,False,False,inf
214,2,1,2,1,inf,False,1024,RS,16,True,False,True,8,19,inf,1,1,11,inf,False,True,inf
215,2,256,256,2048,1.0685933439532949,False,256,RS,16,True,True,False,25,30,0.016014416911021116,10,1,6,1.078519,True,True,1.0884446560467052
216,8,8,1,1,inf,False,512,RS,8,False,True,True,28,1,inf,1,1,30,inf,False,False,inf
217,16,2,32,16,5.012149569361768,False,1,RS,4,False,True,False,20,6,0.00029272683512111293,10,1,21,5.012330999999999,True,False,5.012512430638229
218,8,4,16,1024,0.3493077564817342,False,16,RS,16,True,False,False,27,4,0.035841112562112254,10,1,19,0.37152189999999996,True,True,0.39373604351826574
219,1,1,1,1024,inf,False,2,RS,32,True,True,True,20,15,inf,1,27,1,inf,False,False,inf
220,1,64,16,128,inf,False,1,RS,2,True,False,True,2,10,inf,1,1,25,inf,False,False,inf
221,32,512,128,2048,3.7575101750309376,False,1024,RS,4,False,True,False,8,7,0.04308331557575395,10,1,11,3.784213,True,True,3.810915824969062
222,2,32,256,1024,1.0286738519309315,False,1,RS,4,True,True,False,1,14,0.0494872441216926,10,1,12,1.0593457999999998,True,True,1.090017748069068
223,4,256,1024,1024,2.508268187303263,False,1,RS,4,True,True,True,23,25,0.0311099826422323,10,7,1,2.5275499999999997,True,True,2.5468318126967366
224,1,2,4,2,1.3380672286810433,False,8,RS,1,False,False,True,15,30,0.018104003314184422,10,1,12,1.349288,True,True,1.3605087713189568
225,1,2,16,64,inf,False,16,RS,4,False,True,True,25,3,inf,1,30,1,inf,False,True,inf
226,4,256,64,1024,0.32254855322181264,False,1,RS,16,False,True,False,11,10,0.01404052359992318,10,30,1,0.3312508,True,True,0.3399530467781874
227,16,1,64,4,2.0444490287676715,False,256,RS,4,False,False,False,20,8,0.03704284486915117,10,6,1,2.067408,True,True,2.0903669712323283
228,8,2,4,8,inf,False,1024,RS,8,True,True,True,20,6,inf,1,2,1,inf,False,True,inf
229,1,16,8,128,inf,False,8,RS,1,True,True,True,3,3,inf,1,23,1,inf,False,False,inf
230,2,2,2,8,6.354839803923217,False,512,RS,4,False,True,False,24,15,0.08189997246031275,10,1,29,6.405600999999999,True,True,6.456362196076781
231,1,512,32,512,inf,False,512,RS,16,True,False,True,9,23,inf,1,1,25,inf,False,False,inf
232,8,64,128,64,inf,False,128,RS,4,True,True,True,13,29,inf,1,15,1,inf,False,False,inf
233,1,4,8,8,0.9360288948348454,False,16,RS,1,True,True,True,23,14,0.017856395402208118,10,1,9,0.9470962,True,True,0.9581635051651547
234,32,16,1,32,2.490706881557368,False,512,RS,2,False,False,False,30,26,0.09018161735631051,10,11,1,2.546601,True,True,2.602495118442632
235,8,1,64,256,4.452179101658834,False,128,RS,16,False,True,False,17,20,0.0005209760071250292,10,20,1,4.452502,True,False,4.452824898341166
236,2,2,256,8,24.697452923171614,False,1024,RS,4,False,False,False,16,18,0.020808616003953954,10,28,1,24.71035,True,True,24.723247076828383
237,8,16,512,1024,3.1834388724359406,False,512,RS,4,False,True,False,13,24,0.0004374471396637753,10,4,1,3.18371,True,False,3.1839811275640595
238,1,2,32,256,inf,False,1,RS,4,False,True,True,3,5,inf,1,1,12,inf,False,True,inf
239,16,2,32,16,12.219520661004553,False,1024,RS,4,False,False,False,13,14,0.0369627664007984,10,11,1,12.242430000000002,True,True,12.265339338995451
240,2,2,16,128,0.8287768470488489,False,16,RS,32,False,True,False,15,7,0.018790168271997996,10,30,1,0.8404229000000001,True,True,0.8520689529511513
241,1,8,1,1,8.031922534426917,False,2,RS,1,True,True,False,19,14,0.00038636252406240926,10,16,1,8.032162,True,False,8.032401465573082
242,2,8,2048,256,14.396049584540945,False,2048,RS,1,False,False,False,30,21,0.00027495454169742026,10,1,22,14.39622,True,False,14.396390415459054
243,32,16,4,2048,inf,False,8,RS,4,False,False,True,6,23,inf,1,18,1,inf,False,True,inf
244,32,128,256,256,inf,False,256,RS,4,True,False,False,15,24,inf,1,1,11,inf,False,False,inf
245,1,1,16,8,inf,False,64,RS,32,True,True,True,6,28,inf,1,8,1,inf,False,True,inf
246,1,64,2,1,3.9020038554078407,False,4,RS,16,True,True,False,11,4,0.00014060227594182964,10,6,1,3.902091,True,False,3.9021781445921593
247,2,32,128,2048,0.9153343592650269,False,1,RS,32,False,True,False,5,22,0.018495373692088517,10,23,1,0.9267976999999998,True,True,0.9382610407349727
248,8,2,64,128,inf,False,64,RS,1,False,True,True,12,4,inf,1,1,21,inf,False,False,inf
249,4,8,512,128,inf,False,1024,RS,4,False,False,True,24,11,inf,1,1,3,inf,False,True,inf
250,16,2,16,512,1.1650780638954794,False,256,RS,1,True,True,False,14,7,0.014407885896272251,10,10,1,1.174008,True,True,1.1829379361045205
251,8,2,4,32,inf,False,64,RS,8,False,True,True,29,17,inf,1,1,2,inf,False,True,inf
252,8,4,32,8,inf,False,2048,RS,2,True,False,True,20,18,inf,1,1,21,inf,False,True,inf
253,8,1,8,512,2.834034154561759,False,16,RS,4,True,True,False,5,18,0.0012098280869611453,10,17,1,2.834784,True,False,2.835533845438241
254,16,16,512,1024,inf,False,1,RS,8,True,True,True,11,26,inf,1,1,27,inf,False,True,inf
255,8,4,16,8,inf,False,256,RS,16,True,True,True,12,19,inf,1,1,7,inf,False,False,inf
256,2,16,2,512,2.851283554213729,False,16,RS,8,True,True,False,12,12,0.0001846510222013512,10,27,1,2.8513979999999997,True,False,2.85151244578627
257,2,8,32,512,0.5003466220015811,False,32,RS,1,False,False,False,24,15,0.056730009383394245,10,27,1,0.5355076,True,True,0.5706685779984189
258,2,256,64,1,inf,False,512,RS,16,False,True,True,7,15,inf,1,1,2,inf,False,True,inf
259,2,1,2,4,inf,False,64,RS,2,True,True,True,30,11,inf,1,1,24,inf,False,False,inf
260,1,8,1,16,27.622101239044934,False,1024,RS,2,False,False,False,14,2,0.018730000000000115,10,1,28,27.633709999999997,True,True,27.64531876095506
261,8,8,2048,1024,inf,False,1,RS,1,False,True,True,1,2,inf,1,1,28,inf,False,False,inf
262,2,128,64,256,inf,False,1024,RS,1,True,False,True,11,29,inf,1,1,15,inf,False,False,inf
263,2,16,8,64,6.559104279222137,False,128,RS,8,False,False,False,12,22,0.0004593789285547609,10,26,1,6.559389,True,False,6.559673720777864
264,8,32,64,512,0.2863979235901405,False,64,RS,4,False,True,False,30,11,0.026638284512333,10,1,12,0.3029082,True,True,0.31941847640985954
265,1,2,32,1,inf,False,128,RS,8,True,False,True,20,9,inf,1,8,1,inf,False,True,inf
266,8,8,8,1,inf,False,1024,RS,8,True,False,True,7,5,inf,1,15,1,inf,False,True,inf
267,2,1,32,1024,inf,False,64,RS,4,True,False,True,26,14,inf,1,9,1,inf,False,False,inf
268,2,4,4,4,inf,False,2048,RS,4,False,True,True,9,3,inf,1,3,1,inf,False,True,inf
269,2,512,1,2048,3.3053684225265147,False,512,RS,16,False,True,False,8,13,0.0005188448708428729,10,17,1,3.30569,True,False,3.306011577473485
270,2,32,8,256,2.6371682224199917,False,1024,RS,4,True,True,False,4,29,0.037668545830706085,10,8,1,2.660515,True,True,2.6838617775800087
271,2,2,1,4,inf,False,2048,RS,8,True,False,True,13,18,inf,1,1,18,inf,False,False,inf
272,8,8,1024,1,3.237237380621704,False,1024,RS,4,False,True,False,24,1,0.00014136831328128137,10,1,9,3.2373250000000007,True,False,3.2374126193782975
273,16,16,32,64,3.99279043782344,False,128,RS,1,True,True,False,8,6,0.00025583002169412856,10,1,30,3.9929490000000003,True,False,3.9931075621765606
274,2,2,512,512,35.075079471749774,False,1024,RS,1,False,False,True,19,26,0.02396038605699055,10,1,4,35.089929999999995,True,True,35.10478052825022
275,1,4,4,32,inf,False,64,RS,4,True,False,True,17,10,inf,1,5,1,inf,False,False,inf
276,2,128,1024,1024,inf,False,1024,RS,1,True,True,True,24,3,inf,1,13,1,inf,False,True,inf
277,2,64,2,256,inf,False,512,RS,32,False,False,True,1,7,inf,1,8,1,inf,False,True,inf
278,4,32,1,32,inf,False,512,RS,4,False,True,True,11,17,inf,1,29,1,inf,False,True,inf
279,32,32,16,256,3.3482154330132863,False,128,RS,2,False,True,False,7,20,0.00017839282496783814,10,22,1,3.348326,True,False,3.348436566986714
280,16,64,1,2048,inf,False,1,RS,2,True,False,True,21,16,inf,1,1,8,inf,False,True,inf
281,1,16,32,64,inf,False,1024,RS,32,False,True,True,14,6,inf,1,8,1,inf,False,True,inf
282,1,16,2,256,0.3613691151442785,False,8,RS,8,False,True,False,19,6,0.04743985240797024,10,1,19,0.39077210000000007,True,True,0.42017508485572164
283,4,1,2048,1,inf,False,1,RS,16,False,True,True,18,2,inf,1,1,18,inf,False,True,inf
284,4,8,1,512,inf,False,256,RS,32,False,True,True,9,9,inf,1,24,1,inf,False,True,inf
285,1,8,32,16,inf,False,256,RS,2,False,False,True,19,18,inf,1,10,1,inf,False,True,inf
286,32,1,256,32,inf,False,2048,RS,2,True,True,False,24,7,inf,1,1,30,inf,False,True,inf
287,8,32,2,32,inf,False,8,RS,16,False,True,True,4,4,inf,1,29,1,inf,False,True,inf
288,2,16,8,64,inf,False,128,RS,2,False,True,True,14,21,inf,1,1,13,inf,False,False,inf
289,1,1024,1024,1024,2.2500617558705764,False,1,RS,2,False,False,False,15,26,0.06570598666788284,10,1,15,2.2907859999999998,True,True,2.331510244129423
290,2,1,2048,64,inf,False,2048,RS,4,False,True,True,7,6,inf,1,6,1,inf,False,True,inf
291,8,1,1024,2,inf,False,1024,RS,16,False,False,False,25,28,inf,1,1,30,inf,False,False,inf
292,2,256,16,1,inf,False,32,RS,8,True,False,True,14,17,inf,1,21,1,inf,False,True,inf
293,2,8,4,8,inf,False,2048,RS,4,True,False,True,26,10,inf,1,23,1,inf,False,True,inf
294,8,8,16,64,1.5069832660237181,False,512,RS,16,True,True,False,18,26,0.08586989440426715,10,1,1,1.560205,True,True,1.613426733976282
295,32,32,4,1,3.430853416613723,False,1,RS,4,False,True,False,2,12,0.00012517587627011617,10,1,7,3.4309309999999997,True,False,3.4310085833862765
296,2,4,2,128,0.7850234144294861,False,32,RS,1,False,False,False,7,12,0.045142319818990265,10,16,1,0.8130024,True,True,0.8409813855705139
297,1,16,1,128,inf,False,1,RS,8,True,True,True,7,10,inf,1,19,1,inf,False,True,inf
298,8,512,1,1,inf,False,1024,RS,4,False,True,True,26,5,inf,1,1,16,inf,False,False,inf
299,8,2048,1024,2048,inf,False,2048,RS,1,True,True,True,17,9,inf,1,1,21,inf,False,True,inf
300,32,128,2048,256,inf,False,1,RS,4,True,True,False,22,18,inf,1,1,19,inf,False,True,inf
301,1,1,1,1,1.9242654595462376,True,1,RS,1,False,False,False,1,1,0.0011173701266813843,10,1,1,1.9249580000000002,True,False,1.9256505404537627
