id,T5_I,T1_Ja,technique,RT1_J,RT7_I,VEC10,RT7_J,T5_J,VEC9,T3_J,T3_I,RT1_I,VEC6,mean_confidence_interval_inf,T1_I,T1_J,T5_Ia,T3_Ja,VEC7,VEC4,VEC5,T7_J,VEC3,T7_I,VEC2,T7_Ia,VEC8,U10_I,U6_I,T1_Ia,VEC1,U5_J,U5_I,U1_J,U1_I,U8_I,U7_I,U7_J,cost_std,runs,mean_confidence_interval_sup,U2_I,cost_mean,U9_I,RT3_I,RT3_J,correct_result,T7_Ja,T5_Ja,U4_I,T3_Ia,SCR,U3_I,RT5_J,RT5_I,U3_J
1,64,2048,DLMT,1,1,False,32,512,True,64,32,32,False,0.14136129131247052,1,16,1,64,True,True,False,64,True,512,False,1,False,1,16,64,False,1,16,1,16,16,8,1,0.00019980538694705285,35,0.14149368011610094,1,0.14142748571428573,16,1,32,True,2048,1024,16,1,True,1,8,8,8
2,512,2048,DLMT,32,8,True,8,16,True,16,16,1,False,0.13286983443913372,512,256,1024,256,True,False,False,1,True,1,True,64,False,1,4,1024,True,16,1,4,1,1,1,16,5.086495927092282e-05,35,0.13290353698943771,4,0.13288668571428572,8,8,1,True,1024,2048,4,64,True,4,1,32,1
3,512,2048,DLMT,1,8,False,1,32,False,64,512,8,False,0.12219568074621294,16,1,2048,2048,False,False,True,128,False,128,True,256,True,1,1,256,True,1,12,1,4,4,1,16,4.684430137624691e-05,35,0.12222671925378704,8,0.12221119999999999,1,1,32,True,512,128,12,512,False,16,8,1,1
4,512,1,DLMT,1,8,True,8,512,True,1,1,8,True,0.14685920405023817,512,32,2048,512,False,False,False,256,True,128,True,512,False,12,8,1,True,4,1,16,1,12,16,1,0.00014366663794055518,35,0.14695439594976184,12,0.1469068,1,32,1,True,2048,1,1,1024,False,4,32,1,1
5,64,256,DLMT,1,8,True,8,32,True,32,128,1,False,0.1374469240889339,16,256,2048,64,True,True,True,1,False,256,False,1,False,1,4,2048,True,1,1,1,1,8,1,1,0.00020815815023727543,35,0.1375848473396375,8,0.1375158857142857,16,32,1,True,256,2048,1,1,False,4,1,1,1
6,256,1,DLMT,1,1,True,32,1,False,16,16,8,False,0.14808197988818944,512,512,512,1024,True,False,True,32,True,512,True,2048,True,8,12,1,True,8,1,1,1,12,4,1,4.0594359716791115e-05,35,0.1481088772546677,16,0.14809542857142857,16,32,1,True,512,2048,16,1,True,1,1,32,16
7,1,2048,DLMT,8,1,True,8,32,True,128,128,8,False,0.11928676767087573,16,256,128,1024,True,False,True,16,False,32,True,1,False,16,16,128,True,1,1,1,1,1,16,1,3.96825772698235e-05,35,0.11931306090055285,16,0.11929991428571429,4,1,1,True,1,64,1,512,False,1,32,1,16
8,32,1024,DLMT,8,1,True,1,128,True,512,32,8,False,0.08352567912172698,32,32,256,2048,True,True,False,512,False,1,False,1,True,12,1,1,True,1,12,4,1,4,1,8,8.165640127624965e-05,35,0.08357978373541586,8,0.08355273142857142,8,1,8,True,512,1,1,128,True,1,1,8,4
9,256,2048,DLMT,1,1,False,32,16,True,512,512,8,True,0.16883934668157735,256,64,2048,1024,True,False,True,512,False,1,False,512,False,1,16,512,False,8,1,16,1,8,1,16,5.802919743630812e-05,35,0.16887779617556553,16,0.16885857142857144,4,1,32,True,1024,128,16,1,True,16,1,32,1
10,1,1024,DLMT,1,1,True,32,16,True,256,16,32,True,0.15523354942587603,256,1,64,1,False,False,True,32,True,32,False,512,True,4,4,2048,True,1,16,1,12,4,1,8,7.397564960643444e-05,35,0.15528256485983816,1,0.1552580571428571,4,1,32,True,1024,2048,4,1,False,1,8,8,4
11,1,2048,DLMT,8,1,True,1,128,False,512,1,1,True,0.12730077743642323,512,256,1,1024,True,True,True,32,False,256,True,1,True,16,12,2048,False,1,16,12,1,4,1,8,8.639616393600452e-05,35,0.12735802256357678,4,0.1273294,1,1,32,True,1,2048,1,256,True,1,1,32,1
12,128,1024,DLMT,1,8,False,8,32,False,16,64,8,False,0.14557689760384976,32,256,1,2048,False,True,False,16,True,512,False,1,True,16,4,1,True,1,1,1,4,12,1,1,0.0002045296964616469,35,0.14571241668186455,16,0.14564465714285715,1,1,1,True,1,2048,12,512,False,1,1,32,1
13,512,1,DLMT,32,1,False,1,128,True,256,32,1,False,0.11488868534211613,1,1,1024,1,True,True,False,1,True,256,True,2048,False,16,8,1,True,1,4,1,16,8,1,8,8.615669635339299e-05,35,0.11494577180074098,8,0.11491722857142855,8,1,1,True,128,512,12,64,False,16,1,1,1
14,512,128,DLMT,1,32,False,1,16,False,128,128,32,False,0.17128199745724887,64,16,2048,1,True,False,False,16,False,1,False,256,True,1,16,256,True,8,1,16,1,4,12,1,0.00010470523835403549,35,0.17135137397132255,16,0.1713166857142857,4,1,1,True,1024,1024,8,512,True,12,1,8,1
15,16,128,DLMT,1,1,True,1,64,False,1,16,32,False,0.13137299603547392,512,1,256,2048,False,False,False,512,True,64,False,1024,False,8,1,2048,False,16,1,1,12,4,8,1,0.001358665516946234,35,0.13227323253595463,1,0.13182311428571428,16,1,1,True,1,256,12,128,True,16,8,8,1
16,512,512,DLMT,1,1,True,8,1,True,1,16,1,True,0.11481426881631134,1,64,2048,256,True,False,False,1,True,16,False,1,False,16,1,128,False,1,8,16,1,1,16,1,6.611223604675631e-05,35,0.11485807404083152,16,0.11483617142857143,12,8,8,True,256,128,16,1,False,1,1,1,4
17,1,1,DLMT,32,1,False,1,256,False,1,32,1,True,0.09189401039511999,1,256,256,1024,False,True,True,1,True,64,False,1,True,1,1,1024,True,16,1,1,16,8,16,1,4.79449442760401e-05,35,0.09192577817630856,4,0.09190989428571428,4,8,8,True,2048,2048,12,1,True,1,8,1,8
18,256,512,DLMT,8,1,True,1,512,True,64,16,8,False,0.1174193238370374,64,16,256,1,True,False,False,64,False,256,True,2048,True,1,4,1024,False,4,1,16,1,8,1,16,2.636116500476062e-05,35,0.11743679044867691,16,0.11742805714285716,8,32,1,True,256,512,16,64,False,1,8,8,12
19,1,2048,DLMT,32,32,True,1,16,True,128,128,1,False,0.24915681421467764,32,512,1,2048,False,True,True,1,False,64,True,1,False,1,1,1,True,16,1,8,1,1,1,8,0.00026454698128333237,35,0.24933210007103654,8,0.2492444571428571,1,8,8,True,256,64,16,128,False,1,8,1,12
20,1,512,DLMT,32,8,True,1,128,True,256,1,1,True,0.08588861549803364,128,16,2048,256,False,True,True,16,False,128,True,512,True,1,16,256,True,1,4,1,4,4,1,4,2.714526395344228e-05,35,0.08590660164482347,16,0.08589760857142856,12,1,32,True,64,128,16,1024,True,1,8,1,1
21,64,512,DLMT,1,1,False,8,512,False,1,32,1,False,0.16494640926757204,16,64,512,1,False,True,True,16,True,1,False,128,True,16,8,512,False,1,16,1,1,1,16,1,0.0002078147998108129,35,0.16508410501814225,1,0.16501525714285714,1,32,1,True,128,1024,4,256,True,16,8,8,1
22,256,1,DLMT,1,8,True,8,128,False,1,32,1,True,0.09386889094468882,256,512,2048,256,True,True,False,16,True,1,True,128,True,1,16,256,False,4,1,16,1,1,1,16,0.00014111031793802723,35,0.0939623890553112,4,0.09391564000000001,8,1,1,True,64,1,12,1024,True,1,8,8,4
23,256,1024,DLMT,1,8,False,8,512,True,512,64,1,True,0.11883015594942935,512,512,1024,512,False,False,False,16,True,512,True,2048,True,4,4,1024,False,1,4,1,4,12,8,1,6.550426064971107e-05,35,0.11887355833628495,1,0.11885185714285715,1,1,8,True,2048,1,8,64,False,1,8,1,4
24,1,1024,DLMT,1,1,False,8,1,False,64,128,1,True,0.15834696051244754,128,16,64,2048,True,True,False,1,True,1,True,2048,False,12,1,128,True,12,1,1,1,8,1,1,6.885391812247357e-05,35,0.1583925823446953,12,0.15836977142857142,4,32,1,True,2048,64,1,256,True,1,8,1,8
25,1,1,DLMT,1,8,False,8,256,True,16,16,32,False,0.1499682163565412,64,32,512,1,False,True,True,128,True,32,True,512,False,12,16,128,True,1,16,1,4,8,8,1,6.428702220891878e-05,35,0.1500108122148874,12,0.1499895142857143,4,8,1,True,128,2048,12,1,False,1,1,1,16
26,64,1024,DLMT,1,1,False,8,1,False,16,32,8,False,0.16091466643034147,1,64,1,1,True,True,True,512,True,512,False,2048,False,8,12,64,False,12,1,16,1,1,1,1,4.110931172136355e-05,35,0.16094190499823002,16,0.16092828571428575,12,8,8,True,512,2048,1,512,False,1,1,32,1
27,1,512,DLMT,32,8,True,8,512,False,32,128,1,False,0.14464511375915717,1,256,1,2048,True,False,True,32,False,512,False,512,True,16,1,1024,True,1,16,1,16,16,1,16,0.00027597539671470284,35,0.14482797195512848,16,0.14473654285714282,12,32,1,True,512,512,4,1024,False,12,8,1,1
28,1,2048,DLMT,32,8,False,1,1,True,256,16,1,True,0.09154095746953504,128,1,2048,1024,False,False,True,64,True,256,True,1,False,1,4,256,False,4,1,4,1,16,1,1,3.3253857716981636e-05,35,0.09156299110189357,4,0.09155197428571431,1,1,1,True,1024,1024,12,2048,True,1,8,1,12
29,128,64,DLMT,1,32,False,1,256,False,64,64,1,True,0.2420930219257081,16,32,2048,1024,False,True,False,256,False,128,False,128,True,16,1,1024,True,16,1,4,1,4,16,1,0.00011834382975388561,35,0.2421714352171491,1,0.2421322285714286,12,1,1,True,2048,256,8,1024,False,8,1,32,1
30,512,1,DLMT,1,32,False,1,32,False,256,64,1,True,0.14234360629096118,512,16,1,1,False,False,True,32,True,32,True,64,False,16,16,1,True,1,12,1,1,16,1,1,7.44939389398583e-05,35,0.1423929651376102,1,0.1423682857142857,16,8,8,True,64,128,8,256,True,1,1,1,4
31,128,1,DLMT,1,8,True,1,32,True,32,64,1,True,0.14204407993299903,16,1,1024,2048,False,False,False,16,True,512,False,2048,True,16,8,128,False,16,1,1,16,16,1,16,3.6497738258129176e-05,35,0.14206826292414373,16,0.14205617142857138,12,32,1,True,64,64,4,1024,True,1,8,8,16
32,16,256,DLMT,1,1,False,1,16,True,1,1,32,True,0.16574938735364964,32,256,64,1024,False,False,True,16,True,32,False,1024,True,1,16,1024,True,1,12,1,16,1,1,12,0.0001392324616149088,35,0.16584164121777895,1,0.1657955142857143,1,8,1,True,128,2048,1,1024,True,4,8,1,1
33,512,1024,DLMT,1,8,True,1,32,False,16,32,32,True,0.16912786612440892,128,32,1,2048,False,True,True,512,False,64,False,1,True,1,16,2048,False,12,1,1,8,4,1,1,0.00015322459439179824,35,0.16922939101844822,12,0.16917862857142857,12,8,1,True,2048,1,1,1,False,1,1,1,16
34,1,64,DLMT,1,8,False,1,256,True,16,64,1,False,0.0914258324313652,256,1,128,128,True,False,True,32,True,256,True,1,True,12,12,2048,True,1,12,12,1,1,1,12,0.00012290018335782855,35,0.09150726471149193,4,0.09146654857142857,12,1,8,True,2048,1,1,1,True,12,32,1,1
35,1,256,DLMT,1,32,True,1,1,True,512,256,1,False,0.1449263236779147,16,1,1024,512,True,True,False,256,False,256,True,2048,True,12,16,512,True,1,1,1,16,16,8,1,0.00020531341099571233,35,0.14506236203637096,1,0.14499434285714283,1,8,1,True,512,1024,16,1,True,8,1,1,1
36,256,64,DLMT,32,1,True,8,256,True,512,512,1,True,0.11165012428250351,64,16,1,2048,False,False,True,1,False,16,False,64,True,1,12,64,False,1,16,1,16,4,1,4,2.7825931232928882e-05,35,0.11166856143178219,16,0.11165934285714285,16,1,8,True,64,256,12,1024,True,1,8,8,12
37,64,1,DLMT,8,1,False,1,128,False,1,512,1,False,0.12639290101950307,64,32,256,128,True,True,True,1,False,256,False,256,False,16,16,2048,True,1,4,16,1,4,4,1,5.2475066965762954e-05,35,0.12642767040906844,1,0.12641028571428575,4,1,32,True,2048,1024,4,1024,False,1,8,1,12
38,256,512,DLMT,8,1,True,32,512,False,64,64,8,False,0.12898199089227796,1,16,1024,64,False,False,False,1,False,256,False,2048,False,4,12,1,False,8,1,1,12,4,1,16,2.5727552133375156e-05,35,0.12899903767915055,12,0.12899051428571426,1,1,8,True,2048,1,4,2048,True,1,1,1,16
39,1,128,DLMT,32,1,False,1,1,False,128,512,1,False,0.1488035224336757,16,128,2048,128,False,False,True,512,False,1,True,1024,False,12,16,1,False,1,12,1,12,8,1,12,0.00039220317933126206,35,0.14906339185203862,1,0.14893345714285716,12,32,1,True,2048,128,12,1024,False,1,1,8,4
40,1,1,DLMT,1,8,False,8,128,False,16,16,1,False,0.12125577430695116,64,256,1,1024,True,False,False,32,False,1,False,128,False,16,1,1024,False,1,8,1,16,4,4,1,2.681251611483326e-05,35,0.12127353997876313,4,0.12126465714285714,8,1,32,True,1,1024,1,128,False,1,8,8,4
41,1,128,DLMT,8,8,True,8,64,True,128,64,8,False,0.11505622265298822,1,128,2048,1024,False,False,False,1,True,128,False,1024,False,1,12,2048,False,1,12,4,1,16,12,1,7.547945253578714e-05,35,0.11510623448986897,1,0.11508122857142859,16,1,32,True,512,128,16,2048,False,16,1,8,1
42,512,2048,DLMT,32,8,False,1,16,False,512,256,1,False,0.09844167669563879,256,128,2048,1024,False,True,False,512,True,16,False,512,False,1,1,256,False,8,1,1,12,4,12,1,6.0241257541687935e-05,35,0.0984815918757898,16,0.09846163428571429,16,1,32,True,2048,2048,4,256,True,12,32,1,1
43,1,1024,DLMT,32,32,True,1,256,True,32,16,1,True,0.2674429299706314,256,512,64,128,False,False,False,32,True,1,False,1,True,12,12,1,True,4,1,1,4,16,1,4,0.0002461730368696684,35,0.26760604145794015,1,0.2675244857142858,1,1,32,True,64,1,8,1,False,1,1,32,16
44,256,256,DLMT,1,1,False,8,32,False,128,1,32,False,0.12000124463622466,16,16,1024,1,False,True,False,1,False,32,True,1,False,16,12,2048,True,16,1,1,4,16,4,1,3.4965685802991444e-05,35,0.12002441250663248,12,0.12001282857142857,16,1,32,True,1024,1,16,2048,False,1,32,1,12
45,1,128,DLMT,8,32,False,1,512,True,512,1,1,False,0.17815472419968384,128,64,256,512,True,True,False,128,False,128,False,256,False,4,16,1,True,1,4,12,1,1,16,1,0.00015494661621846183,35,0.17825739008603045,1,0.17820605714285714,1,32,1,True,128,1,16,2048,True,1,1,8,12
46,128,512,DLMT,1,32,False,1,1,False,64,1,8,True,0.17053677282794633,32,64,2048,256,False,True,True,32,False,1,True,2048,False,1,1,1,False,1,8,1,1,16,12,1,0.00013694777792118832,35,0.17062751288633943,12,0.17058214285714288,8,1,32,True,2048,64,4,128,True,1,1,32,1
47,16,128,DLMT,1,1,False,1,16,True,256,16,1,False,0.0915612598179798,1,128,1,256,False,False,True,256,True,32,False,1,True,16,4,2048,True,8,1,1,4,12,12,1,0.00012193785134992714,35,0.09164205446773446,8,0.09160165714285713,1,8,1,True,256,512,8,2048,True,1,1,1,4
48,512,1,DLMT,32,32,False,1,1,True,128,16,1,False,0.19710888812285823,512,64,512,1,True,True,True,256,True,64,False,1024,True,12,1,1024,False,12,1,1,8,12,12,1,0.00010650137107481809,35,0.19717945473428464,1,0.19714417142857144,4,1,8,True,1,64,16,256,False,1,32,1,16
49,256,1024,DLMT,1,8,True,1,64,True,16,128,1,True,0.12334845655818892,256,64,2048,512,False,True,True,256,False,1,False,256,False,4,8,1024,True,1,16,1,16,16,1,1,0.0006082652844989013,35,0.12375148629895392,16,0.12354997142857142,1,8,1,True,1024,1,1,2048,True,1,1,32,1
50,512,512,DLMT,1,8,True,8,256,True,1,512,8,True,0.11520832224540482,16,64,1,512,True,False,True,1,False,1,True,1,True,16,16,1024,False,16,1,1,1,12,4,1,2.524482569735378e-05,35,0.1152250491831666,4,0.11521668571428571,12,1,32,True,128,2048,12,1024,False,1,1,1,4
51,32,2048,DLMT,1,32,True,1,512,False,16,512,32,False,0.21305138442526406,256,1,2048,64,True,False,True,32,False,128,True,1,False,1,4,2048,True,16,1,1,16,1,16,1,0.0004423812798194502,35,0.2133445012890216,4,0.21319794285714283,12,1,32,True,64,1,4,2048,True,1,1,32,1
52,32,2048,DLMT,1,1,False,32,16,False,16,128,1,False,0.13170119353558074,512,1,64,1024,False,True,False,1,True,256,False,512,True,1,12,512,True,16,1,12,1,16,16,1,6.547705003764715e-05,35,0.13174457789299066,4,0.1317228857142857,16,8,1,True,128,512,4,1024,False,16,8,1,1
53,32,1024,DLMT,1,1,True,1,64,True,512,32,8,False,0.1197743197616699,512,256,2048,1,False,False,False,1,False,32,False,64,True,1,8,1,False,12,1,1,12,16,1,8,2.361372827965456e-05,35,0.11978996595261583,1,0.11978214285714286,4,8,1,True,128,1024,16,1024,False,16,32,1,1
54,16,2048,DLMT,1,32,True,1,16,True,512,1,1,False,0.13134534836655623,16,512,2048,512,False,False,False,32,True,1,True,1024,False,4,1,256,True,1,16,16,1,4,8,1,5.069355713198673e-05,35,0.13137893734772946,8,0.13136214285714284,16,1,1,True,128,512,12,256,True,1,32,1,16
55,16,512,DLMT,8,1,False,32,256,False,64,512,1,True,0.1657430523595897,64,512,128,1,True,True,True,32,True,128,False,2048,False,16,1,512,True,1,4,16,1,4,1,16,0.00013834630903818918,35,0.16583471906898178,1,0.16578888571428574,12,32,1,True,1,512,8,1,True,16,32,1,1
56,32,64,DLMT,1,1,False,32,256,True,32,1,32,True,0.21647716462431096,512,64,1024,64,False,True,False,128,False,512,True,2048,True,16,4,2048,False,4,1,16,1,8,8,1,7.617206086973536e-05,35,0.21652763537568906,16,0.2165024,12,32,1,True,1024,512,16,2048,True,1,1,8,12
57,64,128,DLMT,8,8,True,1,128,True,1,512,1,True,0.08749948947638128,256,16,128,1,True,False,False,512,False,512,False,2048,True,16,12,512,False,1,16,1,1,1,1,12,0.00012250376633943604,35,0.08758065909504725,12,0.08754007428571427,12,1,1,True,1024,128,8,1,True,1,8,1,12
58,32,1,DLMT,32,1,False,32,1,False,32,1,1,True,0.17690923613342646,64,512,2048,1,False,False,False,64,False,64,True,1,True,1,1,1024,False,1,12,4,1,8,1,1,0.00010389856120470718,35,0.17697807815228783,8,0.17694365714285715,1,32,1,True,1,64,1,64,True,12,1,8,1
59,1,2048,DLMT,8,1,True,8,256,True,64,128,8,True,0.13608944047383054,16,256,256,1,True,True,False,256,True,512,True,1,True,4,4,64,False,1,1,1,12,1,1,16,0.0002833546764270193,35,0.13627718809759803,12,0.13618331428571429,16,8,8,True,256,1024,8,2048,False,1,1,32,16
60,1,1,DLMT,1,1,False,1,1,False,1,1,1,False,0.12351024394837719,1,1,1,1,False,False,False,1,False,1,False,1,False,1,1,1,False,1,1,1,1,1,1,1,0.00030826807310838984,35,0.12371449890876567,1,0.12361237142857143,1,1,1,True,1,1,1,1,False,1,1,1,1
61,1,256,DLMT,8,1,False,1,256,False,1,32,1,False,0.12605070611473013,512,1,256,256,True,False,True,64,True,1,True,128,False,16,16,2048,True,12,1,1,1,16,1,16,4.1938185804482095e-05,35,0.12607849388526987,12,0.1260646,8,1,32,True,128,1,1,1024,False,1,32,1,8
62,512,2048,DLMT,1,1,False,8,16,False,16,16,32,False,0.12115173581982229,16,128,1,256,True,False,True,512,True,1,True,2048,True,4,1,1024,False,16,1,12,1,16,1,16,4.5125711029504716e-05,35,0.12118163560874916,16,0.12116668571428572,4,1,32,True,1,2048,4,64,True,1,32,1,8
63,128,1,DLMT,32,1,True,1,1,True,256,64,1,True,0.09240564133693294,1,32,512,1024,True,True,True,1,False,32,False,1,True,16,8,64,False,1,16,4,1,4,12,1,3.0741171488571854e-05,35,0.09242601009163848,1,0.09241582571428571,16,1,8,True,64,64,1,1,True,1,1,1,8
64,128,1024,DLMT,1,1,False,1,512,True,128,128,8,False,0.12269754417643562,256,128,1024,512,False,True,True,16,False,1,True,1,False,8,1,2048,True,1,4,8,1,12,4,1,2.707594760623258e-05,35,0.1227154843949929,16,0.12270651428571426,12,1,32,True,512,512,8,2048,False,1,1,1,8
65,512,512,DLMT,1,1,True,32,1,True,16,128,1,True,0.09354129855121779,256,512,2048,512,False,True,False,16,False,256,False,1,True,12,8,1,False,4,1,1,8,12,8,1,5.445745495338542e-05,35,0.09357738144878225,4,0.09355934000000002,8,1,32,True,1,64,12,2048,True,1,1,1,8
66,128,512,DLMT,1,1,True,32,512,True,64,512,1,False,0.13549217001808586,1,1,2048,2048,False,True,True,64,False,16,False,2048,True,12,8,1,False,12,1,4,1,8,16,1,4.795470652137329e-05,35,0.13552394426762845,16,0.13550805714285716,4,1,8,True,1024,1024,1,1,False,1,8,1,8
67,128,1024,DLMT,1,1,False,1,1,False,512,64,32,True,0.1415213998126881,32,1,128,1024,False,False,False,1,False,32,False,64,False,1,12,256,True,4,1,4,1,8,1,16,0.0001390223708323126,35,0.1416135144730262,16,0.14156745714285715,8,1,8,True,1024,128,16,1,True,1,32,1,8
68,1,64,DLMT,32,1,False,32,64,False,1,32,1,False,0.11016724209753498,128,32,128,2048,True,False,True,512,False,512,False,2048,True,1,1,2048,False,1,4,1,4,1,12,1,3.126495070933397e-05,35,0.11018795790246505,8,0.11017760000000001,4,1,8,True,1024,1024,16,512,True,1,1,1,8
69,512,256,DLMT,8,1,False,1,16,True,16,32,1,True,0.13413310780848145,512,128,1,2048,True,False,True,512,True,32,True,2048,True,12,1,512,True,1,1,1,16,1,1,1,2.6668272060519447e-05,35,0.1341507779058043,12,0.13414194285714287,16,1,1,True,2048,256,12,512,False,1,32,1,8
70,16,1,DLMT,32,1,True,1,128,True,16,512,1,False,0.10650658910815153,512,16,256,2048,True,True,False,128,True,64,False,1024,False,16,1,512,False,8,1,1,4,16,1,1,2.6422871972314705e-05,35,0.10652409660613416,4,0.10651534285714284,12,1,8,True,1024,512,8,1,True,1,8,1,8
71,64,2048,DLMT,1,1,False,8,64,True,256,512,1,False,0.12001499773594722,32,32,128,2048,True,False,False,1,True,256,False,1,False,1,12,256,True,1,16,1,1,1,1,4,3.510725257939509e-05,35,0.12003825940690992,16,0.12002662857142857,1,1,8,True,512,512,4,2048,False,1,32,1,8
72,16,1024,DLMT,1,1,False,32,16,False,64,32,32,False,0.18508010494932245,512,1,256,2048,False,False,True,1,False,512,False,2048,False,12,12,1,False,16,1,12,1,4,1,16,5.556791028157685e-05,35,0.1851169236221061,12,0.18509851428571428,1,1,1,True,512,256,1,1,False,1,1,1,8
73,64,128,DLMT,32,1,False,8,256,False,16,128,1,False,0.1291230442896825,32,128,128,64,True,False,False,16,False,512,True,1,True,16,1,256,True,8,1,1,4,12,4,1,0.0002002060489616067,35,0.12925569856746041,16,0.12918937142857145,1,1,8,True,256,2048,1,512,False,1,8,1,8
74,32,1,DLMT,32,1,False,32,32,False,16,128,1,True,0.13411639630236513,256,64,1024,512,True,True,True,128,False,16,True,1,False,16,12,2048,True,1,12,1,1,16,1,1,3.985487960803943e-05,35,0.1341428036976349,4,0.13412960000000002,16,1,32,True,256,1024,8,1,True,1,1,1,8
75,64,1,DLMT,8,1,True,32,16,True,512,128,1,False,0.13501062145433382,64,512,1,1024,False,False,True,128,True,64,False,1,False,1,16,64,True,16,1,8,1,4,1,4,5.8148465857946525e-05,35,0.13504914997423764,1,0.13502988571428573,16,1,32,True,512,2048,16,1024,True,1,32,1,8
76,64,1024,DLMT,1,1,False,8,256,True,512,1,8,False,0.11147154517909569,512,256,128,512,False,True,False,512,False,64,False,256,True,1,16,1,True,4,1,8,1,8,16,1,5.8119974437119526e-05,35,0.11151005482090429,4,0.11149079999999999,12,1,32,True,2048,512,16,256,True,1,8,1,8
77,512,2048,DLMT,32,1,False,8,16,False,32,512,1,False,0.1268459297378446,16,1,1,2048,False,False,True,1,False,64,True,1024,True,1,8,1,False,1,12,1,16,12,1,4,6.489344484363044e-05,35,0.1268889274050125,1,0.12686742857142855,1,1,1,True,64,256,1,1,False,1,1,1,8
78,1,1,DLMT,1,1,True,1,128,True,256,128,8,True,0.11941285272216405,512,32,512,2048,False,True,True,256,False,128,True,1,True,1,12,512,True,12,1,1,8,4,1,16,3.287147513500039e-05,35,0.11943463299212166,8,0.11942374285714286,8,1,8,True,1,1,4,1,False,1,8,1,8
79,256,2048,DLMT,1,1,True,1,128,False,1,1,32,False,0.12377974329467306,16,128,1,1024,True,False,True,1,True,16,True,1024,True,4,4,1,True,12,1,1,8,12,8,1,2.6906125544878797e-05,35,0.12379757099104122,1,0.12378865714285714,1,1,32,True,512,1,8,2048,False,1,1,1,8
80,256,1024,DLMT,1,1,True,32,256,True,128,256,8,True,0.12306073234387313,32,128,512,1,True,False,False,1,True,128,False,2048,False,1,1,256,False,16,1,8,1,4,16,1,8.187521615487935e-05,35,0.12311498194184117,1,0.12308785714285715,12,1,8,True,1,1024,16,1,False,1,8,1,8
81,256,2048,DLMT,32,1,True,1,128,False,128,512,1,True,0.09091726286037997,64,1,256,1,True,False,False,512,True,128,True,1024,False,8,8,1,True,12,1,1,12,16,16,1,2.550169486164445e-05,35,0.09093415999676287,4,0.09092571142857142,12,1,1,True,1,1024,1,1024,True,1,1,1,8
82,128,512,DLMT,1,1,False,8,256,False,32,128,1,True,0.11800840418966373,16,128,2048,1,False,False,True,32,True,16,False,2048,True,1,1,64,False,1,4,1,16,12,1,12,2.6032381718912874e-05,35,0.11802565295319346,8,0.1180170285714286,1,1,1,True,1,1,16,1,True,1,32,1,8
83,32,512,DLMT,8,1,False,1,16,True,1,1,8,False,0.0846874340636458,1,128,128,2048,True,True,True,32,False,32,False,1,False,16,4,2048,True,8,1,1,16,4,8,1,2.7546305948866665e-05,35,0.08470568593635418,12,0.08469655999999999,1,1,32,True,1024,256,12,2048,True,1,8,1,8
84,512,1024,DLMT,1,1,True,32,256,False,64,32,1,False,0.11850893081711672,512,1,1,1,True,True,True,64,False,64,False,64,False,4,8,1024,True,1,1,1,12,16,1,16,2.573640318653035e-05,35,0.11852598346859763,4,0.11851745714285718,4,1,8,True,64,1,8,256,False,1,32,1,8
85,16,1024,DLMT,8,1,True,1,16,False,16,256,1,False,0.15227807424249834,128,512,2048,1024,True,True,True,256,True,512,False,1,True,1,4,1024,False,16,1,16,1,12,16,1,2.4527302571391215e-05,35,0.15229432575750163,16,0.15228619999999998,12,1,32,True,1024,1,16,1,False,1,1,1,8
86,256,1,DLMT,1,1,False,8,512,False,16,64,32,False,0.10781579176965359,16,512,1024,2048,True,True,False,16,True,64,False,2048,True,16,1,1,True,1,16,12,1,4,16,1,7.738375086514647e-05,35,0.10786706537320356,1,0.10784142857142857,1,1,32,True,256,512,8,1,True,1,32,1,8
87,256,64,DLMT,1,1,True,1,64,False,128,32,1,False,0.08968225733088783,64,64,1024,1,False,True,True,32,True,256,False,1024,False,16,16,1024,False,16,1,1,4,16,8,1,2.6665401568631053e-05,35,0.08969992552625503,16,0.08969109142857143,1,1,1,True,256,128,1,2048,True,1,8,1,8
88,512,256,DLMT,32,1,False,32,32,True,512,32,1,False,0.13020172070946334,1,1,1024,512,False,True,False,64,True,16,True,2048,False,12,8,64,False,16,1,1,16,1,1,4,3.24075325081263e-05,35,0.13022319357625095,16,0.13021245714285715,16,1,8,True,1,64,12,256,False,1,32,1,8
89,128,2048,DLMT,1,1,False,1,64,False,1,256,32,False,0.1343423698711059,32,64,2048,1,True,True,False,32,False,1,False,2048,True,12,16,2048,False,16,1,1,12,1,1,16,0.00018223365579969825,35,0.1344631158431798,16,0.13440274285714285,16,1,32,True,1024,256,1,1024,True,1,32,1,8
90,1,256,DLMT,1,1,True,8,16,False,128,512,8,True,0.1266951998442344,256,128,1,1,False,True,True,32,False,16,False,1024,True,16,12,1024,True,4,1,16,1,1,1,16,2.1043472980999566e-05,35,0.12670914301290845,1,0.12670217142857143,1,1,32,True,1,512,12,2048,False,1,32,1,8
91,32,512,DLMT,1,1,True,8,128,True,256,16,8,False,0.1155159986286244,512,1,2048,256,True,False,False,32,False,512,True,1024,True,1,16,512,True,1,1,16,1,8,1,4,3.950289062014331e-05,35,0.11554217279994707,1,0.11552908571428573,8,1,8,True,1024,1,1,512,True,1,8,1,8
92,32,512,DLMT,1,1,False,32,16,False,1,64,1,False,0.13419780260761316,64,128,1,512,False,True,False,256,False,64,True,1,False,8,4,1024,False,1,1,16,1,12,1,8,3.655865848474318e-05,35,0.13422202596381533,12,0.13420991428571424,4,1,1,True,1,1,12,64,True,1,8,1,8
93,256,1,DLMT,8,1,False,1,16,False,16,16,8,False,0.13047570292915958,1,512,2048,1024,False,True,False,16,False,16,False,1024,False,1,1,2048,False,1,8,8,1,16,1,16,2.7027967374705332e-05,35,0.1304936113565547,1,0.13048465714285715,8,1,1,True,1024,512,1,2048,False,1,32,1,8
94,256,128,DLMT,1,1,False,8,64,True,128,256,32,True,0.11631612368411559,16,128,1,256,True,False,True,1,True,256,False,2048,False,16,16,256,False,1,1,4,1,16,12,1,4.9646916586337176e-05,35,0.11634901917302723,8,0.11633257142857141,8,1,32,True,1,2048,4,2048,False,1,1,1,8
95,16,1024,DLMT,32,1,True,1,256,False,128,32,1,True,0.0898470635315882,16,512,1,1,True,False,True,512,False,64,False,512,False,12,8,1024,False,1,16,1,12,4,1,16,3.0061860846444122e-05,35,0.08986698218269754,12,0.08985702285714287,4,1,32,True,1024,1,8,128,True,1,8,1,8
96,1,2048,DLMT,1,1,True,1,1,False,256,1,32,False,0.14917050937707693,64,256,2048,1,False,True,True,32,True,512,False,2048,True,12,1,1024,True,1,4,4,1,8,1,4,0.0001079895686572359,35,0.14924206205149448,1,0.1492062857142857,12,1,1,True,1,1024,4,1,False,1,1,1,8
97,64,1,DLMT,32,1,False,1,64,False,1,1,1,True,0.15015000148782287,128,16,1,1,True,True,True,32,True,256,True,2048,True,12,16,512,False,8,1,16,1,16,16,1,4.208151467748102e-05,35,0.1501778842264629,4,0.15016394285714288,4,1,1,True,2048,1,1,1,False,1,1,1,8
98,16,64,DLMT,8,1,True,1,512,False,64,64,1,False,0.08989999883233127,32,64,64,1024,False,False,False,1,False,64,True,2048,False,16,16,256,True,1,8,1,4,1,16,1,2.845469926399016e-05,35,0.08991885259624016,8,0.08990942571428572,12,1,1,True,512,1024,16,1,True,1,32,1,8
99,64,128,DLMT,1,1,False,32,32,False,1,512,32,False,0.1606158844118046,32,1,1,64,False,False,True,128,True,256,False,1,True,12,4,2048,False,16,1,1,8,12,4,1,0.00015480798903605577,35,0.16071845844533825,1,0.16066717142857143,8,1,1,True,256,64,16,1,False,1,8,1,8
100,16,1024,DLMT,32,1,False,32,128,False,256,1,1,True,0.12430965070553714,16,1,512,256,False,False,False,256,True,128,False,128,True,12,4,1024,False,1,1,1,4,4,4,1,2.5202040733694846e-05,35,0.12432634929446289,4,0.12431800000000001,16,1,32,True,1,128,1,512,True,1,8,1,8
101,128,2048,DLMT,8,1,False,32,512,False,256,1,8,True,0.11897690250211707,256,16,128,2048,True,False,True,64,False,16,False,2048,True,12,8,1024,False,1,16,16,1,16,16,1,5.833503515496262e-05,35,0.1190155546407401,16,0.11899622857142858,16,1,1,True,1,1,4,1024,True,1,1,1,8
102,32,256,DLMT,1,1,False,32,1,False,512,128,32,True,0.1698416942235518,1,64,128,512,False,True,True,32,True,32,True,128,True,16,1,64,False,1,4,1,16,8,1,12,0.000309496188364646,35,0.17004676291930534,1,0.16994422857142857,8,1,1,True,2048,64,4,2048,True,1,8,1,8
103,64,1,DLMT,1,1,True,1,16,False,512,1,32,True,0.157459787781951,32,32,1024,512,False,False,False,64,False,32,True,1024,True,4,16,1,False,1,8,1,12,16,1,1,0.00034793636058970596,35,0.15769032650376333,12,0.15757505714285716,8,1,32,True,512,1,1,512,False,1,32,1,8
104,256,256,DLMT,8,1,True,1,512,False,1,1,8,True,0.10893231922765975,256,128,2048,512,False,True,True,16,False,256,True,1,False,8,8,2048,False,4,1,12,1,1,1,1,3.4309325203482354e-05,35,0.10895505220091167,1,0.10894368571428571,12,1,32,True,2048,1024,1,64,True,1,32,1,8
105,1,1,DLMT,1,1,True,1,512,False,16,1,1,True,0.12014486529410316,512,1,128,128,True,False,True,1,False,32,False,1,False,16,1,1,False,16,1,1,8,8,1,16,2.4554312975814514e-05,35,0.12016113470589683,4,0.120153,8,1,32,True,512,2048,8,256,False,1,32,1,8
106,16,1024,DLMT,8,1,False,1,256,False,256,1,8,False,0.11476287436999921,32,256,256,1024,True,False,False,512,True,64,True,256,True,12,4,64,False,1,16,4,1,12,1,12,3.358230826747036e-05,35,0.11478512563000082,1,0.11477400000000001,4,1,1,True,1024,512,12,2048,False,1,1,1,8
107,32,1,DLMT,1,1,False,8,1,True,1,1,1,True,0.1226723332129675,32,16,512,1024,False,False,False,512,True,128,True,1024,False,16,8,256,True,1,16,8,1,8,1,16,3.331845109955554e-05,35,0.12269440964417533,12,0.12268337142857141,12,1,32,True,1024,1,1,1024,False,1,1,1,8
108,1,256,DLMT,1,1,True,32,64,True,64,16,32,False,0.1639800119328957,128,16,256,1,False,True,True,64,True,256,True,1024,True,8,1,128,True,1,16,1,16,12,1,16,6.1281911303917e-05,35,0.1640206166385329,16,0.1640003142857143,12,1,32,True,1,512,16,1024,False,1,32,1,8
109,16,2048,DLMT,32,1,True,32,256,True,1,1,1,True,0.1283899844579344,64,256,1,1,False,True,False,256,True,1,False,256,False,1,16,64,False,12,1,1,4,16,1,16,3.437115544363416e-05,35,0.1284127583992085,8,0.12840137142857144,12,1,1,True,1024,2048,1,128,True,1,32,1,8
110,1,64,DLMT,1,1,True,8,1,True,256,16,1,True,0.11886482163608962,512,1,64,256,True,True,True,32,False,1,True,512,True,1,8,1024,False,1,16,1,8,1,8,1,4.892004305236174e-05,35,0.11889723550676752,1,0.11888102857142857,4,1,1,True,128,2048,12,1,False,1,32,1,8
111,32,128,DLMT,32,1,True,32,16,True,16,256,1,False,0.11657314368933892,128,128,256,64,True,False,True,64,True,32,True,2048,True,4,8,128,False,1,12,1,1,12,8,1,4.0358657367284375e-05,35,0.11659988488208965,16,0.11658651428571429,4,1,32,True,1024,1,16,1024,True,1,32,1,8
112,64,1,DLMT,8,1,False,8,512,True,1,32,8,False,0.08484921483705804,512,128,64,1,True,False,False,512,True,16,True,256,True,1,4,1,True,1,12,1,16,1,4,1,3.387412063773006e-05,35,0.08487165944865627,16,0.08486043714285715,16,1,8,True,1,1,1,64,True,1,8,1,8
113,1,2048,DLMT,1,1,False,32,64,True,128,32,32,False,0.18065599990592707,128,128,1024,512,True,True,True,16,False,1,True,64,False,16,16,128,True,4,1,1,16,16,16,1,6.666520678673864e-05,35,0.18070017152264434,8,0.1806780857142857,12,1,32,True,1,256,1,1024,False,1,32,1,8
114,32,2048,DLMT,1,1,False,1,128,True,16,64,8,True,0.08995032800068126,256,16,2048,1,True,False,True,512,False,256,False,1024,False,8,8,1,False,1,16,8,1,8,16,1,2.8935851641243946e-05,35,0.08996950057074729,1,0.08995991428571427,4,1,8,True,1024,1,8,1,True,1,32,1,8
115,512,128,DLMT,8,1,True,1,1,True,16,16,8,False,0.1353670854496974,256,128,2048,1,True,False,False,128,True,1,False,1,True,12,12,2048,False,1,8,4,1,8,16,1,1.9146481533221577e-05,35,0.1353797716931598,8,0.1353734285714286,4,1,8,True,128,2048,1,64,False,1,1,1,8
116,64,2048,DLMT,8,1,True,1,32,False,1,128,8,True,0.12300587300346431,64,1,1024,1,True,True,True,512,False,32,True,128,False,1,16,1,True,1,1,12,1,1,4,1,3.453509306576772e-05,35,0.12302875556796421,12,0.12301731428571426,12,1,1,True,1,1024,16,1024,False,1,1,1,8
117,512,128,DLMT,32,1,False,1,256,True,1,128,1,True,0.0923819331348705,32,32,1024,1024,False,False,True,512,False,16,True,1024,False,12,4,512,True,1,16,1,8,1,4,1,2.3866583931752623e-05,35,0.09239774686512947,16,0.09238983999999999,4,1,32,True,1,1,12,256,True,1,32,1,8
118,512,1024,DLMT,8,1,False,1,256,False,512,512,1,True,0.11015305456414687,256,1,1,2048,False,False,True,64,False,32,True,512,False,16,8,2048,True,1,1,12,1,1,1,4,4.2352514803775845e-05,35,0.11018111686442458,16,0.11016708571428573,4,1,32,True,1024,1,16,1,True,1,1,1,8
119,512,2048,DLMT,1,1,False,1,256,False,256,1,1,False,0.08967493104136053,256,512,1,1,False,False,False,64,False,16,True,1024,False,8,8,1024,False,16,1,8,1,1,8,1,3.385970526771131e-05,35,0.0896973661014966,1,0.08968614857142856,4,1,32,True,1,1,12,1024,True,1,8,1,8
120,512,1024,DLMT,1,1,False,1,256,False,1,256,1,False,0.09239682328052948,16,128,512,128,False,True,False,512,False,256,True,1,False,1,1,64,True,8,1,1,1,1,12,1,2.6543952614639518e-05,35,0.0924144110051848,4,0.09240561714285714,4,1,1,True,1024,1,16,1,True,1,32,1,8
121,512,2048,DLMT,32,1,False,1,256,False,256,32,1,True,0.10636601569114627,512,32,2048,1,False,True,True,128,False,256,True,2048,True,12,16,1,False,16,1,12,1,1,1,4,3.738158446538648e-05,35,0.10639078430885372,1,0.1063784,4,1,1,True,1024,1,12,256,True,1,1,1,8
122,512,1024,DLMT,32,1,False,1,256,False,32,512,1,True,0.11770775669057329,64,1,1,1,False,True,True,16,True,256,True,1,True,1,8,2048,False,1,12,1,16,1,1,4,4.3855328022012885e-05,35,0.11773681473799816,12,0.11772228571428572,4,1,1,True,256,2048,1,512,True,1,32,1,8
123,512,128,DLMT,1,1,False,1,256,True,16,16,1,True,0.10748504604999272,128,128,2048,2048,False,False,False,1,False,64,True,1024,False,16,16,2048,False,1,16,1,4,1,1,4,4.522419435547859e-05,35,0.10751501109286445,12,0.10750002857142858,4,1,8,True,2048,256,4,2048,True,1,1,1,8
124,512,1,DLMT,8,1,False,1,256,True,128,1,1,False,0.09172977359721655,16,64,2048,256,False,True,False,64,False,32,True,128,False,16,16,64,True,1,16,16,1,1,4,1,0.00030648823959859297,35,0.0919328492599263,16,0.09183131142857143,4,1,32,True,2048,1,12,2048,True,1,32,1,8
125,512,2048,DLMT,8,1,False,1,256,True,64,256,8,True,0.09096766716550782,128,512,1024,1024,False,True,True,1,True,512,True,1,False,4,4,2048,True,12,1,12,1,1,16,1,2.978354236685594e-05,35,0.0909874014059208,1,0.09097753428571431,4,1,32,True,1,2048,8,1024,True,1,1,1,8
126,512,1,DLMT,8,1,False,1,256,True,256,16,8,False,0.10871422973746107,512,128,1,512,False,False,False,512,False,1,False,64,True,1,16,1,True,4,1,1,1,1,1,1,2.8197553809087078e-05,35,0.10873291311968179,8,0.10872357142857143,4,1,1,True,1024,512,8,1,True,1,32,1,8
127,512,2048,DLMT,1,1,False,1,256,False,16,1,32,False,0.1292407821948578,16,1,512,512,False,True,False,512,True,16,True,128,False,4,4,1,True,16,1,12,1,1,1,16,4.455452060254575e-05,35,0.1292703035194278,1,0.1292555428571428,4,1,32,True,2048,1024,4,2048,True,1,8,1,8
128,512,512,DLMT,1,1,False,1,256,False,256,32,32,False,0.10787560754743912,1,64,2048,1024,False,True,True,16,True,128,False,256,False,1,16,512,True,1,16,4,1,1,16,1,5.198103264751494e-05,35,0.10791004959541804,8,0.10789282857142858,4,1,8,True,128,1,8,1,True,1,1,1,8
129,512,2048,DLMT,1,1,False,1,256,True,512,1,8,True,0.12349114801536372,512,256,512,1,False,True,False,256,True,16,True,64,True,1,1,1,True,4,1,12,1,1,1,16,2.6805634497551157e-05,35,0.12350890912749342,12,0.12350002857142857,4,1,8,True,512,2048,16,1,True,1,1,1,8
130,512,256,DLMT,1,1,False,1,256,True,256,16,32,False,0.1485914151180112,1,128,1024,1,False,False,False,128,False,128,False,2048,True,4,12,128,True,12,1,1,16,1,1,1,7.282870033054952e-05,35,0.1486396705962745,12,0.14861554285714285,4,1,8,True,1,1024,8,1,True,1,8,1,8
131,512,128,DLMT,8,1,False,1,256,False,1,64,1,False,0.10438793546028217,512,64,1024,64,False,True,True,32,False,32,False,512,True,4,1,2048,False,1,16,1,8,1,1,4,2.4601244368726552e-05,35,0.10440423596828928,12,0.10439608571428573,4,1,8,True,1,1,8,512,True,1,1,1,8
132,512,512,DLMT,1,1,False,1,256,True,1,32,32,False,0.13184541556965287,1,512,1,2048,False,True,True,128,True,64,True,512,True,16,8,64,False,4,1,8,1,1,16,1,5.057694885124874e-05,35,0.13187892728748993,16,0.1318621714285714,4,1,8,True,512,1,16,64,True,1,1,1,8
133,512,1024,DLMT,32,1,False,1,256,True,512,16,1,True,0.11404330496630562,32,64,1,2048,False,False,True,128,False,1,False,256,True,4,8,1,False,1,1,1,16,1,1,1,0.00012602742170023115,35,0.11412680931940868,1,0.11408505714285715,4,1,32,True,1,1024,16,1024,True,1,8,1,8
134,512,64,DLMT,32,1,False,1,256,False,16,1,1,False,0.1257855878556967,64,64,512,1,False,False,True,256,True,512,True,1,True,1,1,2048,False,8,1,1,12,1,1,12,3.367096490377205e-05,35,0.12580789785858904,1,0.12579674285714287,4,1,1,True,1024,1,1,1,True,1,1,1,8
135,512,128,DLMT,1,1,False,1,256,False,16,16,1,True,0.11334989343866708,32,16,2048,2048,False,False,False,1,True,1,False,64,True,12,8,2048,True,1,1,1,4,1,1,1,3.869925907638459e-05,35,0.11337553513276147,1,0.11336271428571427,4,1,32,True,128,512,12,256,True,1,32,1,8
136,512,2048,DLMT,1,1,False,1,256,True,256,32,1,False,0.08941989785319485,256,512,1024,512,False,True,False,1,False,512,False,512,True,1,8,1024,True,16,1,12,1,1,8,1,2.682768445209684e-05,35,0.0894376735753766,4,0.08942878571428572,4,1,32,True,128,1024,16,1,True,1,32,1,8
137,512,512,DLMT,1,1,False,1,256,False,512,64,32,False,0.13217382308980605,64,64,512,2048,False,False,True,1,True,256,True,1,True,16,1,1,False,16,1,4,1,1,1,8,0.00017776092635552615,35,0.13229160548162253,1,0.1322327142857143,4,1,1,True,512,1,4,2048,True,1,32,1,8
138,512,1024,DLMT,8,1,False,1,256,True,512,1,1,True,0.11084773484563866,32,512,2048,512,False,False,True,1,True,128,False,512,True,8,1,1024,False,1,1,1,12,1,1,8,3.374473201516744e-05,35,0.11087009372578989,4,0.11085891428571427,4,1,1,True,2048,1,12,2048,True,1,8,1,8
139,512,512,DLMT,32,1,False,1,256,False,512,512,1,False,0.12919060083798145,32,128,2048,1,False,True,True,64,False,32,True,2048,True,16,1,1024,False,1,12,12,1,1,1,16,2.9319687611445272e-05,35,0.12921002773344709,4,0.12920031428571427,4,1,32,True,1024,1024,12,1,True,1,32,1,8
140,512,1,DLMT,1,1,False,1,256,False,512,256,32,False,0.08781975731872967,16,32,1024,2048,False,False,False,32,False,16,True,1,True,12,16,2048,True,1,4,1,12,1,16,1,3.9800066659774135e-05,35,0.08784612839555601,4,0.08783294285714284,4,1,32,True,2048,1024,16,1024,True,1,8,1,8
141,512,2048,DLMT,32,1,False,1,256,True,256,128,1,True,0.0932917354485974,1,1,2048,1024,False,True,False,128,True,256,True,256,True,8,16,2048,False,16,1,4,1,1,16,1,2.6998802089827107e-05,35,0.0933096245514026,16,0.09330068,4,1,8,True,1,1,12,1024,True,1,8,1,8
142,512,1,DLMT,1,1,False,1,256,False,256,256,1,False,0.12134733948948287,32,64,1,256,False,False,True,32,True,256,True,1024,False,8,16,128,True,1,16,4,1,1,1,12,3.8474014554219305e-05,35,0.12137283193908854,12,0.1213600857142857,4,1,1,True,256,2048,16,256,True,1,8,1,8
143,512,1,DLMT,32,1,False,1,256,True,512,1,1,True,0.12509920771789262,16,16,512,1024,False,False,True,64,False,512,True,2048,True,4,1,1024,False,16,1,1,4,1,1,16,2.8953953591374347e-05,35,0.12511839228210736,8,0.1251088,4,1,1,True,1,1,16,1024,True,1,32,1,8
144,512,1024,DLMT,32,1,False,1,256,True,16,256,1,False,0.09012244335036533,64,1,2048,64,False,False,True,512,True,256,False,1024,True,12,1,1,True,1,16,1,12,1,12,1,3.2477178675092667e-05,35,0.09014396236392037,4,0.09013320285714285,4,1,8,True,1024,2048,1,512,True,1,8,1,8
145,512,2048,DLMT,1,1,False,1,256,True,256,32,1,True,0.08885771649439503,32,32,1024,512,False,False,True,1,False,512,False,1,False,16,12,128,True,1,16,1,4,1,1,16,3.1497468119821796e-05,35,0.08887858636274784,4,0.08886815142857143,4,1,32,True,1,2048,4,256,True,1,32,1,8
146,512,1024,DLMT,32,1,False,1,256,True,512,1,1,False,0.09090133926642334,256,64,1,1,False,False,True,32,True,32,False,1,False,12,4,256,True,16,1,1,12,1,8,1,2.491747456656834e-05,35,0.0909178493050052,16,0.09090959428571427,4,1,8,True,128,1,12,2048,True,1,32,1,8
147,512,64,DLMT,8,1,False,1,256,True,256,16,8,True,0.09056511403250105,256,1,1,512,False,True,True,1,False,16,False,2048,False,16,1,512,False,1,8,16,1,1,16,1,3.0435500753599843e-05,35,0.09058528025321326,4,0.09057519714285715,4,1,1,True,128,512,1,64,True,1,32,1,8
148,512,1024,DLMT,8,1,False,1,256,True,128,64,8,False,0.1223453224711393,512,1,512,256,False,True,True,256,False,1,True,256,False,1,8,2048,False,12,1,1,8,1,1,16,2.4381726178197797e-05,35,0.1223614775288607,1,0.1223534,4,1,1,True,1024,1024,4,1024,True,1,8,1,8
149,512,1,DLMT,1,1,False,1,256,True,512,1,1,False,0.10393344540604352,1,64,2048,1,False,True,False,1,True,1,True,2048,True,1,1,128,False,1,12,1,1,1,4,1,0.00019658052304543383,35,0.10406369745109936,4,0.10399857142857144,4,1,32,True,1,256,1,512,True,1,32,1,8
150,512,1,DLMT,1,1,False,1,256,False,16,32,1,False,0.09308730786048362,16,512,1,64,False,False,True,1,False,1,False,1,True,4,16,1,True,16,1,16,1,1,12,1,3.723273740532546e-05,35,0.09311197785380208,8,0.09309964285714285,4,1,1,True,2048,512,1,128,True,1,1,1,8
151,512,1,DLMT,1,1,False,1,256,False,256,32,8,True,0.09273241310953767,256,512,1024,512,False,True,False,128,False,256,False,1024,False,1,1,1024,False,16,1,1,16,1,16,1,2.3107732427894838e-05,35,0.09274772403331949,8,0.09274006857142858,4,1,8,True,1024,2048,8,128,True,1,1,1,8
152,512,512,DLMT,1,1,False,1,256,True,128,512,8,True,0.12065434466421701,256,16,1,2048,False,False,False,64,True,128,False,128,True,12,16,1,False,1,12,16,1,1,1,16,3.3025160476366526e-05,35,0.12067622676435441,1,0.12066528571428571,4,1,8,True,64,1,12,512,True,1,8,1,8
153,512,2048,DLMT,1,1,False,1,256,True,64,512,32,False,0.14608130075923567,256,128,2048,256,False,False,True,256,True,64,True,1024,False,16,16,1,False,8,1,12,1,1,1,4,6.273862853301784e-05,35,0.14612287066933574,16,0.1461020857142857,4,1,32,True,256,1024,1,512,True,1,32,1,8
154,512,1,DLMT,1,1,False,1,256,True,256,128,1,False,0.08376310445785834,64,1,2048,1,False,True,False,1,False,128,True,512,False,12,8,1,True,1,4,1,16,1,12,1,2.3047605391574807e-05,35,0.08377837554214168,8,0.08377074000000001,4,1,8,True,1,1,12,256,True,1,8,1,8
155,512,256,DLMT,32,1,False,1,256,True,1,256,1,False,0.10014326633309455,1,16,512,2048,False,False,False,1,False,1,False,1024,False,8,4,1,False,1,16,12,1,1,1,8,0.00017270599044240945,35,0.10025769938119115,12,0.10020048285714285,4,1,1,True,1,256,8,256,True,1,1,1,8
156,512,256,DLMT,8,1,False,1,256,True,256,512,8,False,0.10316497796399095,1,32,1,1,False,True,True,32,False,512,False,2048,False,8,1,1024,True,1,4,12,1,1,1,4,5.2070329206502155e-05,35,0.1031994791788662,4,0.10318222857142857,4,1,32,True,128,1,4,2048,True,1,1,1,8
157,512,1024,DLMT,8,1,False,1,256,True,128,16,1,False,0.11466420437426446,64,1,1,128,False,False,False,16,True,128,False,1,False,16,12,128,False,16,1,1,1,1,1,4,3.5345940505298744e-05,35,0.11468762419716406,1,0.11467591428571426,4,1,32,True,128,2048,16,256,True,1,1,1,8
158,512,64,DLMT,32,1,False,1,256,False,1,1,1,True,0.11734285605574922,32,64,2048,256,False,True,True,64,True,512,True,512,False,1,16,1,False,16,1,1,16,1,1,8,2.8463080275603735e-05,35,0.11736171537282221,8,0.11735228571428571,4,1,32,True,2048,1,12,1,True,1,8,1,8
159,512,1,DLMT,1,1,False,1,256,True,256,64,1,True,0.11153795083346205,64,1,512,2048,False,True,True,512,True,32,False,1,True,16,4,128,False,12,1,1,16,1,1,1,3.895722405565375e-05,35,0.11156376345225225,12,0.11155085714285715,4,1,1,True,1,2048,1,1024,True,1,8,1,8
160,512,2048,DLMT,8,1,False,1,256,False,16,1,1,False,0.10023031272156491,256,16,2048,1,False,False,True,64,False,512,True,1,False,4,12,256,False,1,1,12,1,1,16,1,4.648905949856575e-05,35,0.10026111584986369,16,0.1002457142857143,4,1,32,True,512,1024,16,1024,True,1,32,1,8
161,512,2048,DLMT,1,1,False,1,256,True,16,256,32,True,0.13599171538439656,1,16,512,64,False,False,True,1,True,16,False,1,True,1,1,512,False,16,1,8,1,1,12,1,6.019347038965976e-05,35,0.13603159890131775,16,0.13601165714285715,4,1,8,True,256,1,16,512,True,1,8,1,8
162,512,512,DLMT,8,1,False,1,256,False,1,128,1,False,0.12168573668342121,64,1,1,1024,False,True,False,1,False,256,True,2048,True,8,8,1,True,12,1,1,8,1,1,16,3.1755622995568894e-05,35,0.1217067776022931,12,0.12169625714285716,4,1,32,True,2048,256,1,128,True,1,8,1,8
163,512,2048,DLMT,32,1,False,1,256,False,32,16,1,True,0.13194989232738108,256,512,2048,1,False,True,False,16,True,512,False,2048,False,4,16,1,True,1,1,1,1,1,1,12,5.586473459552571e-05,35,0.13198690767261895,8,0.1319684,4,1,1,True,1,1024,1,2048,True,1,32,1,8
164,512,1024,DLMT,8,1,False,1,256,False,512,32,1,True,0.08951442918588565,256,512,1,2048,False,False,True,64,False,256,True,1,False,8,8,1024,True,8,1,1,4,1,16,1,3.5650511517066306e-05,35,0.08953805081411437,1,0.08952624,4,1,32,True,512,1,4,256,True,1,1,1,8
165,512,1,DLMT,32,1,False,1,256,False,256,64,1,True,0.09394655354133681,1,1,512,1024,False,True,True,16,False,64,True,1,False,12,1,128,True,8,1,1,16,1,16,1,3.386940754348802e-05,35,0.09396899503009178,12,0.0939577742857143,4,1,1,True,2048,1,1,64,True,1,32,1,8
166,512,1,DLMT,8,1,False,1,256,False,1,1,1,True,0.09370673006015197,1,1,1,1,False,True,False,128,False,64,True,1,True,16,1,2048,True,1,16,8,1,1,16,1,9.748325377903052e-05,35,0.09377132136841947,4,0.09373902571428572,4,1,32,True,1,1,12,1,True,1,32,1,8
167,512,1,DLMT,32,1,False,1,256,False,256,128,1,True,0.09254574431960359,256,256,512,2048,False,False,True,16,False,128,False,1,True,1,16,1024,True,1,16,1,12,1,16,1,5.459527855791558e-05,35,0.09258191853753929,16,0.09256383142857144,4,1,32,True,1024,512,12,512,True,1,1,1,8
168,512,1,DLMT,32,1,False,1,256,True,16,32,1,True,0.09618999318399014,128,128,1024,512,False,False,False,64,False,1,False,1,False,16,1,128,True,12,1,4,1,1,16,1,3.366350582588987e-05,35,0.09621229824458132,16,0.09620114571428573,4,1,1,True,64,2048,1,128,True,1,1,1,8
169,512,1,DLMT,1,1,False,1,256,True,1,16,1,False,0.09269266696812556,32,16,2048,128,False,False,True,32,False,32,True,1,True,8,16,128,True,16,1,1,12,1,16,1,0.00021876582690266922,35,0.09283761874616014,1,0.09276514285714285,4,1,32,True,2048,512,12,1,True,1,8,1,8
170,512,512,DLMT,1,1,False,1,256,False,128,1,1,True,0.09425545371922756,1,128,512,256,False,False,True,16,False,128,False,1,False,16,8,1,True,1,1,8,1,1,16,1,3.2790847901853285e-05,35,0.0942771805664867,12,0.09426631714285713,4,1,1,True,1024,1,16,2048,True,1,1,1,8
171,512,1024,DLMT,8,1,False,1,256,True,128,16,1,False,0.08970264931463141,1,128,1,1,False,False,False,512,False,1,True,1,True,1,8,1,True,16,1,1,4,1,16,1,3.15708850631947e-05,35,0.08972356782822573,1,0.08971310857142857,4,1,32,True,1024,1,1,512,True,1,8,1,8
172,512,512,DLMT,1,1,False,1,256,False,1,16,1,False,0.08963723847043842,1,1,1,64,False,True,True,16,False,16,False,1,True,16,8,512,True,1,4,16,1,1,16,1,5.3440045368427016e-05,35,0.0896726472438473,16,0.08965494285714286,4,1,8,True,64,1,1,512,True,1,32,1,8
173,512,2048,DLMT,1,1,False,1,256,True,512,128,1,True,0.09332226888754012,1,64,1024,2048,False,False,True,512,False,256,False,1,True,16,4,64,True,16,1,16,1,1,16,1,2.8200119264475185e-05,35,0.09334095396960275,4,0.09333161142857144,4,1,1,True,1,256,12,512,True,1,32,1,8
174,512,1024,DLMT,1,1,False,1,256,True,32,256,1,True,0.09439810509917891,32,1,1,1,False,True,False,1,False,512,False,1,True,4,1,64,True,12,1,1,1,1,16,1,4.201886884217058e-05,35,0.09442594632939254,12,0.09441202571428572,4,1,8,True,512,2048,16,1024,True,1,32,1,8
175,512,128,DLMT,8,1,False,1,256,False,1,32,1,False,0.0929769967606628,32,1,2048,1024,False,False,True,128,False,512,True,1,False,1,16,64,True,1,1,16,1,1,16,1,2.6296282968494428e-05,35,0.09299442038219434,12,0.09298570857142857,4,1,1,True,1,512,12,1,True,1,8,1,8
176,512,256,DLMT,1,1,False,1,256,True,32,256,1,True,0.09058668719819186,1,128,1024,2048,False,False,True,128,False,16,True,1,False,1,4,128,True,1,16,1,16,1,16,1,0.00023358147623648662,35,0.09074145565895099,16,0.09066407142857143,4,1,8,True,1,512,1,2048,True,1,8,1,8
177,512,1024,DLMT,32,1,False,1,256,False,32,1,1,True,0.0995455004258077,128,16,2048,2048,False,True,True,64,False,16,True,1,True,12,4,256,True,1,16,1,1,1,16,1,2.913982393178549e-05,35,0.09956480814562085,4,0.09955515428571428,4,1,1,True,2048,1024,1,2048,True,1,1,1,8
178,512,2048,DLMT,32,1,False,1,256,True,512,256,1,True,0.0894203952317299,512,1,1,1,False,False,True,1,False,64,False,1,True,1,4,2048,True,1,12,16,1,1,16,1,4.9603436352325616e-05,35,0.08945326191112721,1,0.08943682857142855,4,1,8,True,1024,1,16,256,True,1,1,1,8
179,512,1,DLMT,1,1,False,1,256,True,1,16,1,False,0.08959429801629855,512,256,1,128,False,True,False,1,False,256,True,1,False,8,4,1024,True,1,4,16,1,1,16,1,3.245015845374946e-05,35,0.08961579912655863,12,0.08960504857142859,4,1,8,True,256,512,12,256,True,1,32,1,8
180,512,2048,DLMT,32,1,False,1,256,False,1,256,1,True,0.08935057381583404,512,16,1024,256,False,True,False,256,False,256,True,1,False,4,8,1,True,16,1,1,16,1,16,1,3.568828127562505e-05,35,0.08937422046988024,16,0.08936239714285714,4,1,32,True,1,1,16,1024,True,1,1,1,8
181,512,512,DLMT,32,1,False,1,256,True,256,1,1,False,0.09024757712867858,64,16,1,2048,False,False,True,256,False,1,True,1,True,4,1,2048,True,12,1,1,12,1,16,1,3.4591634708939827e-05,35,0.09027049715703571,16,0.09025903714285714,4,1,32,True,1,1024,16,64,True,1,1,1,8
182,512,1024,DLMT,32,1,False,1,256,False,16,512,1,False,0.0929762178009698,64,128,2048,512,False,True,False,32,False,32,True,1,False,1,1,2048,True,1,4,16,1,1,16,1,3.843599036192569e-05,35,0.09300168505617305,1,0.09298895142857143,4,1,32,True,128,1024,4,2048,True,1,8,1,8
183,512,1,DLMT,1,1,False,1,256,False,64,32,1,True,0.10441782526669371,512,1,1,64,False,False,False,512,False,256,True,1,True,1,4,512,True,1,1,8,1,1,16,1,0.0006742484832336334,35,0.10486457473330632,12,0.10464120000000002,4,1,1,True,512,1,1,1024,True,1,1,1,8
184,512,256,DLMT,1,1,False,1,256,True,16,512,1,False,0.09545397694324455,16,256,2048,512,False,True,True,64,False,512,True,1,True,16,4,2048,True,12,1,1,1,1,16,1,3.802461866330546e-05,35,0.09547917162818402,8,0.09546657428571428,4,1,1,True,256,1,4,512,True,1,1,1,8
185,512,1024,DLMT,8,1,False,1,256,False,512,256,1,True,0.08776014817576767,256,512,2048,512,False,True,False,1,False,16,True,1,False,4,8,1,True,8,1,1,8,1,16,1,3.0203077826673886e-05,35,0.08778016039566088,8,0.08777015428571427,4,1,32,True,1,256,4,1,True,1,1,1,8
186,512,64,DLMT,32,1,False,1,256,True,16,32,1,True,0.09656245446343668,64,1,1,1024,False,True,False,32,False,64,False,1,False,1,16,128,True,16,1,12,1,1,16,1,7.488323133181305e-05,35,0.09661207125084904,4,0.09658726285714286,4,1,32,True,64,1,1,512,True,1,1,1,8
187,512,512,DLMT,1,1,False,1,256,True,1,128,1,True,0.09063206702141025,128,16,512,2048,False,True,True,256,False,128,False,1,False,1,1,512,True,1,1,1,8,1,16,1,8.779022194633983e-05,35,0.09069023583573257,1,0.09066115142857141,4,1,32,True,256,256,12,1,True,1,8,1,8
188,512,1024,DLMT,8,1,False,1,256,False,16,256,1,False,0.09306191412375016,16,256,512,2048,False,False,False,32,False,512,False,1,False,8,1,2048,True,1,16,1,8,1,16,1,3.0271365873325626e-05,35,0.09308197159053554,4,0.09307194285714285,4,1,8,True,1024,2048,1,1,True,1,1,1,8
189,512,2048,DLMT,32,1,False,1,256,True,64,32,1,False,0.09466024111748775,1,1,512,64,False,False,False,512,False,256,False,1,True,16,4,1,True,4,1,1,16,1,16,1,2.883588976909729e-05,35,0.09467934745394083,16,0.09466979428571429,4,1,32,True,1,1024,1,512,True,1,8,1,8
190,512,1024,DLMT,32,1,False,1,256,False,1,64,1,True,0.09315036210449427,512,128,2048,2048,False,False,True,32,False,64,True,1,True,12,8,1024,True,16,1,12,1,1,16,1,2.2425143687115896e-05,35,0.09316522075264856,16,0.09315779142857142,4,1,1,True,512,1,1,256,True,1,32,1,8
191,512,2048,DLMT,32,1,False,1,256,True,256,256,1,False,0.09153151448105841,128,1,2048,1,False,True,False,16,False,1,True,1,False,1,8,1024,True,1,12,1,16,1,16,1,3.0563509521743386e-05,35,0.0915517655189416,12,0.09154164000000001,4,1,1,True,256,512,1,1,True,1,8,1,8
192,512,1024,DLMT,32,1,False,1,256,False,64,64,1,True,0.09645613915123674,1,16,1,1,False,False,True,256,False,1,True,1,False,16,16,1024,True,1,4,1,1,1,16,1,6.929786014306742e-05,35,0.09650205513447757,4,0.09647909714285716,4,1,32,True,256,2048,16,128,True,1,32,1,8
193,512,2048,DLMT,8,1,False,1,256,True,1,1,1,True,0.08995863153924748,64,128,512,1,False,True,True,1,False,256,True,1,True,4,4,1024,True,16,1,1,16,1,16,1,4.524212196615076e-05,35,0.08998860846075253,1,0.08997362,4,1,1,True,1,256,4,256,True,1,8,1,8
194,512,1024,DLMT,8,1,False,1,256,True,128,16,1,True,0.10074556979203174,64,32,1,2048,False,True,False,128,False,512,True,1,True,8,16,1,True,1,1,1,16,1,16,1,6.184032103831872e-05,35,0.10078654449368256,12,0.10076605714285715,4,1,8,True,512,512,1,1,True,1,1,1,8
195,512,128,DLMT,32,1,False,1,256,True,1,16,1,True,0.0970622077271822,1,16,2048,2048,False,True,False,256,False,256,True,1,True,1,8,1024,True,1,12,1,1,1,16,1,3.2369101416792236e-05,35,0.09708365512996066,12,0.09707293142857143,4,1,8,True,512,512,16,128,True,1,8,1,8
196,512,2048,DLMT,1,1,False,1,256,False,1,512,1,False,0.09519438874030725,256,1,512,64,False,False,False,32,False,16,True,1,True,8,16,256,True,1,16,4,1,1,16,1,0.00012139346874136677,35,0.09527482268826418,8,0.09523460571428571,4,1,8,True,1,1024,16,2048,True,1,1,1,8
197,512,256,DLMT,1,1,False,1,256,False,512,64,1,False,0.09165444578302262,1,32,2048,1,False,True,False,256,False,256,True,1,False,1,1,2048,True,1,16,1,12,1,16,1,2.6846869463683278e-05,35,0.0916722342169774,16,0.09166334000000001,4,1,8,True,2048,2048,1,2048,True,1,1,1,8
198,512,256,DLMT,1,1,False,1,256,True,16,512,1,False,0.09810455140820697,128,16,1024,2048,False,True,False,64,False,1,False,1,True,8,1,512,True,1,1,16,1,1,16,1,9.348618869946014e-05,35,0.09816649430607872,16,0.09813552285714285,4,1,32,True,2048,512,4,1024,True,1,32,1,8
199,512,1,DLMT,32,1,False,1,256,False,16,512,1,True,0.09642386296116152,32,64,2048,1,False,True,True,256,False,256,False,1,True,8,12,128,True,4,1,4,1,1,16,1,2.9649621947550105e-05,35,0.09644350846740991,16,0.09643368571428572,4,1,32,True,1,1024,1,1,True,1,8,1,8
200,512,1,DLMT,8,1,False,1,256,False,16,64,1,False,0.09113168307957978,512,512,1,256,False,True,True,32,False,256,False,1,True,1,1,1,True,1,4,8,1,1,16,1,4.009314827717492e-05,35,0.09115824834899164,1,0.09114496571428571,4,1,1,True,1,2048,12,128,True,1,32,1,8
201,512,256,DLMT,1,1,False,1,256,False,1,16,1,True,0.09486628026199144,1,16,1,128,False,True,False,512,False,1,True,1,True,16,12,2048,True,12,1,16,1,1,16,1,3.686758501027464e-05,35,0.09489070830943715,12,0.0948784942857143,4,1,1,True,1024,2048,16,512,True,1,1,1,8
202,512,256,DLMT,1,1,False,1,256,True,512,1,1,False,0.09651628048755424,256,32,512,512,False,True,True,512,False,128,False,1,False,4,16,1024,True,12,1,1,1,1,16,1,3.076960785169212e-05,35,0.09653666808387436,4,0.0965264742857143,4,1,1,True,512,1,1,128,True,1,32,1,8
203,512,1,DLMT,1,1,False,1,256,False,512,16,1,True,0.08995040448794245,256,1,2048,2048,False,True,False,1,False,512,True,1,True,8,12,2048,True,1,1,1,4,1,16,1,8.920361070755716e-05,35,0.09000950979777184,4,0.08997995714285714,4,1,32,True,128,2048,4,2048,True,1,8,1,8
204,512,128,DLMT,8,1,False,1,256,False,1,256,1,True,0.09110144457137366,1,128,2048,64,False,False,True,16,False,16,False,1,True,1,1,1024,True,1,1,1,16,1,16,1,3.917448211501479e-05,35,0.09112740114291205,16,0.09111442285714286,4,1,8,True,1,1,12,1,True,1,1,1,8
205,512,1,DLMT,32,1,False,1,256,True,64,512,1,False,0.09554444806659836,64,128,1,1024,False,False,False,64,False,1,False,1,False,16,16,1024,True,1,1,1,12,1,16,1,5.3592187520806545e-05,35,0.09557995764768736,1,0.09556220285714286,4,1,1,True,64,1,12,2048,True,1,32,1,8
206,512,1,DLMT,1,1,False,1,256,False,16,1,1,False,0.09441523993955986,32,128,512,128,False,False,True,16,False,512,True,1,False,4,1,512,True,16,1,1,12,1,16,1,4.1482495349341644e-05,35,0.09444272577472584,16,0.09442898285714285,4,1,32,True,1,2048,12,512,True,1,32,1,8
207,512,128,DLMT,32,1,False,1,256,True,64,512,1,True,0.09144900272725748,512,32,512,1,False,False,True,1,False,16,True,1,False,8,1,1,True,1,4,1,16,1,16,1,3.932665959755683e-05,35,0.09147506012988538,16,0.09146203142857143,4,1,8,True,2048,1024,1,1,True,1,32,1,8
208,512,1,DLMT,8,1,False,1,256,False,256,16,1,False,0.09337049205103587,128,512,1,2048,False,True,False,1,False,64,True,1,True,16,1,2048,True,16,1,12,1,1,16,1,2.9346210686094632e-05,35,0.09338993652039268,8,0.09338021428571427,4,1,8,True,64,512,12,64,True,1,8,1,8
209,512,512,DLMT,32,1,False,1,256,False,256,16,1,True,0.09414469062397553,16,512,2048,256,False,False,False,64,False,32,True,1,True,12,1,256,True,1,8,1,16,1,16,1,0.00011487652594087744,35,0.09422080651888161,8,0.09418274857142857,4,1,32,True,1024,2048,16,256,True,1,1,1,8
210,512,2048,DLMT,1,1,False,1,256,False,64,32,1,False,0.08919306219678055,32,1,2048,1,False,False,True,32,False,1,False,1,True,12,16,128,True,1,4,8,1,1,16,1,4.1510178736972814e-05,35,0.08922056637464804,1,0.0892068142857143,4,1,1,True,1,1,1,2048,True,1,1,1,8
211,512,2048,DLMT,32,1,False,1,256,True,16,512,1,False,0.09346494370371343,128,16,1,64,False,True,False,512,False,256,False,1,True,12,1,512,True,1,16,1,8,1,16,1,3.1984533762429245e-05,35,0.09348613629628656,4,0.09347554,4,1,1,True,2048,256,4,2048,True,1,32,1,8
212,512,2048,DLMT,1,1,False,1,256,True,32,256,1,False,0.09731221161850154,16,512,1,64,False,False,False,256,False,64,True,1,False,8,8,64,True,1,16,1,1,1,16,1,4.084355018649475e-05,35,0.09733927409578419,1,0.09732574285714286,4,1,32,True,1024,2048,16,1024,True,1,1,1,8
213,512,1,DLMT,1,1,False,1,256,False,512,128,1,True,0.10024406415929471,512,128,1024,1,False,True,True,1,False,1,False,1,False,16,12,512,True,16,1,1,1,1,16,1,9.174011207353887e-05,35,0.10030485012641957,8,0.10027445714285714,4,1,32,True,1024,2048,8,256,True,1,1,1,8
214,512,2048,DLMT,1,1,False,1,256,True,512,32,1,True,0.09162541541186546,32,32,2048,1024,False,False,True,64,False,512,False,1,False,4,8,256,True,1,16,1,8,1,16,1,4.1202939859446356e-05,35,0.09165271601670598,4,0.09163906571428572,4,1,32,True,128,1,16,1,True,1,32,1,8
215,512,1024,DLMT,1,1,False,1,256,False,128,512,1,True,0.09281328380512982,1,1,1024,128,False,True,False,128,False,512,True,1,False,8,4,256,True,16,1,16,1,1,16,1,7.484640959038268e-05,35,0.09286287619487019,8,0.09283808,4,1,8,True,1024,1,1,1,True,1,1,1,8
216,512,1,DLMT,1,1,False,1,256,False,1,1,1,True,0.0990513242716315,16,16,2048,1024,False,False,True,512,False,1,False,1,False,12,16,2048,True,4,1,12,1,1,16,1,4.0124046838447086e-05,35,0.0990779100140828,1,0.09906461714285715,4,1,1,True,1024,2048,4,1024,True,1,32,1,8
217,512,2048,DLMT,32,1,False,1,256,False,256,512,1,False,0.0933849621472845,256,512,2048,1024,False,False,True,512,False,16,False,1,False,4,16,2048,True,4,1,4,1,1,16,1,3.075597383486109e-05,35,0.09340534070985831,1,0.09339515142857141,4,1,32,True,512,2048,1,1,True,1,1,1,8
218,512,512,DLMT,1,1,False,1,256,False,512,256,1,False,0.09554646856879163,16,512,2048,512,False,False,False,1,False,128,False,1,True,1,12,2048,True,1,12,16,1,1,16,1,5.0028884717955115e-05,35,0.09557961714549408,16,0.09556304285714286,4,1,8,True,2048,2048,16,512,True,1,32,1,8
219,512,1024,DLMT,32,1,False,1,256,True,512,32,1,True,0.09427884258029834,32,64,1,1024,False,True,False,1,False,64,True,1,True,1,16,1,True,16,1,1,1,1,16,1,2.6123481344396505e-05,35,0.09429615170541597,1,0.09428749714285715,4,1,32,True,512,2048,8,64,True,1,32,1,8
220,512,2048,DLMT,1,1,False,1,256,False,512,512,1,True,0.09351247874294097,128,1,1024,2048,False,True,False,1,False,16,True,1,False,16,1,512,True,1,1,4,1,1,16,1,4.941173007887678e-05,35,0.0935452183999162,16,0.09352884857142858,4,1,32,True,2048,1,12,512,True,1,8,1,8
221,512,1024,DLMT,1,1,False,1,256,False,64,512,1,False,0.09478655928851812,1,512,1024,512,False,False,False,1,False,1,True,1,False,1,8,64,True,1,16,1,16,1,16,1,5.175586063629985e-05,35,0.09482085214005329,12,0.0948037057142857,4,1,1,True,64,2048,1,512,True,1,1,1,8
222,512,1,DLMT,8,1,False,1,256,True,256,128,1,False,0.09290427068710604,1,256,1024,1,False,False,True,512,False,128,False,1,True,8,1,1,True,12,1,8,1,1,16,1,3.0687075787832694e-05,35,0.09292460359860828,16,0.09291443714285716,4,1,1,True,2048,256,1,1024,True,1,32,1,8
223,512,1024,DLMT,8,1,False,1,256,True,128,64,1,True,0.08925524316695979,512,512,1,1,False,True,True,512,False,512,False,1,True,1,16,1,True,1,4,8,1,1,16,1,2.6371811791056037e-05,35,0.08927271683304022,16,0.08926398,4,1,1,True,512,512,8,256,True,1,1,1,8
224,512,256,DLMT,1,1,False,1,256,True,16,64,1,True,0.10133473688860467,512,16,1024,1024,False,False,True,128,False,1,True,1,True,1,1,512,True,16,1,1,1,1,16,1,2.7442912917322872e-05,35,0.10135292025425247,4,0.10134382857142857,4,1,8,True,512,2048,8,2048,True,1,1,1,8
225,512,128,DLMT,1,1,False,1,256,True,1,512,1,False,0.0924526425127828,64,128,2048,1,False,True,False,128,False,64,True,1,True,8,4,2048,True,1,1,1,16,1,16,1,4.685621741246415e-05,35,0.09248368891578858,16,0.09246816571428569,4,1,1,True,1,1,8,1024,True,1,32,1,8
226,512,1,DLMT,8,1,False,1,256,True,32,64,1,False,0.09034125803809809,512,256,1024,1,False,False,True,32,False,128,False,1,False,16,16,512,True,16,1,1,4,1,16,1,3.301066444873428e-05,35,0.0903631305333305,12,0.0903521942857143,4,1,1,True,1,2048,16,1,True,1,1,1,8
227,512,1,DLMT,32,1,False,1,256,False,1,512,1,True,0.09333100318068119,16,256,512,64,False,False,False,128,False,256,True,1,False,12,12,2048,True,8,1,1,1,1,16,1,2.6492508914245712e-05,35,0.09334855681931883,12,0.09333978000000001,4,1,1,True,256,2048,16,2048,True,1,32,1,8
228,512,1,DLMT,1,1,False,1,256,False,1,32,1,True,0.08916253127205317,256,16,2048,1024,False,False,False,16,False,512,False,1,True,4,1,1,True,1,16,1,16,1,16,1,4.9158306873751155e-05,35,0.0891951030136611,8,0.08917881714285714,4,1,1,True,1,256,1,256,True,1,8,1,8
229,512,1024,DLMT,1,1,False,1,256,False,32,32,1,True,0.09151352872960382,32,256,2048,64,False,False,False,512,False,1,True,1,True,16,16,128,True,1,8,1,4,1,16,1,3.0675736073866084e-05,35,0.09153385412753905,1,0.09152369142857143,4,1,1,True,1,1,4,1,True,1,32,1,8
230,512,64,DLMT,32,1,False,1,256,False,64,1,1,False,0.09394773423379736,512,64,1,1,False,False,False,1,False,32,False,1,False,8,4,1,True,1,1,8,1,1,16,1,6.425030872632818e-05,35,0.09399030576620264,1,0.09396902,4,1,32,True,128,1,16,1024,True,1,8,1,8
231,512,512,DLMT,1,1,False,1,256,False,16,512,1,True,0.09637827278614056,128,512,1,2048,False,False,True,1,False,128,False,1,False,1,1,128,True,12,1,12,1,1,16,1,3.34835989092914e-05,35,0.09640045864243088,12,0.09638936571428572,4,1,32,True,64,1024,4,1,True,1,32,1,8
232,512,2048,DLMT,1,1,False,1,256,False,1,1,1,False,0.09285869832906486,32,1,512,1024,False,True,False,32,False,256,True,1,False,12,12,2048,True,1,1,1,16,1,16,1,3.827916105962293e-05,35,0.09288406167093512,16,0.09287137999999999,4,1,32,True,2048,2048,4,512,True,1,32,1,8
233,512,128,DLMT,1,1,False,1,256,True,16,128,1,True,0.09149405124044584,32,32,1,1,False,True,True,16,False,1,False,1,True,1,12,512,True,1,4,1,16,1,16,1,2.7261605504701174e-05,35,0.09151211447383988,4,0.09150308285714286,4,1,8,True,2048,1024,16,1,True,1,8,1,8
234,512,1024,DLMT,32,1,False,1,256,True,1,1,1,True,0.09365462401357899,1,32,2048,2048,False,False,False,16,False,16,False,1,True,16,16,1,True,12,1,16,1,1,16,1,2.580868450576959e-05,35,0.09367172455784958,16,0.09366317428571429,4,1,32,True,1024,256,16,128,True,1,32,1,8
235,512,256,DLMT,8,1,False,1,256,True,256,1,1,True,0.09003998909064635,64,64,1,512,False,False,True,16,False,512,True,1,False,16,4,2048,True,4,1,1,12,1,16,1,2.9622496139775912e-05,35,0.09005961662363939,16,0.09004980285714287,4,1,8,True,256,2048,1,2048,True,1,32,1,8
236,512,256,DLMT,8,1,False,1,256,True,64,16,1,True,0.09183798620873944,256,16,1,512,False,False,False,128,False,128,True,1,True,1,16,2048,True,1,16,1,12,1,16,1,6.342936228593262e-05,35,0.09188001379126053,12,0.09185899999999998,4,1,8,True,1,1,1,64,True,1,1,1,8
237,512,64,DLMT,8,1,False,1,256,True,128,512,1,False,0.09004483822543456,16,1,512,512,False,False,True,512,False,32,False,1,True,4,4,1,True,8,1,1,16,1,16,1,4.730036769067917e-05,35,0.09007617891742255,16,0.09006050857142855,4,1,1,True,1,2048,12,1,True,1,1,1,8
238,512,1,DLMT,8,1,False,1,256,True,64,1,1,True,0.09015768889319845,1,32,1024,64,False,True,False,16,False,32,False,1,False,1,4,2048,True,4,1,1,4,1,16,1,4.931209844512052e-05,35,0.09019036253537299,1,0.09017402571428572,4,1,32,True,1,256,1,1024,True,1,32,1,8
239,512,1024,DLMT,32,1,False,1,256,False,1,256,1,True,0.093092999407332,512,1,2048,1,False,True,True,64,False,32,True,1,False,12,1,1024,True,12,1,16,1,1,16,1,3.33946196326314e-05,35,0.09311512630695372,8,0.09310406285714286,4,1,32,True,1,2048,4,1024,True,1,32,1,8
240,512,1024,DLMT,8,1,False,1,256,False,512,1,1,True,0.09842696994734158,128,16,1024,1,False,True,True,16,False,512,True,1,False,1,4,512,True,1,1,16,1,1,16,1,3.1862197420921435e-05,35,0.09844808148122984,4,0.09843752571428571,4,1,1,True,1,2048,16,1024,True,1,1,1,8
241,512,1024,DLMT,8,1,False,1,256,False,1,128,1,False,0.09119633154985132,64,16,1,1024,False,True,True,1,False,256,True,1,True,1,16,256,True,1,16,1,16,1,16,1,5.338331727483057e-05,35,0.09123170273586298,1,0.09121401714285715,4,1,32,True,2048,1,12,1024,True,1,32,1,8
242,512,128,DLMT,8,1,False,1,256,False,1,1,1,False,0.09483350751590085,1,16,1,1,False,False,False,1,False,16,False,1,True,1,1,1024,True,1,8,1,1,1,16,1,3.763911404539857e-05,35,0.09485844676981346,16,0.09484597714285715,4,1,8,True,2048,256,1,1,True,1,32,1,8
243,512,2048,DLMT,32,1,False,1,256,True,64,1,1,False,0.08596208192474962,128,128,2048,2048,False,False,True,32,False,512,False,1,False,1,1,2048,True,1,12,1,4,1,16,1,2.91180510673223e-05,35,0.08598137521810749,1,0.08597172857142855,4,1,1,True,1024,1,4,1,True,1,1,1,8
244,512,1024,DLMT,8,1,False,1,256,False,128,1,1,False,0.09067693612343329,128,512,1,256,False,False,False,256,False,16,False,1,False,1,16,512,True,12,1,1,16,1,16,1,4.352069683565667e-05,35,0.09070577244799526,12,0.09069135428571427,4,1,1,True,512,2048,16,1024,True,1,8,1,8
245,512,1,DLMT,1,1,False,1,256,False,16,1,1,False,0.09924570583274511,128,1,2048,2048,False,True,True,64,False,16,True,1,False,4,4,1,True,1,12,1,1,1,16,1,6.908796026125769e-05,35,0.09929148273868346,4,0.09926859428571429,4,1,32,True,64,512,12,1,True,1,32,1,8
246,512,64,DLMT,32,1,False,1,256,False,32,64,1,True,0.09628446537559836,1,16,1024,512,False,True,True,512,False,16,True,1,False,16,16,64,True,1,16,16,1,1,16,1,4.502787381620655e-05,35,0.09631430033868736,16,0.09629938285714286,4,1,32,True,1,1,8,64,True,1,1,1,8
247,512,512,DLMT,32,1,False,1,256,True,1,64,1,True,0.09356437677446997,1,128,2048,2048,False,True,False,64,False,512,False,1,True,12,8,256,True,12,1,1,8,1,16,1,2.740876070283547e-05,35,0.09358253751124432,4,0.09357345714285714,4,1,1,True,1,1,1,2048,True,1,32,1,8
248,512,256,DLMT,32,1,False,1,256,True,512,128,1,True,0.09518548563611956,32,128,1,2048,False,True,True,1,False,1,True,1,True,1,12,1024,True,1,1,1,8,1,16,1,3.1081785991286524e-05,35,0.09520608007816617,12,0.09519578285714286,4,1,8,True,1024,2048,4,1024,True,1,1,1,8
249,512,2048,DLMT,1,1,False,1,256,True,16,64,1,True,0.09144409294523703,128,64,1,1,False,True,False,1,False,512,False,1,False,4,1,128,True,1,16,1,8,1,16,1,3.409543556739837e-05,35,0.09146668419762014,8,0.09145538857142858,4,1,32,True,1,1,16,128,True,1,1,1,8
250,512,64,DLMT,32,1,False,1,256,False,16,512,1,True,0.09395675448932136,1,32,1,128,False,False,False,32,False,512,False,1,False,1,16,2048,True,1,8,1,8,1,16,1,4.4991740194332615e-05,35,0.09398656551067863,1,0.09397166,4,1,8,True,1,256,1,1,True,1,8,1,8
251,512,1,DLMT,1,1,False,1,256,True,32,32,1,True,0.09066438523063285,1,512,2048,512,False,False,False,512,False,1,False,1,True,12,16,2048,True,1,4,1,8,1,16,1,2.7331490994821006e-05,35,0.09068249476936714,16,0.09067344,4,1,1,True,1024,2048,16,128,True,1,1,1,8
252,512,1024,DLMT,1,1,False,1,256,True,512,512,1,True,0.0902303505779091,1,16,1024,2048,False,True,True,64,False,512,True,1,True,4,16,128,True,1,1,1,8,1,16,1,2.755682751800669e-05,35,0.09024860942209093,4,0.09023948000000001,4,1,1,True,1,1024,16,512,True,1,8,1,8
253,512,1,DLMT,32,1,False,1,256,False,16,16,1,False,0.09431068844190349,1,1,1024,1,False,True,False,128,False,1,True,1,True,1,1,128,True,1,8,1,8,1,16,1,3.863672399177164e-05,35,0.09433628870095367,16,0.09432348857142858,4,1,8,True,1024,1024,8,128,True,1,32,1,8
254,512,2048,DLMT,32,1,False,1,256,False,32,1,1,False,0.09458752678425647,16,512,1024,1,False,False,False,1,False,128,True,1,True,16,12,512,True,4,1,1,8,1,16,1,2.636089311298596e-05,35,0.09460499321574353,4,0.09459626,4,1,8,True,128,1,12,512,True,1,32,1,8
255,512,1024,DLMT,1,1,False,1,256,True,1,16,1,False,0.09130939303018458,512,16,2048,64,False,True,True,32,False,256,True,1,True,12,16,1,True,4,1,1,8,1,16,1,3.503521493746385e-05,35,0.09133260696981542,8,0.091321,4,1,8,True,2048,256,1,1024,True,1,8,1,8
256,512,1024,DLMT,1,1,False,1,256,False,128,32,1,True,0.08711786957354499,32,1,1024,256,False,True,True,512,False,1,False,1,False,16,8,1,True,1,4,1,8,1,16,1,4.13930462463317e-05,35,0.08714529614074072,8,0.08713158285714286,4,1,32,True,1,2048,1,1024,True,1,32,1,8
257,512,1,DLMT,32,1,False,1,256,True,256,16,1,True,0.09386013570674745,256,256,1,2048,False,True,True,512,False,256,True,1,True,12,1,1024,True,8,1,1,8,1,16,1,4.036550416544728e-05,35,0.09388688143610968,8,0.09387350857142857,4,1,32,True,1,256,1,64,True,1,8,1,8
258,512,64,DLMT,1,1,False,1,256,True,128,64,1,True,0.09005297828948548,1,1,1024,128,False,True,False,32,False,128,True,1,False,12,12,1,True,16,1,1,8,1,16,1,3.035365774952734e-05,35,0.09007309028194309,16,0.09006303428571429,4,1,32,True,256,1,12,1,True,1,32,1,8
259,512,1024,DLMT,32,1,False,1,256,True,1,64,1,True,0.09366432342401264,1,128,1024,512,False,False,True,64,False,512,False,1,False,16,12,1,True,1,1,1,8,1,16,1,2.7535300385993745e-05,35,0.09368256800455878,4,0.09367344571428571,4,1,1,True,256,256,8,64,True,1,32,1,8
260,512,128,DLMT,1,1,False,1,256,False,512,512,1,True,0.08922479401233532,32,128,1024,1,False,False,True,256,False,256,True,1,True,16,8,128,True,1,16,1,8,1,16,1,2.176825923688079e-05,35,0.08923921741623608,12,0.0892320057142857,4,1,1,True,1024,2048,16,1024,True,1,1,1,8
261,512,1,DLMT,1,1,False,1,256,False,32,1,1,False,0.09041013336692195,32,256,1024,1024,False,True,False,1,False,1,False,1,True,16,12,1,True,16,1,1,8,1,16,1,4.549533064177045e-05,35,0.09044027806164949,12,0.09042520571428572,4,1,1,True,64,2048,12,512,True,1,1,1,8
262,512,2048,DLMT,1,1,False,1,256,False,1,512,1,False,0.09100473014015223,256,128,1,2048,False,True,False,1,False,1,True,1,False,1,12,1,True,1,16,1,8,1,16,1,4.105499288535068e-05,35,0.09103193271699059,8,0.09101833142857141,4,1,1,True,64,2048,8,1,True,1,32,1,8
263,512,1,DLMT,8,1,False,1,256,False,1,128,1,True,0.09026621290411628,16,64,2048,2048,False,True,True,64,False,16,True,1,True,1,1,128,True,16,1,1,8,1,16,1,4.2823231345348795e-05,35,0.09029458709588371,16,0.0902804,4,1,1,True,1,256,12,1024,True,1,32,1,8
264,512,1,DLMT,8,1,False,1,256,False,64,32,1,True,0.0900752183059738,32,16,1,1,False,False,False,256,False,512,True,1,False,16,4,512,True,16,1,1,8,1,16,1,4.075437084359464e-05,35,0.09010222169402622,12,0.09008872000000001,4,1,1,True,2048,1024,12,256,True,1,1,1,8
265,512,1,DLMT,32,1,False,1,256,True,256,32,1,False,0.08691098230170581,1,1,1,256,False,True,True,64,False,1,True,1,True,16,1,512,True,1,12,1,8,1,16,1,2.645204116193411e-05,35,0.08692850912686563,4,0.08691974571428572,4,1,1,True,2048,1,1,64,True,1,8,1,8
266,512,1,DLMT,1,1,False,1,256,False,1,256,1,False,0.09127503546941657,32,1,2048,128,False,False,True,128,False,256,True,1,True,8,16,512,True,1,16,1,8,1,16,1,3.820155098892237e-05,35,0.0913003473877263,1,0.09128769142857143,4,1,32,True,1024,512,1,2048,True,1,32,1,8
267,512,1,DLMT,1,1,False,1,256,True,1,256,1,False,0.08948561954725393,256,512,512,1,False,True,True,256,False,64,False,1,False,1,1,2048,True,4,1,1,8,1,16,1,3.452396505712098e-05,35,0.08950849473846037,4,0.08949705714285715,4,1,1,True,1024,1,12,1024,True,1,8,1,8
268,512,512,DLMT,1,1,False,1,256,True,1,16,1,False,0.08952777848846061,1,128,1024,2048,False,True,True,1,False,32,True,1,False,8,1,64,True,1,16,1,8,1,16,1,3.453578516760313e-05,35,0.0895506615115394,4,0.08953922,4,1,1,True,2048,512,1,1,True,1,1,1,8
269,512,64,DLMT,1,1,False,1,256,True,64,512,1,False,0.09112917108817896,1,32,512,1,False,False,False,64,False,256,False,1,True,4,1,1,True,4,1,1,8,1,16,1,2.965958756783196e-05,35,0.09114882319753533,1,0.09113899714285714,4,1,8,True,1,512,4,2048,True,1,32,1,8
270,512,2048,DLMT,8,1,False,1,256,True,1,512,1,False,0.09048783684349324,1,128,1,256,False,False,False,256,False,1,True,1,False,8,8,1,True,8,1,1,8,1,16,1,3.448038117124403e-05,35,0.09051068315650676,16,0.09049926,4,1,8,True,1024,1,4,2048,True,1,8,1,8
271,512,2048,DLMT,32,1,False,1,256,True,1,256,1,False,0.09305090844452962,16,1,2048,64,False,True,False,64,False,512,False,1,True,16,1,2048,True,16,1,1,8,1,16,1,8.622494946478237e-05,35,0.09310804012689894,1,0.09307947428571428,4,1,1,True,128,256,8,1024,True,1,1,1,8
272,512,1024,DLMT,1,1,False,1,256,False,512,1,1,False,0.09013556284181592,256,256,2048,2048,False,False,True,128,False,128,True,1,False,12,4,512,True,1,1,1,8,1,16,1,3.9990375780954634e-05,35,0.09016206001532695,1,0.09014881142857144,4,1,32,True,1024,2048,16,1,True,1,32,1,8
273,512,1,DLMT,32,1,False,1,256,True,512,16,1,False,0.09354932765549615,16,64,2048,1024,False,False,False,1,False,64,True,1,False,1,1,1024,True,16,1,1,8,1,16,1,3.0196024065889276e-05,35,0.09356933520164673,8,0.09355933142857144,4,1,1,True,1,2048,8,1024,True,1,32,1,8
274,512,2048,DLMT,1,1,False,1,256,True,32,512,1,True,0.09195205222574664,512,16,1024,2048,False,False,False,128,False,1,False,1,True,16,8,1024,True,1,1,1,8,1,16,1,2.8095177013653784e-05,35,0.09197066777425338,1,0.09196136,4,1,1,True,2048,2048,16,2048,True,1,32,1,8
275,512,1,DLMT,32,1,False,1,256,False,128,1,1,True,0.0889473106335023,128,512,512,2048,False,False,True,256,False,1,True,1,True,12,12,2048,True,1,4,1,8,1,16,1,3.0419887962869237e-05,35,0.08896746650935485,1,0.08895738857142857,4,1,32,True,256,1,16,1024,True,1,1,1,8
276,512,512,DLMT,1,1,False,1,256,True,1,256,1,True,0.08944033138513964,32,1,512,2048,False,False,True,128,False,128,False,1,True,4,1,2048,True,16,1,1,8,1,16,1,2.1793437694191163e-05,35,0.08945477147200322,16,0.08944755142857143,4,1,32,True,512,1,4,1,True,1,32,1,8
277,512,1024,DLMT,32,1,False,1,256,False,256,1,1,False,0.0924920447185483,1,1,1024,2048,False,False,True,512,False,512,False,1,True,12,12,1,True,4,1,1,8,1,16,1,8.705549344398477e-05,35,0.09254972671002312,8,0.09252088571428571,4,1,1,True,1024,1,16,1,True,1,1,1,8
278,512,2048,DLMT,8,1,False,1,256,False,512,32,1,True,0.09001942629340623,32,512,1024,1,False,True,False,128,False,256,False,1,False,1,8,2048,True,16,1,1,8,1,16,1,2.6664221078334575e-05,35,0.0900370937065938,4,0.09002826000000001,4,1,1,True,1024,1,1,1,True,1,1,1,8
279,512,64,DLMT,8,1,False,1,256,True,256,128,1,True,0.08876845958451642,1,1,2048,256,False,True,True,1,False,1,False,1,False,16,12,2048,True,1,16,1,8,1,16,1,4.054353125383413e-05,35,0.08879532327262644,1,0.08878189142857143,4,1,1,True,2048,1,16,128,True,1,1,1,8
280,512,1024,DLMT,32,1,False,1,256,True,512,16,1,True,0.09376192072438998,256,32,512,1,False,False,True,128,False,16,False,1,False,1,12,256,True,1,16,1,8,1,16,1,4.0971299661083936e-05,35,0.09378906784703862,8,0.0937754942857143,4,1,1,True,1,2048,4,512,True,1,1,1,8
281,512,512,DLMT,32,1,False,1,256,True,1,512,1,False,0.09429357834466015,1,64,2048,1,False,True,True,64,False,1,True,1,False,16,8,1024,True,8,1,1,8,1,16,1,2.5360090130529624e-05,35,0.09431038165533981,16,0.09430197999999998,4,1,32,True,64,2048,4,1,True,1,1,1,8
282,512,64,DLMT,32,1,False,1,256,False,16,512,1,False,0.09868979957768104,256,32,1,64,False,False,False,1,False,16,True,1,True,1,1,1,True,12,1,1,8,1,16,1,8.944266087093765e-05,35,0.09874906327946181,1,0.09871943142857142,4,1,32,True,2048,256,16,1,True,1,32,1,8
283,512,2048,DLMT,1,1,False,1,256,False,512,128,1,False,0.09134842645122358,256,16,1,1,False,False,True,1,False,512,False,1,True,16,16,1024,True,4,1,1,8,1,16,1,3.201073722923627e-05,35,0.09136963640591929,16,0.09135903142857144,4,1,1,True,64,1,4,128,True,1,32,1,8
284,512,1024,DLMT,8,1,False,1,256,True,1,1,1,False,0.0903099882551839,1,256,1,64,False,True,True,512,False,512,False,1,True,1,16,512,True,16,1,1,8,1,16,1,3.8249199431398126e-05,35,0.09033533174481607,4,0.09032265999999999,4,1,32,True,1024,2048,16,1024,True,1,32,1,8
285,512,1,DLMT,32,1,False,1,256,True,16,1,1,False,0.09577333806107625,512,512,1024,256,False,True,False,512,False,256,False,1,False,4,16,1,True,1,16,1,8,1,16,1,7.212125809626353e-05,35,0.09582112479606662,1,0.09579723142857144,4,1,1,True,512,256,4,512,True,1,32,1,8
286,512,128,DLMT,32,1,False,1,256,False,512,512,1,False,0.09006811956382922,16,64,1024,2048,False,True,False,1,False,512,False,1,False,12,12,512,True,1,8,1,8,1,16,1,3.744751254647434e-05,35,0.0900929318647422,12,0.09008052571428571,4,1,32,True,512,512,1,512,True,1,8,1,8
287,512,512,DLMT,1,1,False,1,256,False,256,16,1,True,0.08974001278366539,128,1,1,2048,False,True,True,512,False,128,False,1,False,16,8,512,True,8,1,1,8,1,16,1,6.227974833813314e-05,35,0.08978127864490604,16,0.08976064571428571,4,1,32,True,512,1,1,512,True,1,1,1,8
288,512,2048,DLMT,1,1,False,1,256,False,256,512,1,True,0.09076322796425879,1,32,2048,1,False,False,True,512,False,512,False,1,False,8,12,64,True,16,1,1,8,1,16,1,3.129036312492809e-05,35,0.09078396060716981,12,0.0907735942857143,4,1,1,True,2048,256,16,1,True,1,32,1,8
289,512,1024,DLMT,1,1,False,1,256,True,32,1,1,True,0.08990890323783579,512,1,1024,128,False,False,True,16,False,1,False,1,False,8,16,1,True,1,16,1,8,1,16,1,2.5129715721529555e-05,35,0.08992555390502138,12,0.08991722857142859,4,1,32,True,1,2048,4,64,True,1,1,1,8
290,512,1024,DLMT,1,1,False,1,256,True,64,16,1,False,0.08688656884821375,16,256,1,1,False,False,True,512,False,512,True,1,False,16,1,128,True,1,8,1,8,1,16,1,3.3167766501435724e-05,35,0.08690854543750051,1,0.08689755714285713,4,1,32,True,512,512,1,256,True,1,8,1,8
291,512,1024,DLMT,1,1,False,1,256,True,16,256,1,True,0.0935716832817981,16,32,2048,256,False,True,True,1,False,512,False,1,False,16,8,1024,True,1,1,1,8,1,16,1,2.8665497429090666e-05,35,0.09359067671820187,1,0.09358117999999999,4,1,32,True,64,1024,16,512,True,1,32,1,8
292,512,2048,DLMT,1,1,False,1,256,False,16,1,1,False,0.09259624341755258,512,256,1,64,False,False,True,64,False,16,True,1,True,1,12,512,True,1,1,1,8,1,16,1,3.378785145762263e-05,35,0.09261863086816173,16,0.09260743714285716,4,1,8,True,1,1,4,1,True,1,32,1,8
293,512,1,DLMT,1,1,False,1,256,False,1,32,1,False,0.09005957203207632,256,512,1,1024,False,True,True,256,False,16,False,1,False,16,4,1,True,1,1,1,8,1,16,1,4.118726908516625e-05,35,0.09008686225363793,8,0.09007321714285713,4,1,32,True,1,1,16,2048,True,1,32,1,8
294,512,1,DLMT,1,1,False,1,256,False,1,16,1,False,0.08615958102324905,256,512,512,1024,False,False,True,1,False,64,True,1,False,4,16,1,True,1,12,1,8,1,16,1,2.4851802381974082e-05,35,0.08617604754817954,4,0.0861678142857143,4,1,1,True,2048,2048,1,64,True,1,1,1,8
295,512,2048,DLMT,1,1,False,1,256,False,16,1,1,False,0.09140829800372614,16,1,1024,256,False,True,True,128,False,64,False,1,False,16,4,1024,True,4,1,1,8,1,16,1,7.65715088485723e-05,35,0.0914590334248453,16,0.09143366571428573,4,1,1,True,2048,1,1,256,True,1,1,1,8
296,512,2048,DLMT,1,1,False,1,256,True,32,32,1,True,0.0899426742818403,1,512,1,1,False,True,True,64,False,64,False,1,True,1,16,1,True,8,1,1,8,1,16,1,2.899450982513778e-05,35,0.08996188571815966,1,0.08995227999999998,4,1,1,True,512,1,4,2048,True,1,32,1,8
297,512,128,DLMT,1,1,False,1,256,True,1,512,1,True,0.08992468438236209,128,128,1,512,False,False,True,512,False,512,True,1,True,4,12,512,True,8,1,1,8,1,16,1,8.281341092221356e-05,35,0.0899795556176379,16,0.08995212,4,1,8,True,512,2048,1,1,True,1,8,1,8
298,512,128,DLMT,1,1,False,1,256,False,256,512,1,False,0.08684342757256375,1,1,512,1,False,True,True,1,False,32,False,1,True,16,4,256,True,8,1,1,8,1,16,1,3.538803164451761e-05,35,0.08686687528457912,12,0.08685515142857143,4,1,1,True,1,1,4,1,True,1,1,1,8
299,512,64,DLMT,1,1,False,1,256,True,1,1,1,False,0.09012951390669206,1,1,1,1,False,False,True,16,False,16,False,1,False,16,8,2048,True,12,1,1,8,1,16,1,4.719266511669358e-05,35,0.09016078323616507,4,0.09014514857142857,4,1,32,True,1024,2048,4,128,True,1,1,1,8
300,512,256,DLMT,1,1,False,1,256,False,256,32,1,False,0.09035240988331875,512,128,512,1,False,False,True,1,False,256,False,1,False,1,12,1024,True,16,1,1,8,1,16,1,2.4661199136643552e-05,35,0.09036875011668122,8,0.09036057999999998,4,1,1,True,1024,512,8,2048,True,1,32,1,8
301,512,2048,DLMT,1,1,False,1,256,True,512,64,1,False,0.09028310872018423,16,256,1024,1,False,True,True,128,False,16,False,1,True,4,4,2048,True,1,1,1,8,1,16,1,2.4673334197229148e-05,35,0.09029945699410145,16,0.09029128285714284,4,1,32,True,1024,2048,4,1024,True,1,1,1,8
302,512,64,DLMT,1,1,False,1,256,False,16,512,1,False,0.09390446500100327,32,1,1024,1,False,False,True,128,False,1,True,1,False,4,1,128,True,1,1,1,8,1,16,1,5.6438796614254864e-05,35,0.09394186071328245,1,0.09392316285714286,4,1,32,True,1,512,8,512,True,1,32,1,8
303,512,1,DLMT,1,1,False,1,256,True,1,128,1,False,0.08849097749838598,64,32,1,1,False,False,True,1,False,256,True,1,False,1,4,256,True,1,1,1,8,1,16,1,2.4301870256405692e-05,35,0.08850707964447117,16,0.08849902857142858,4,1,32,True,1,512,16,128,True,1,1,1,8
304,512,512,DLMT,1,1,False,1,256,False,128,128,1,True,0.08620389869008549,128,1,1,2048,False,False,True,16,False,1,False,1,False,1,4,512,True,1,4,1,8,1,16,1,3.338816043364513e-05,35,0.08622602130991455,1,0.08621496000000002,4,1,32,True,1024,1024,16,512,True,1,8,1,8
305,512,1,DLMT,1,1,False,1,256,False,1,1,1,False,0.08936516972126447,1,64,2048,2048,False,True,True,64,False,32,False,1,True,1,16,2048,True,1,16,1,8,1,16,1,3.4165536281286064e-05,35,0.08938780742159268,12,0.08937648857142858,4,1,32,True,256,1,16,512,True,1,1,1,8
306,512,1,DLMT,1,1,False,1,256,True,64,256,1,False,0.09018613007232357,256,1,512,128,False,True,True,64,False,1,False,1,True,1,16,1,True,16,1,1,8,1,16,1,2.744623925020586e-05,35,0.09020431564196216,4,0.09019522285714286,4,1,1,True,2048,2048,16,1,True,1,8,1,8
307,512,2048,DLMT,1,1,False,1,256,True,16,64,1,False,0.08754151649917874,32,1,2048,1024,False,False,True,128,False,16,True,1,True,8,1,1,True,1,16,1,8,1,16,1,9.885231102972877e-05,35,0.08760701492939271,16,0.08757426571428573,4,1,1,True,2048,1024,16,2048,True,1,8,1,8
308,512,2048,DLMT,1,1,False,1,256,True,512,512,1,False,0.09011524525839235,16,256,1,2048,False,True,True,16,False,1,True,1,False,4,4,2048,True,16,1,1,8,1,16,1,3.294574934646274e-05,35,0.09013707474160765,12,0.09012616,4,1,1,True,2048,2048,16,1,True,1,8,1,8
309,512,1,DLMT,1,1,False,1,256,True,128,32,1,True,0.09494448086221345,16,512,512,1024,False,False,True,128,False,32,True,1,False,12,16,128,True,1,1,1,8,1,16,1,3.7685070502461944e-05,35,0.09496945056635796,16,0.0949569657142857,4,1,8,True,2048,256,12,2048,True,1,1,1,8
310,512,1,DLMT,1,1,False,1,256,True,32,16,1,True,0.09033029159356955,1,512,1024,64,False,True,True,16,False,64,True,1,False,4,8,1024,True,16,1,1,8,1,16,1,2.9675310427687082e-05,35,0.09034995412071616,12,0.09034012285714285,4,1,32,True,256,1,4,1,True,1,1,1,8
311,512,128,DLMT,1,1,False,1,256,False,64,32,1,False,0.09060687836525293,16,64,1024,1,False,False,True,16,False,1,True,1,True,16,16,128,True,16,1,1,8,1,16,1,4.121989771150578e-05,35,0.09063419020617562,4,0.09062053428571427,4,1,32,True,64,1,16,2048,True,1,1,1,8
312,512,1024,DLMT,1,1,False,1,256,False,256,512,1,False,0.08979549130695501,1,1,1,1024,False,False,True,16,False,32,True,1,True,12,12,128,True,16,1,1,8,1,16,1,5.31770700929768e-05,35,0.08983072583590214,16,0.08981310857142857,4,1,32,True,1024,1,4,1024,True,1,8,1,8
313,512,512,DLMT,1,1,False,1,256,True,512,512,1,False,0.08776202529688126,128,16,1,1024,False,True,True,1,False,256,True,1,False,8,16,1,True,1,8,1,8,1,16,1,2.8167836629890715e-05,35,0.08778068898883307,8,0.08777135714285716,4,1,1,True,128,256,1,512,True,1,8,1,8
314,512,2048,DLMT,1,1,False,1,256,True,64,1,1,False,0.09041564508468453,512,64,1024,1024,False,True,True,64,False,32,True,1,False,16,4,1,True,16,1,1,8,1,16,1,3.654255735384724e-05,35,0.09043985777245833,1,0.09042775142857143,4,1,1,True,1024,1,12,512,True,1,1,1,8
315,512,1024,DLMT,1,1,False,1,256,True,256,256,1,False,0.0920713628239527,32,512,1,2048,False,False,True,128,False,1,False,1,False,1,16,64,True,1,16,1,8,1,16,1,4.3957553180683124e-05,35,0.09210048860461872,16,0.09208592571428571,4,1,8,True,1,1,4,1024,True,1,32,1,8
316,512,512,DLMT,1,1,False,1,256,False,32,256,1,True,0.08977168632697828,16,512,2048,256,False,True,True,256,False,512,False,1,True,16,8,1,True,1,16,1,8,1,16,1,3.423615108063805e-05,35,0.08979437081587886,16,0.08978302857142857,4,1,32,True,512,2048,16,2048,True,1,1,1,8
317,512,256,DLMT,1,1,False,1,256,True,16,16,1,False,0.08637892423194156,128,128,2048,2048,False,False,True,1,False,512,False,1,True,8,1,1,True,1,4,1,8,1,16,1,2.72310153302879e-05,35,0.08639696719662986,1,0.08638794571428571,4,1,8,True,1,1,12,1,True,1,1,1,8
318,512,64,DLMT,1,1,False,1,256,False,128,1,1,True,0.08661739879793776,64,64,1,128,False,True,True,256,False,256,True,1,True,1,16,64,True,1,8,1,8,1,16,1,7.41974616431433e-05,35,0.08666656120206229,1,0.08664198000000002,4,1,32,True,2048,2048,16,1,True,1,8,1,8
319,512,64,DLMT,1,1,False,1,256,True,256,256,1,False,0.09018005551503348,512,64,512,1,False,True,True,512,False,1,False,1,False,12,16,2048,True,12,1,1,8,1,16,1,2.1875837756552142e-05,35,0.09019455019925222,8,0.09018730285714285,4,1,1,True,1,1,4,2048,True,1,1,1,8
320,512,64,DLMT,1,1,False,1,256,True,512,1,1,True,0.09121001187114461,64,16,1024,1024,False,True,True,128,False,16,True,1,True,1,1,64,True,16,1,1,8,1,16,1,3.682391902344056e-05,35,0.09123441098599824,4,0.09122221142857143,4,1,32,True,1,2048,1,1024,True,1,32,1,8
321,512,128,DLMT,1,1,False,1,256,True,512,16,1,False,0.09161790751069875,128,32,2048,2048,False,False,True,16,False,64,False,1,True,16,16,128,True,1,1,1,8,1,16,1,2.6168968380936248e-05,35,0.09163524677501554,12,0.09162657714285714,4,1,1,True,256,512,4,1,True,1,32,1,8
322,512,64,DLMT,1,1,False,1,256,True,16,512,1,True,0.08802996312299818,512,16,1024,1,False,True,True,16,False,128,True,1,True,12,1,1024,True,1,16,1,8,1,16,1,2.94076563680481e-05,35,0.08804944830557324,16,0.08803970571428571,4,1,1,True,2048,1,1,512,True,1,8,1,8
323,512,512,DLMT,1,1,False,1,256,True,16,1,1,True,0.09060958942003852,1,256,1,256,False,True,True,256,False,64,True,1,True,16,1,2048,True,1,16,1,8,1,16,1,3.205352105845586e-05,35,0.09063082772281861,4,0.09062020857142856,4,1,1,True,1,2048,4,1024,True,1,1,1,8
324,512,1024,DLMT,1,1,False,1,256,True,256,16,1,True,0.08604138459444599,512,512,512,1,False,False,True,16,False,512,False,1,True,8,1,1,True,1,12,1,8,1,16,1,9.219588020367483e-05,35,0.08610247254841116,1,0.08607192857142858,4,1,32,True,64,256,1,128,True,1,1,1,8
325,512,1024,DLMT,1,1,False,1,256,False,1,32,1,False,0.09186725109889927,32,16,1,512,False,True,True,1,False,1,False,1,True,12,16,2048,True,1,12,1,8,1,16,1,0.00011820402645167345,35,0.09194557175824357,1,0.09190641142857142,4,1,8,True,2048,1024,12,1,True,1,32,1,8
326,512,64,DLMT,1,1,False,1,256,True,512,512,1,False,0.0914469184906326,32,32,512,1,False,True,True,1,False,32,True,1,False,16,8,64,True,1,12,1,8,1,16,1,3.228486724552528e-05,35,0.09146831008079595,16,0.09145761428571428,4,1,32,True,2048,1024,16,2048,True,1,32,1,8
327,512,512,DLMT,1,1,False,1,256,True,16,64,1,True,0.08957294545931363,1,1,1024,1,False,False,True,512,False,1,False,1,True,4,4,256,True,1,12,1,8,1,16,1,3.161701892516584e-05,35,0.08959389454068636,16,0.08958342,4,1,32,True,512,1024,16,64,True,1,8,1,8
328,512,1024,DLMT,1,1,False,1,256,True,32,32,1,False,0.0914281312180156,1,256,2048,1024,False,False,True,32,False,512,False,1,False,16,16,2048,True,1,12,1,8,1,16,1,2.5735193087779533e-05,35,0.09144518306769867,16,0.09143665714285713,4,1,1,True,1024,256,16,2048,True,1,32,1,8
329,512,1024,DLMT,1,1,False,1,256,True,256,1,1,False,0.0864589344193773,512,32,1,1,False,False,True,64,False,512,True,1,True,12,4,512,True,1,12,1,8,1,16,1,2.5570294627690576e-05,35,0.08647587700919412,4,0.08646740571428571,4,1,8,True,64,1,12,64,True,1,1,1,8
330,512,1,DLMT,1,1,False,1,256,True,128,16,1,False,0.08602153959557624,16,512,1,2048,False,True,True,128,False,128,False,1,True,12,12,64,True,1,12,1,8,1,16,1,3.9137756289124454e-05,35,0.08604747183299519,16,0.08603450571428571,4,1,1,True,1024,1,8,1,True,1,1,1,8
331,512,512,DLMT,1,1,False,1,256,False,64,256,1,True,0.0863314797254721,512,128,2048,2048,False,True,True,512,False,512,False,1,True,12,12,1024,True,1,12,1,8,1,16,1,3.0858149983564354e-05,35,0.08635192598881362,16,0.08634170285714286,4,1,32,True,1,256,8,1,True,1,8,1,8
332,512,256,DLMT,1,1,False,1,256,True,32,512,1,True,0.08835976058819565,1,32,2048,64,False,False,True,1,False,16,False,1,True,4,8,1024,True,1,12,1,8,1,16,1,3.164897058002842e-05,35,0.08838073084037577,12,0.08837024571428571,4,1,1,True,1024,1,16,1,True,1,1,1,8
333,512,1024,DLMT,1,1,False,1,256,False,512,16,1,True,0.08666124763622918,32,256,1024,1,False,False,True,1,False,512,False,1,False,16,12,256,True,1,12,1,8,1,16,1,3.4870388584012776e-05,35,0.08668435236377081,1,0.0866728,4,1,32,True,2048,512,4,1,True,1,8,1,8
334,512,1024,DLMT,1,1,False,1,256,False,256,16,1,True,0.09178635528935954,128,16,1,2048,False,False,True,16,False,16,False,1,False,12,4,1024,True,1,12,1,8,1,16,1,0.00012085624977718,35,0.09186643328206902,12,0.09182639428571428,4,1,1,True,1,2048,1,1,True,1,32,1,8
335,512,1,DLMT,1,1,False,1,256,True,1,256,1,False,0.08623263880974495,1,256,512,1,False,True,True,16,False,64,True,1,False,16,1,2048,True,1,12,1,8,1,16,1,4.2676042698547364e-05,35,0.08626091547596935,8,0.08624677714285715,4,1,32,True,1,512,8,256,True,1,1,1,8
336,512,1,DLMT,1,1,False,1,256,True,1,32,1,True,0.0913531846889214,128,256,512,2048,False,False,True,256,False,16,True,1,True,12,12,1,True,1,12,1,8,1,16,1,3.424971967708883e-05,35,0.09137587816822149,1,0.09136453142857144,4,1,32,True,2048,1024,1,1,True,1,32,1,8
337,512,256,DLMT,1,1,False,1,256,False,128,256,1,False,0.0866761115351612,1,256,1,1,False,False,True,128,False,32,False,1,True,1,16,64,True,1,12,1,8,1,16,1,2.800239552434828e-05,35,0.08669466560769595,1,0.08668538857142857,4,1,32,True,1,1024,1,512,True,1,8,1,8
338,512,512,DLMT,1,1,False,1,256,False,16,128,1,False,0.08798176229420003,1,1,512,512,False,False,True,16,False,512,True,1,False,1,1,1,True,1,12,1,8,1,16,1,3.9017496232392535e-05,35,0.08800761484865709,16,0.08799468857142856,4,1,1,True,2048,2048,8,1,True,1,8,1,8
339,512,2048,DLMT,1,1,False,1,256,False,1,256,1,True,0.08706458763206129,256,32,1024,2048,False,True,True,64,False,128,True,1,False,16,16,1,True,1,12,1,8,1,16,1,4.6228448172182165e-05,35,0.08709521808222442,16,0.08707990285714286,4,1,1,True,1,1024,16,2048,True,1,8,1,8
340,512,64,DLMT,1,1,False,1,256,False,32,512,1,True,0.09159103928106378,256,1,2048,2048,False,False,True,16,False,512,True,1,False,1,16,512,True,1,12,1,8,1,16,1,4.5460230657449793e-05,35,0.09162116071893621,4,0.0916061,4,1,32,True,128,1,4,2048,True,1,32,1,8
341,512,1024,DLMT,1,1,False,1,256,True,1,64,1,True,0.09155419820202686,256,512,512,512,False,True,True,1,False,1,False,1,False,1,4,2048,True,1,12,1,8,1,16,1,8.04690403135255e-05,35,0.09160751608368746,12,0.09158085714285716,4,1,32,True,256,1,1,1,True,1,32,1,8
342,512,128,DLMT,1,1,False,1,256,True,128,1,1,False,0.08713760171649133,1,1,2048,2048,False,True,True,256,False,16,False,1,True,1,8,2048,True,1,12,1,8,1,16,1,2.9170424776349522e-05,35,0.08715692971208013,4,0.08714726571428573,4,1,1,True,1,1024,4,1024,True,1,8,1,8
343,512,256,DLMT,1,1,False,1,256,True,16,64,1,False,0.09341635549327862,512,64,1,1,False,False,True,64,False,256,False,1,False,12,1,1,True,1,12,1,8,1,16,1,3.694234846628078e-05,35,0.09344083307814996,4,0.09342859428571429,4,1,1,True,2048,512,1,1024,True,1,32,1,8
344,512,512,DLMT,1,1,False,1,256,False,32,512,1,True,0.09241531206353103,512,256,1,2048,False,False,True,32,False,16,True,1,True,8,4,2048,True,1,12,1,8,1,16,1,2.7466101407563964e-05,35,0.09243351079361183,4,0.09242441142857143,4,1,8,True,1,1,16,2048,True,1,32,1,8
345,512,2048,DLMT,1,1,False,1,256,True,16,64,1,False,0.09461129277597778,1,32,1,1024,False,False,True,128,False,1,True,1,False,4,16,1024,True,1,12,1,8,1,16,1,2.7964153438839727e-05,35,0.09462982150973652,16,0.09462055714285715,4,1,32,True,1024,1,1,1,True,1,32,1,8
346,512,2048,DLMT,1,1,False,1,256,False,32,16,1,False,0.08710727807078972,512,512,512,128,False,False,True,16,False,32,True,1,True,8,12,2048,True,1,12,1,8,1,16,1,4.7637177558231306e-05,35,0.08713884192921029,16,0.08712306,4,1,8,True,512,2048,8,1024,True,1,1,1,8
347,512,2048,DLMT,1,1,False,1,256,False,512,16,1,False,0.0859107784747662,16,512,512,1024,False,True,True,512,False,32,True,1,False,1,8,1,True,1,12,1,8,1,16,1,2.9085343809035793e-05,35,0.08593005009666237,16,0.08592041428571429,4,1,8,True,1,1,16,1,True,1,1,1,8
348,512,512,DLMT,1,1,False,1,256,True,1,16,1,True,0.08632496116074002,1,1,1024,2048,False,True,True,1,False,128,False,1,True,16,4,1,True,1,12,1,8,1,16,1,2.955156627638834e-05,35,0.08634454169640284,1,0.08633475142857143,4,1,32,True,256,1,1,2048,True,1,8,1,8
349,512,2048,DLMT,1,1,False,1,256,False,512,16,1,True,0.08596874506294529,1,128,2048,2048,False,True,True,1,False,1,True,1,True,16,12,1024,True,1,12,1,8,1,16,1,2.4235916002696956e-05,35,0.08598480350848327,4,0.08597677428571428,4,1,1,True,2048,512,16,2048,True,1,1,1,8
350,512,1,DLMT,1,1,False,1,256,False,1,1,1,False,0.09157919850253507,64,256,1024,512,False,False,True,256,False,32,False,1,False,16,8,1024,True,1,12,1,8,1,16,1,8.199461336214874e-05,35,0.09163352721175064,12,0.09160636285714285,4,1,32,True,512,1,16,64,True,1,32,1,8
351,512,64,DLMT,1,1,False,1,256,False,1,1,1,True,0.0920174487985217,64,16,512,1,False,True,True,128,False,16,True,1,True,1,8,1,True,1,12,1,8,1,16,1,0.00014255703437213903,35,0.09211190548719259,16,0.09206467714285714,4,1,1,True,1024,1,12,128,True,1,32,1,8
352,512,1024,DLMT,1,1,False,1,256,True,256,128,1,False,0.08685464323280889,512,64,1024,2048,False,True,True,1,False,1,False,1,False,1,8,1,True,1,12,1,8,1,16,1,3.2908742588794835e-05,35,0.08687644819576251,8,0.0868655457142857,4,1,32,True,1024,256,16,1,True,1,1,1,8
353,512,64,DLMT,1,1,False,1,256,False,128,32,1,False,0.09210521788762105,128,1,2048,1024,False,True,True,1,False,512,True,1,True,12,4,2048,True,1,12,1,8,1,16,1,8.919766099248712e-05,35,0.0921643192552361,16,0.09213476857142858,4,1,8,True,128,1,1,1,True,1,32,1,8
354,512,1024,DLMT,1,1,False,1,256,True,32,16,1,False,0.08401653702588592,32,512,1,1024,False,False,True,1,False,256,True,1,False,4,12,1,True,1,12,1,8,1,16,1,2.8201426509006786e-05,35,0.08403522297411407,1,0.08402588,4,1,32,True,1,512,16,1,True,1,8,1,8
355,512,512,DLMT,1,1,False,1,256,False,256,1,1,True,0.0874335668788175,64,16,1,1,False,False,True,256,False,512,True,1,False,1,1,1024,True,1,12,1,8,1,16,1,3.240615890064611e-05,35,0.08745503883546825,8,0.08744430285714287,4,1,8,True,2048,1024,16,1024,True,1,1,1,8
356,512,2048,DLMT,1,1,False,1,256,False,64,256,1,False,0.09283149393926145,64,32,512,256,False,False,True,128,False,16,True,1,True,16,1,1,True,1,12,1,8,1,16,1,3.680042812528175e-05,35,0.09285587748931,1,0.09284368571428572,4,1,8,True,2048,1024,1,2048,True,1,32,1,8
357,512,64,DLMT,1,1,False,1,256,False,32,64,1,False,0.0876480948771819,16,1,512,64,False,False,True,128,False,16,False,1,False,16,16,128,True,1,12,1,8,1,16,1,3.300295719588573e-05,35,0.08766996226567524,4,0.08765902857142857,4,1,8,True,1,1,4,256,True,1,1,1,8
358,512,1024,DLMT,1,1,False,1,256,False,64,128,1,True,0.08671144900034466,64,64,2048,1024,False,True,True,512,False,32,True,1,False,16,16,2048,True,1,12,1,8,1,16,1,3.045931431551783e-05,35,0.08673163099965533,1,0.08672154,4,1,1,True,1024,1,12,1,True,1,8,1,8
359,512,64,DLMT,1,1,False,1,256,False,512,512,1,True,0.08668966341109853,128,64,1,2048,False,True,True,16,False,256,False,1,False,4,1,128,True,1,12,1,8,1,16,1,3.43225701906161e-05,35,0.08671240516033006,16,0.0867010342857143,4,1,32,True,2048,2048,8,1,True,1,1,1,8
360,512,1024,DLMT,1,1,False,1,256,False,256,512,1,True,0.08589535732734911,1,256,512,1024,False,True,True,64,False,512,True,1,False,1,4,256,True,1,12,1,8,1,16,1,2.4517991061959966e-05,35,0.0859116026726509,1,0.08590348,4,1,8,True,1,1024,16,1024,True,1,1,1,8
